"doi:10.6085/AA/WRK001_024MXTI014R00_20041004.50.4","doi:10.6085/AA/WRK001_024MXTI014R00_20041004.40.2"
"doi:10.6085/AA/SMSXXX_015MTBD009R00_20030904.50.2","doi:10.6085/AA/SMSXXX_015MTBD009R00_20030904.40.1"
"https://pasta.lternet.edu/package/metadata/eml/knb-lter-fce/1094/7","https://pasta.lternet.edu/package/report/eml/knb-lter-fce/1094/7"
"https://pasta.lternet.edu/package/metadata/eml/knb-lter-fce/1094/7","https://pasta.lternet.edu/package/data/eml/knb-lter-fce/1094/7/46366b5e5cce74e5a1a315739cec95af"
"doi:10.6085/AA/BEAXXX_015MTBD014R00_20060617.50.2","doi:10.6085/AA/BEAXXX_015MTBD014R00_20060617.40.2"
"doi:10.6085/AA/BIG001_026MHP2015R00_20090315.50.1","doi:10.6085/AA/BIG001_026MHP2015R00_20090315.40.1"
"https://pasta.lternet.edu/package/metadata/eml/ecotrends/12174/2","https://pasta.lternet.edu/package/report/eml/ecotrends/12174/2"
"https://pasta.lternet.edu/package/metadata/eml/ecotrends/12174/2","https://pasta.lternet.edu/package/data/eml/ecotrends/12174/2/8ad352640070fb1702448c7f23058003"
"doi:10.6085/AA/SMGXXX_015MTBD003R00_20030912.50.5","doi:10.6085/AA/SMGXXX_015MTBD003R00_20030912.40.2"
"doi:10.5063/F1JW8BSV","couture.10.2"
"https://pasta.lternet.edu/package/metadata/eml/lter-landsat/3065/1","https://pasta.lternet.edu/package/data/eml/lter-landsat/3065/1/65ebae3d9a58fb37bdbb545a76ad034d"
"https://pasta.lternet.edu/package/metadata/eml/lter-landsat/3065/1","https://pasta.lternet.edu/package/data/eml/lter-landsat/3065/1/5ec868061fceb612137c1cc4eed40c0b"
"https://pasta.lternet.edu/package/metadata/eml/lter-landsat/3065/1","https://pasta.lternet.edu/package/data/eml/lter-landsat/3065/1/dc78964d42ba1d38fc9a9ad8c14c5c91"
"https://pasta.lternet.edu/package/metadata/eml/lter-landsat/3065/1","https://pasta.lternet.edu/package/data/eml/lter-landsat/3065/1/a664816da9e955b61fa19a9a9524122f"
"https://pasta.lternet.edu/package/metadata/eml/lter-landsat/3065/1","https://pasta.lternet.edu/package/data/eml/lter-landsat/3065/1/3f281ef1d3f8543771e92b5ef4469a10"
"https://pasta.lternet.edu/package/metadata/eml/lter-landsat/3065/1","https://pasta.lternet.edu/package/data/eml/lter-landsat/3065/1/3f2e6d312fd06fd18a84b16a080817b9"
"https://pasta.lternet.edu/package/metadata/eml/lter-landsat/3065/1","https://pasta.lternet.edu/package/data/eml/lter-landsat/3065/1/e58f30ec80ed8dd041e86ada81ad5853"
"https://pasta.lternet.edu/package/metadata/eml/lter-landsat/3065/1","https://pasta.lternet.edu/package/data/eml/lter-landsat/3065/1/c29f033e1e81df95d2a3c61fcf433ed4"
"https://pasta.lternet.edu/package/metadata/eml/lter-landsat/3065/1","https://pasta.lternet.edu/package/data/eml/lter-landsat/3065/1/c50e835215e65d93e095ab17b5286eec"
"https://pasta.lternet.edu/package/metadata/eml/lter-landsat/3065/1","https://pasta.lternet.edu/package/data/eml/lter-landsat/3065/1/477f8eb5faa1db3dbca1590a85b7743e"
"https://pasta.lternet.edu/package/metadata/eml/lter-landsat/3065/1","https://pasta.lternet.edu/package/data/eml/lter-landsat/3065/1/642fb7bccee210d1ba2919c466ef4b66"
"https://pasta.lternet.edu/package/metadata/eml/lter-landsat/3065/1","https://pasta.lternet.edu/package/data/eml/lter-landsat/3065/1/ec798a8121c5ca14dbc0679cb33767dc"
"https://pasta.lternet.edu/package/metadata/eml/lter-landsat/3065/1","https://pasta.lternet.edu/package/data/eml/lter-landsat/3065/1/6a95cfc053870f72d1bcf4b22c773641"
"https://pasta.lternet.edu/package/metadata/eml/lter-landsat/3065/1","https://pasta.lternet.edu/package/report/eml/lter-landsat/3065/1"
"https://pasta.lternet.edu/package/metadata/eml/lter-landsat/3065/1","https://pasta.lternet.edu/package/data/eml/lter-landsat/3065/1/839ca7269f0ebb6c758e0b5e7ce1d28e"
"https://pasta.lternet.edu/package/metadata/eml/ecotrends/37/2","https://pasta.lternet.edu/package/report/eml/ecotrends/37/2"
"https://pasta.lternet.edu/package/metadata/eml/ecotrends/37/2","https://pasta.lternet.edu/package/data/eml/ecotrends/37/2/52018660bd23082e599a45e951eeb62c"
"https://pasta.lternet.edu/package/metadata/eml/lter-landsat/5755/1","https://pasta.lternet.edu/package/data/eml/lter-landsat/5755/1/e9b568a061d50692a3b0b86d59d89fff"
"https://pasta.lternet.edu/package/metadata/eml/lter-landsat/5755/1","https://pasta.lternet.edu/package/data/eml/lter-landsat/5755/1/2f51fdbc7164288e9d74a5a1b98c0d29"
"https://pasta.lternet.edu/package/metadata/eml/lter-landsat/5755/1","https://pasta.lternet.edu/package/data/eml/lter-landsat/5755/1/8830e3c665f5d2d2a41e8f605c2f8abc"
"https://pasta.lternet.edu/package/metadata/eml/lter-landsat/5755/1","https://pasta.lternet.edu/package/data/eml/lter-landsat/5755/1/efb7694bf86542175baa32907da4d171"
"https://pasta.lternet.edu/package/metadata/eml/lter-landsat/5755/1","https://pasta.lternet.edu/package/data/eml/lter-landsat/5755/1/5ec868061fceb612137c1cc4eed40c0b"
"https://pasta.lternet.edu/package/metadata/eml/lter-landsat/5755/1","https://pasta.lternet.edu/package/data/eml/lter-landsat/5755/1/00589bd232f28984e46a726f52b58a7b"
"https://pasta.lternet.edu/package/metadata/eml/lter-landsat/5755/1","https://pasta.lternet.edu/package/data/eml/lter-landsat/5755/1/2c1161e5a7026bc74b1b58a62504e4f9"
"https://pasta.lternet.edu/package/metadata/eml/lter-landsat/5755/1","https://pasta.lternet.edu/package/data/eml/lter-landsat/5755/1/aefc2dc99eeb4be9068754212367a1ab"
"https://pasta.lternet.edu/package/metadata/eml/lter-landsat/5755/1","https://pasta.lternet.edu/package/data/eml/lter-landsat/5755/1/d8ceb557a44f2565b34bb1a358eeac4e"
"https://pasta.lternet.edu/package/metadata/eml/lter-landsat/5755/1","https://pasta.lternet.edu/package/data/eml/lter-landsat/5755/1/2ca707af25e7dbe65d5533c0c177ffcc"
"https://pasta.lternet.edu/package/metadata/eml/lter-landsat/5755/1","https://pasta.lternet.edu/package/data/eml/lter-landsat/5755/1/1569dfaa6370ca264a05812043535226"
"https://pasta.lternet.edu/package/metadata/eml/lter-landsat/5755/1","https://pasta.lternet.edu/package/data/eml/lter-landsat/5755/1/01ce9110941aff2499ff0c7d22bdfc68"
"https://pasta.lternet.edu/package/metadata/eml/lter-landsat/5755/1","https://pasta.lternet.edu/package/data/eml/lter-landsat/5755/1/32706ca85cfa6af02fe68acc8146a9d1"
"https://pasta.lternet.edu/package/metadata/eml/lter-landsat/5755/1","https://pasta.lternet.edu/package/report/eml/lter-landsat/5755/1"
"doi:10.6085/AA/TPT003_019MXTI010R00_20020906.50.2","doi:10.6085/AA/TPT003_019MXTI010R00_20020906.40.1"
"doi:10.5063/AA/bowdish.279.1","doi:10.5063/AA/bowdish.278.1"
"doi:10.5063/AA/stoms.10.5","doi:10.5063/AA/stoms.13.1"
"doi:10.5063/AA/nceas.908.13","doi:10.5063/AA/mbauer.70.1"
"doi:10.5063/AA/nceas.908.13","doi:10.5063/AA/mbauer.1004.1"
"doi:10.5063/AA/nceas.908.13","doi:10.5063/AA/mbauer.36.1"
"doi:10.5063/AA/nceas.908.13","doi:10.5063/AA/mbauer.973.1"
"doi:10.5063/AA/nceas.908.13","doi:10.5063/AA/mbauer.71.1"
"doi:10.5063/AA/nceas.908.13","doi:10.5063/AA/mbauer.34.1"
"doi:10.5063/AA/nceas.908.13","doi:10.5063/AA/mbauer.72.1"
"doi:10.5063/AA/nceas.908.13","doi:10.5063/AA/mbauer.69.1"
"doi:10.5063/AA/nceas.908.13","doi:10.5063/AA/mbauer.33.1"
"doi:10.5063/AA/nceas.908.13","doi:10.5063/AA/mbauer.35.1"
"doi:10.5063/AA/nceas.908.13","doi:10.5063/AA/mbauer.988.1"
"doi:10.5063/AA/mbauer.1007.5","doi:10.5063/AA/mbauer.961.1"
"doi:10.5063/AA/mbauer.1007.5","doi:10.5063/AA/mbauer.995.1"
"doi:10.5063/AA/mbauer.1007.5","doi:10.5063/AA/mbauer.962.1"
"doi:10.5063/AA/mbauer.1007.5","doi:10.5063/AA/mbauer.963.1"
"doi:10.5063/AA/bowdish.53.5","doi:10.5063/AA/bowdish.82.1"
"Blandy.95.3","Blandy.99.1"
"Blandy.95.3","Blandy.98.1"
"Blandy.95.3","Blandy.100.1"
"doi:10.5063/AA/knb.245.9","doi:10.5063/AA/reeves.73.1"
"doi:10.5063/AA/knb.245.9","doi:10.5063/AA/reeves.74.1"
"doi:10.5063/AA/knb.245.9","doi:10.5063/AA/knb.243.1"
"doi:10.5063/AA/knb.245.9","doi:10.5063/AA/melian.6.1"
"doi:10.5063/AA/knb.245.9","doi:10.5063/AA/melian.5.1"
"doi:10.5063/AA/knb.245.9","doi:10.5063/AA/knb.244.1"
"doi:10.5063/AA/knb.245.9","doi:10.5063/AA/melian.7.1"
"doi:10.6085/AA/CA065X_065MTBD015R00_20060606.50.5","doi:10.6085/AA/CA065X_065MTBD015R00_20060606.40.2"
"doi:10.5063/AA/tao.1.1","doi:10.5063/AA/tao.2.1"
"doi:10.6085/AA/YH15XX_015MXTI013R00_19990813.50.1","doi:10.6085/AA/YH15XX_015MXTI013R00_19990813.40.1"
"doi:10.6085/AA/CBLX00_XXXIBTNXMBR11_20100520.50.2","doi:10.6085/AA/CBLX00_XXXIBTNXMBR11_20100520.40.1"
"knb-csun-usvi.10700.1","knb-csun-usvi.10701.1"
"knb-csun-usvi.10700.1","knb-csun-usvi.10704.1"
"knb-csun-usvi.10700.1","knb-csun-usvi.10702.1"
"knb-csun-usvi.10700.1","knb-csun-usvi.10706.1"
"knb-csun-usvi.10700.1","knb-csun-usvi.10703.1"
"knb-csun-usvi.10700.1","knb-csun-usvi.10707.1"
"knb-csun-usvi.10700.1","knb-csun-usvi.10705.1"
"doi:10.6085/AA/TMBX00_XXXITBDXMSR01_20011015.50.1","doi:10.6085/AA/TMBX00_XXXITBDXMSR01_20011015.40.1"
"doi:10.6085/AA/SWC001_022MTBD000R00_20080429.50.1","doi:10.6085/AA/SWC001_022MTBD000R00_20080429.40.1"
"doi:10.6085/AA/LOP001_026MTBD004R00_20061118.50.4","doi:10.6085/AA/LOP001_026MTBD004R00_20061118.40.2"
"doi:10.6085/AA/TMBX00_XXXITBDXLSR01_20040321.50.4","doi:10.6085/AA/TMBX00_XXXITBDXLSR01_20040321.40.2"
"doi:10.6085/AA/TMBX00_XXXITBDXMSR02_20000122.50.3","doi:10.6085/AA/TMBX00_XXXITBDXMSR02_20000122.40.2"
"doi:10.6085/AA/TPT001_018ADCP018R00_20040716.50.4","doi:10.6085/AA/TPT001_018ADCP018R00_20040716.40.1"
"doi:10.6085/AA/ANSXXX_015MTBD014R00_20070911.50.5","doi:10.6085/AA/ANSXXX_015MTBD014R00_20070911.40.2"
"doi:10.6085/AA/SWC001_022MXTI021R00_20060705.50.5","doi:10.6085/AA/SWC001_022MXTI021R00_20060705.40.2"
"doi:10.6085/AA/VALXXX_015MTBD003R00_20051114.50.6","doi:10.6085/AA/VALXXX_015MTBD003R00_20051114.40.2"
"doi:10.6085/AA/BIG001_026MTBD004R00_20051206.50.9","doi:10.6085/AA/BIG001_026MTBD004R00_20051206.40.2"
"doi:10.6085/AA/IPIEXX_XXXITBDXLZR01_20010208.50.6","doi:10.6085/AA/IPIEXX_XXXITBDXLZR01_20010208.40.3"
"doi:10.6085/AA/ARGXXX_015MTBD003R00_20040505.50.5","doi:10.6085/AA/ARGXXX_015MTBD003R00_20040505.40.2"
"doi:10.6085/AA/POHX00_XXXIBTNXMBR12_20080615.50.1","doi:10.6085/AA/POHX00_XXXIBTNXMBR12_20080615.40.1"
"doi:10.6085/AA/CARX00_XXXITV2XLSR03_20140403.50.2","doi:10.6085/AA/CARX00_XXXITV2XLSR03_20140403.40.2"
"doi:10.6085/AA/LB15XX_015MTV2014R00_20130418.50.1","doi:10.6085/AA/LB15XX_015MTV2014R00_20130418.40.1"
"doi:10.6085/AA/SRKX00_XXXITV2XHSR01_20130502.50.2","doi:10.6085/AA/SRKX00_XXXITV2XHSR01_20130502.40.2"
"doi:10.6085/AA/LB30XX_030MTV2001R00_20120712.50.2","doi:10.6085/AA/LB30XX_030MTV2001R00_20120712.40.2"
"doi:10.6085/AA/LBN15X_015MTV2014R00_20120819.50.1","doi:10.6085/AA/LBN15X_015MTV2014R00_20120819.40.1"
"doi:10.6085/AA/CBLS00_XXXITBPXLCR01_20120509.50.2","doi:10.6085/AA/CBLS00_XXXITBPXLCR01_20120509.40.2"
"doi:10.6085/AA/CBLX00_XXXITBPXLSR01_20120803.50.2","doi:10.6085/AA/CBLX00_XXXITBPXLSR01_20120803.40.2"
"doi:10.6085/AA/LB30XX_030MTV2009R00_20120712.50.2","doi:10.6085/AA/LB30XX_030MTV2009R00_20120712.40.2"
"doi:10.6085/AA/PELXXX_015MTBD014R00_20041008.50.3","doi:10.6085/AA/PELXXX_015MTBD014R00_20041008.40.2"
"doi:10.6085/AA/PELXXX_015MTBD014R00_20000803.50.5","doi:10.6085/AA/PELXXX_015MTBD014R00_20000803.40.2"
"doi:10.6085/AA/ANSXXX_015MTBD009R00_20040928.50.3","doi:10.6085/AA/ANSXXX_015MTBD009R00_20040928.40.2"
"doi:10.6085/AA/LOP001_026MTBD025R00_20050904.50.7","doi:10.6085/AA/LOP001_026MTBD025R00_20050904.40.2"
"doi:10.6085/AA/BEAXXX_015MTBD014R00_20060420.50.5","doi:10.6085/AA/BEAXXX_015MTBD014R00_20060420.40.2"
"doi:10.6085/AA/BEAXXX_015MTBD014R00_20060503.50.1","doi:10.6085/AA/BEAXXX_015MTBD014R00_20060503.40.1"
"doi:10.6085/AA/BEAXXX_015MTBD014R00_20060617.50.6","doi:10.6085/AA/BEAXXX_015MTBD014R00_20060617.40.3"
"doi:10.6085/AA/BEAXXX_015MTBD014R00_20060617.50.4","doi:10.6085/AA/BEAXXX_015MTBD014R00_20060617.40.3"
"doi:10.6085/AA/BEAXXX_015MTBD014R00_20051014.50.1","doi:10.6085/AA/BEAXXX_015MTBD014R00_20051014.40.1"
"doi:10.6085/AA/BBYX00_XXXITBDXLSR01_20000927.50.5","doi:10.6085/AA/BBYX00_XXXITBDXLSR01_20000927.40.2"
"doi:10.6085/AA/BBYX00_XXXITV2XMMR03_20100417.50.1","doi:10.6085/AA/BBYX00_XXXITV2XMMR03_20100417.40.1"
"doi:10.6085/AA/BBYX00_XXXITV2XMMR03_20090721.50.2","doi:10.6085/AA/BBYX00_XXXITV2XMMR03_20090721.40.1"
"doi:10.6085/AA/BBYX00_XXXITV2XMMR03_20090526.50.2","doi:10.6085/AA/BBYX00_XXXITV2XMMR03_20090526.40.1"
"doi:10.6085/AA/BBYX00_XXXITBDXLSR01_20040422.50.5","doi:10.6085/AA/BBYX00_XXXITBDXLSR01_20040422.40.2"
"doi:10.6085/AA/BEAXXX_015MTBD014R00_20061031.50.3","doi:10.6085/AA/BEAXXX_015MTBD014R00_20061031.40.2"
"doi:10.5063/AA/kgordon.4.24","doi:10.5063/AA/kgordon.27.2"
"doi:10.5063/AA/kgordon.4.24","doi:10.5063/AA/kgordon.11.1"
"doi:10.5063/AA/6000141086_2.3.4","doi:10.5063/AA/6000141086_2.7.2"
"doi:10.5063/AA/6000141086_2.3.4","doi:10.5063/AA/6000141086_2.8.1"
"menger.187.1","menger.186.1"
"menger.268.3","menger.267.8"
"menger.271.3","menger.267.9"
"naman.423.2","naman.424.1"
"pezzini.92.3","naman.445.2"
"pezzini.92.3","pezzini.89.1"
"pezzini.92.3","pezzini.88.1"
"pezzini.92.3","pezzini.87.1"
"menger.74.1","menger.73.1"
"menger.74.1","menger.72.1"
"menger.182.1","menger.181.1"
"PPBioAmOc.59.3","PPBioAmOc.58.1"
"PPBioAmOc.23.5","PPBioAmOc.24.1"
"menger.321.3","menger.338.1"
"menger.48.2","menger.49.1"
"menger.48.2","menger.47.1"
"naman.464.2","naman.466.1"
"naman.464.2","naman.465.1"
"menger.35.3","menger.34.1"
"menger.302.4","naman.373.2"
"menger.115.2","menger.114.1"
"naman.402.2","naman.403.1"
"naman.402.2","naman.393.1"
"cf602e9a-8127-4550-ad4a-6dcbdde2ca85-20160620-sajddh-tray16_9-222-9-Pre-3-CR3000_2_RawData.xml","cf602e9a-8127-4550-ad4a-6dcbdde2ca85-20160620-sajddh-tray16_9-222-9-Pre-3-CR3000_2_RawData.dat"
"dc40a190-9003-4a6e-a5d6-fe29089ef05d-20160614-sajddh-tray6_7-222-6-Post-3-CR3000_2_RawData.xml","dc40a190-9003-4a6e-a5d6-fe29089ef05d-20160614-sajddh-tray6_7-222-6-Post-3-CR3000_2_RawData.dat"
"c181519b-4cec-48af-b070-07652417bab9-20160610-sajddh-tray9-121-9-Enr-1-Rla_summary_Calc_last.xml","c181519b-4cec-48af-b070-07652417bab9-20160610-sajddh-tray9-121-9-Enr-1-Rla_summary_Calc_last.csv"
"4c64b191-b3c7-4da8-8d3c-b1bc5fef32b1-PRISM-Precip-mm-LosAlamos.xml","4c64b191-b3c7-4da8-8d3c-b1bc5fef32b1-PRISM-Precip-mm-LosAlamos.xlsx"
"faf91fb7-474f-4840-9ea3-1cc97857639a-20160621-sajddh-tray4_6-222-4-Post-4-Rla_summary_Calc_last.xml","faf91fb7-474f-4840-9ea3-1cc97857639a-20160621-sajddh-tray4_6-222-4-Post-4-Rla_summary_Calc_last.csv"
"db79af55-7648-433a-acf7-87328df1dc26-TAG_Nanno_Lipid_Samples.xml","db79af55-7648-433a-acf7-87328df1dc26-TAG_Nanno_Lipid_Samples.xlsx"
"b2a98aa9-6a89-4381-bc4b-ade8ee4c2493-PRISM-AgT-max-celcius-Chaves.xml","b2a98aa9-6a89-4381-bc4b-ade8ee4c2493-PRISM-AgT-max-celcius-Chaves.xlsx"
"6bc84b48-cb91-429b-a8f8-4c6f03c84ad1-20160614-sajddh-tray6_7-222-7-Post-3-Rla_summary_Calc_last.xml","6bc84b48-cb91-429b-a8f8-4c6f03c84ad1-20160614-sajddh-tray6_7-222-7-Post-3-Rla_summary_Calc_last.csv"
"3974cbc7-c7d2-4e42-afdc-420c931f86d9-PRISM-T-min-celcius-Socorro.xml","3974cbc7-c7d2-4e42-afdc-420c931f86d9-PRISM-T-min-celcius-Socorro.xlsx"
"b53c0dae-4e7e-4386-8b5c-31aa4b70228f-20160607-sajddh-tray1-121-1-Enr-2-Rla_summary_Calc_last.xml","b53c0dae-4e7e-4386-8b5c-31aa4b70228f-20160607-sajddh-tray1-121-1-Enr-2-Rla_summary_Calc_last.csv"
"bc3df782-f246-4c9f-8243-efd826b34613-PRISM-T-min-celcius-Taos.xml","bc3df782-f246-4c9f-8243-efd826b34613-PRISM-T-min-celcius-Taos.xlsx"
"8a2823c1-1b85-4871-a582-779905739a87-Introduction.xml","8a2823c1-1b85-4871-a582-779905739a87-Introduction.docx"
"5fdd30a1-d0ab-4e8e-bd0c-8e7b6396e404-20160615-sajddh-tray12-121-12-Enr-1-CR3000_2_RawData.xml","5fdd30a1-d0ab-4e8e-bd0c-8e7b6396e404-20160615-sajddh-tray12-121-12-Enr-1-CR3000_2_RawData.dat"
"04b24318-377d-4774-a6cb-79231f528d02-Reservoirs.xml","04b24318-377d-4774-a6cb-79231f528d02-Reservoirs.xlsx"
"4b6156f3-4642-488f-a7c9-6434c9dac058-PRISM-Precip-mm-Harding.xml","4b6156f3-4642-488f-a7c9-6434c9dac058-PRISM-Precip-mm-Harding.xlsx"
"b3d97343-51c8-49ef-b9be-017332eba251-20160612-sajddh-tray1_2-222-2-Pre-3-CR3000_2_RawData.xml","b3d97343-51c8-49ef-b9be-017332eba251-20160612-sajddh-tray1_2-222-2-Pre-3-CR3000_2_RawData.dat"
"3d2a3bd7-4b65-45fc-a0e9-b8e929e8bd09-225_3_Nanno_Pos.xml","3d2a3bd7-4b65-45fc-a0e9-b8e929e8bd09-225_3_Nanno_Pos.xlsx"
"23546fb6-aa25-438a-b723-6cd316525a94-275_3_Nanno_neg.xml","23546fb6-aa25-438a-b723-6cd316525a94-275_3_Nanno_neg.xlsx"
"dcx_8ff58405-7be0-40f3-ba62-5e91978fba8a_2","iso19139_8ff58405-7be0-40f3-ba62-5e91978fba8a_2"
"dcx_2f944e3e-f083-4bbb-8e78-bfba11f5db82_2","iso19139_2f944e3e-f083-4bbb-8e78-bfba11f5db82_2"
"dcx_a2850363-45a1-496d-96a3-e2c8441e3467_2","iso19139_a2850363-45a1-496d-96a3-e2c8441e3467_2"
"frog.9.1","frog.8.2"
"hhwang.41.8","hhwang.49.1"
"chin.42.3","chin.45.1"
"thchen.116.6","thchen.120.1"
"thchen.116.6","thchen.123.1"
"thchen.116.6","thchen.122.1"
"thchen.116.6","thchen.117.1"
"thchen.116.6","thchen.126.2"
"dhwang.24.1","dhwang.23.1"
"cpwang.64.6","cpwang.66.2"
"cpwang.64.6","cpwang.67.4"
"cpwang.64.6","cpwang.65.2"
"thchen.127.16","thchen.138.1"
"thchen.127.16","thchen.139.1"
"thchen.127.16","thchen.142.1"
"chiann.13.8","chiann.15.1"
"chiann.13.8","chiann.12.1"
"chiann.13.8","chiann.14.1"
"doi:10.5063/F1G44N67","df35b.24.1"
"doi:10.5063/F1G44N67","df35b.23.1"
"jstocking.4.9","jstocking.10.1"
"jstocking.4.9","jstocking.9.1"
"df35f.22.16","df35f.21.1"
"df35f.22.16","df35f.45.1"
"df35f.22.16","df35f.19.1"
"df35f.37.10","df35f.34.2"
"df35f.37.10","df35f.44.2"
"df35f.37.10","df35f.43.2"
"df35f.37.10","df35f.38.2"
"df35f.37.10","df35f.42.2"
"df35f.37.10","df35f.41.2"
"df35f.37.10","df35f.36.2"
"df35f.37.10","df35f.33.2"
"df35f.37.10","df35f.40.2"
"doi:10.5063/F100001W","df35d.31.1"
"doi:10.5063/F100001W","df35d.71.1"
"doi:10.5063/F100001W","df35d.67.1"
"doi:10.5063/F100001W","df35d.40.1"
"doi:10.5063/F100001W","df35d.57.2"
"doi:10.5063/F100001W","df35d.24.2"
"doi:10.5063/F100001W","df35d.92.3"
"doi:10.5063/F100001W","df35d.58.2"
"doi:10.5063/F100001W","df35d.37.1"
"doi:10.5063/F100001W","df35d.38.1"
"doi:10.5063/F100001W","df35d.43.1"
"doi:10.5063/F100001W","df35d.41.1"
"doi:10.5063/F100001W","df35d.32.1"
"doi:10.5063/F100001W","df35d.33.1"
"doi:10.5063/F100001W","df35d.66.1"
"doi:10.5063/F100001W","df35d.52.1"
"doi:10.5063/F100001W","df35d.70.1"
"doi:10.5063/F100001W","df35d.227.1"
"doi:10.5063/F100001W","df35d.42.1"
"doi:10.5063/F100001W","df35d.59.2"
"doi:10.5063/F100001W","df35d.61.1"
"doi:10.5063/F100001W","df35d.34.1"
"doi:10.5063/F100001W","df35d.72.1"
"doi:10.5063/F100001W","df35d.68.1"
"doi:10.5063/F100001W","df35d.23.1"
"doi:10.5063/F100001W","df35d.73.2"
"doi:10.5063/F100001W","df35d.69.1"
"doi:10.5063/F100001W","df35d.36.1"
"doi:10.5063/F100001W","df35d.60.2"
"doi:10.5063/F100001W","df35d.65.1"
"doi:10.5063/F100001W","df35d.53.1"
"doi:10.5063/F100001W","df35d.55.2"
"doi:10.5063/F100001W","df35d.51.1"
"doi:10.5063/F100001W","df35d.63.1"
"doi:10.5063/F100001W","df35d.54.1"
"doi:10.5063/F100001W","df35d.49.1"
"doi:10.5063/F100001W","df35d.64.1"
"doi:10.5063/F100001W","df35d.46.1"
"doi:10.5063/F100001W","df35d.30.1"
"doi:10.5063/F100001W","df35d.56.1"
"doi:10.5063/F100001W","df35d.48.1"
"doi:10.5063/F100001W","df35d.47.1"
"df35b.273.7","df35b.281.1"
"df35b.273.7","df35b.250.3"
"df35b.273.7","df35b.249.2"
"df35b.273.7","df35b.276.1"
"doi:10.5063/F15H7D6G","df35d.94.5"
"df35b.298.15","df35b.296.15"
"df35b.298.15","df35b.300.6"
"doi:10.5063/F12R3PM4","df35d.389.1"
"doi:10.5063/F12R3PM4","df35d.390.2"
"doi:10.5063/F12R3PM4","df35d.394.1"
"doi:10.5063/F19884XS","df35d.9.1"
"doi:10.5063/F19884XS","df35d.11.1"
"doi:10.5063/F19884XS","df35d.12.3"
"doi:10.5063/F19884XS","df35d.13.1"
"df35j.26.3","df35j.27.1"
"df35j.26.3","df35j.28.3"
"df35j.63.19","df35j.76.1"
"df35j.63.19","df35j.79.1"
"df35j.63.19","df35j.78.1"
"df35j.67.11","df35j.68.2"
"df35j.67.11","df35j.84.1"
"df35j.67.11","df35j.71.1"
"df35j.67.11","df35j.85.1"
"df35j.67.11","df35j.72.1"
"df35j.67.11","df35j.82.1"
"df35j.67.11","df35j.73.1"
"df35j.67.11","df35j.70.1"
"df35j.67.11","df35j.83.2"
"df35j.67.11","df35j.69.1"
"df35j.67.11","df35j.74.1"
"df35j.67.3","df35j.66.3"
"df35b.55.17","df35b.56.4"
"df35b.55.17","df35b.61.4"
"df35b.55.17","df35b.57.1"
"df35b.298.9","df35b.296.11"
"df35b.298.9","df35b.300.4"
"df35j.75.5","df35j.55.2"
"df35j.75.5","df35j.54.6"
"df35j.75.5","df35j.64.1"
"df35j.75.5","df35j.60.2"
"df35j.75.5","df35j.57.1"
"df35j.75.5","df35j.61.1"
"df35f.3.17","df35f.10.4"
"df35f.3.17","df35f.4.6"
"df35f.3.17","df35f.5.5"
"df35f.3.17","df35f.9.4"
"df35f.3.17","df35f.11.4"
"df35f.3.17","df35f.7.4"
"df35f.3.17","df35f.8.4"
"doi:10.5063/F15Q4T14","df35b.85.3"
"doi:10.5063/F15Q4T14","df35b.82.2"
"doi:10.5063/F15Q4T14","df35b.78.3"
"df35b.44.13","df35b.50.2"
"df35b.44.13","df35b.51.2"
"df35l.13.12","df35l.3.1"
"df35l.13.12","df35l.4.3"
"df35l.13.12","df35l.25.1"
"df35l.13.12","df35l.24.1"
"doi:10.5063/F1V985ZZ","df35d.243.1"
"doi:10.5063/F1V985ZZ","df35d.238.3"
"doi:10.5063/F1V985ZZ","df35d.239.2"
"doi:10.5063/F1V985ZZ","df35d.242.2"
"doi:10.5063/F1V985ZZ","df35d.240.2"
"doi:10.5063/F1V985ZZ","df35d.244.1"
"df35d.210.6","df35d.211.1"
"df35d.195.12","df35d.194.1"
"df35d.195.12","df35d.213.1"
"df35d.195.12","df35d.193.9"
"df35d.195.12","df35d.212.1"
"cab9be16-b402-487b-bde1-7af0f712f2e6-20160608-sajddh-tray1_3-222-3-Pre-1-Rla_summary_Calc_last.xml","cab9be16-b402-487b-bde1-7af0f712f2e6-20160608-sajddh-tray1_3-222-3-Pre-1-Rla_summary_Calc_last.csv"
"29146ea2-3ed9-4c86-8f57-f6f4e01552be-PRISM-AgPrecip-mm-McKinley.xml","29146ea2-3ed9-4c86-8f57-f6f4e01552be-PRISM-AgPrecip-mm-McKinley.xlsx"
"533d377e-81a4-4e89-b3a1-fef53b7804e4-20160608-sajddh-tray1_3-121-1-Enr-2-CR3000_2_RawData.xml","533d377e-81a4-4e89-b3a1-fef53b7804e4-20160608-sajddh-tray1_3-121-1-Enr-2-CR3000_2_RawData.dat"
"b53c0dae-4e7e-4386-8b5c-31aa4b70228f-20160607-sajddh-tray1-121-1-Enr-2-Rla_summary_Calc_last.xml","b53c0dae-4e7e-4386-8b5c-31aa4b70228f-20160607-sajddh-tray1-121-1-Enr-2-Rla_summary_Calc_last.csv"
"21f1e651-e911-4a57-b123-5c024768dafc-PRISM-T-max-celcius-Torrance.xml","21f1e651-e911-4a57-b123-5c024768dafc-PRISM-T-max-celcius-Torrance.xlsx"
"fbf38c8f-5603-48f2-9859-87fd3523c760-20160607-sajddh-tray2-121-2-Enr-1-Rla_summary_Calc_last.xml","fbf38c8f-5603-48f2-9859-87fd3523c760-20160607-sajddh-tray2-121-2-Enr-1-Rla_summary_Calc_last.csv"
"58aeb95c-2d3a-47e7-95b7-e06b7e283abf-PRISM-AgT-mean-celcius-LosAlamos.xml","58aeb95c-2d3a-47e7-95b7-e06b7e283abf-PRISM-AgT-mean-celcius-LosAlamos.xlsx"
"dcx_05ca6e56-3044-4aa4-8f17-f89d9919e978_2","iso19139_05ca6e56-3044-4aa4-8f17-f89d9919e978_2"
"dcx_185381b7-146c-410d-8002-e089d7bf34de_2","iso19139_185381b7-146c-410d-8002-e089d7bf34de_2"
"dcx_66cc4ef7-7893-4a37-acf2-e8713e6737ba_2","iso19139_66cc4ef7-7893-4a37-acf2-e8713e6737ba_2"
"dcx_84638d89-19fc-4f22-8b49-350471e3e522_2","iso19139_84638d89-19fc-4f22-8b49-350471e3e522_2"
"dcx_71be2eb7-6e0c-441d-9696-90769a6f0020_2","iso19139_71be2eb7-6e0c-441d-9696-90769a6f0020_2"
"dddbf655-1ffd-4973-baf8-fb492b73cb9f-PRISM-AgT-mean-celcius-Torrance.xml","dddbf655-1ffd-4973-baf8-fb492b73cb9f-PRISM-AgT-mean-celcius-Torrance.xlsx"
"042c4d13-89bc-4443-8f18-0e82cc987860-20160614-sajddh-tray10-222-10-Pre-2-Rla_summary_Calc_last.xml","042c4d13-89bc-4443-8f18-0e82cc987860-20160614-sajddh-tray10-222-10-Pre-2-Rla_summary_Calc_last.csv"
"72a5cb33-09f8-44b1-a90b-95cbda229290-20160615-sajddh-tray12-222-12-Pre-1-Rla_summary_Calc_last.xml","72a5cb33-09f8-44b1-a90b-95cbda229290-20160615-sajddh-tray12-222-12-Pre-1-Rla_summary_Calc_last.csv"
"a8515012-6b69-48b1-8861-ab5ce07b591c-20160607-sajddh-tray2-222-2-Pre-1-Rla_summary_Calc_last.xml","a8515012-6b69-48b1-8861-ab5ce07b591c-20160607-sajddh-tray2-222-2-Pre-1-Rla_summary_Calc_last.csv"
"6568954d-f9ea-4b96-af6c-8d7b55df39a9-PRISM-AgPrecip-mm-SantaFe.xml","6568954d-f9ea-4b96-af6c-8d7b55df39a9-PRISM-AgPrecip-mm-SantaFe.xlsx"
"533d377e-81a4-4e89-b3a1-fef53b7804e4-20160608-sajddh-tray1_3-121-1-Enr-2-CR3000_2_RawData.xml","533d377e-81a4-4e89-b3a1-fef53b7804e4-20160608-sajddh-tray1_3-121-1-Enr-2-CR3000_2_RawData.dat"
"5cf1e7ca-a5d7-44d5-97de-d13922c83cd7-HM_Baro_1_5_13.xml","5cf1e7ca-a5d7-44d5-97de-d13922c83cd7-HM_Baro_1_5_13.csv"
"b8d806fa-24d9-4669-a8ff-3ea7ffa8c663-PRISM-T-min-celcius-Chaves.xml","b8d806fa-24d9-4669-a8ff-3ea7ffa8c663-PRISM-T-min-celcius-Chaves.xlsx"
"7fcaf172-acad-4e61-b74f-1da87dfcd6d0-PRISM-T-max-celcius-RioArriba.xml","7fcaf172-acad-4e61-b74f-1da87dfcd6d0-PRISM-T-max-celcius-RioArriba.xlsx"
"08d43bf9-d4a6-4afb-92e6-293684da78ee-20160612-sajddh-tray3_4-121-3-Enr-3-Rla_summary_Calc_last.xml","08d43bf9-d4a6-4afb-92e6-293684da78ee-20160612-sajddh-tray3_4-121-3-Enr-3-Rla_summary_Calc_last.csv"
"bc3df782-f246-4c9f-8243-efd826b34613-PRISM-T-min-celcius-Taos.xml","bc3df782-f246-4c9f-8243-efd826b34613-PRISM-T-min-celcius-Taos.xlsx"
"39266aba-29a3-4969-9d01-baf0b69a85a9-PRISM-AgT-max-celcius-Lea.xml","39266aba-29a3-4969-9d01-baf0b69a85a9-PRISM-AgT-max-celcius-Lea.xlsx"
"04429e80-be6e-461b-8e6b-0a2bbc546e2b-20160616-sajddh-tray9_11-121-11-Enr-3-Rla_summary_Calc_last.xml","04429e80-be6e-461b-8e6b-0a2bbc546e2b-20160616-sajddh-tray9_11-121-11-Enr-3-Rla_summary_Calc_last.csv"
"97d36a6c-3384-45a7-b738-3ca1be4d5b55-PRISM-T-min-celcius-DonaAna.xml","97d36a6c-3384-45a7-b738-3ca1be4d5b55-PRISM-T-min-celcius-DonaAna.xlsx"
"d4974155-d692-4480-be0d-f95ccaa22b26-20160620-sajddh-tray16-222-16-Pre-2-Rla_summary_Calc_last.xml","d4974155-d692-4480-be0d-f95ccaa22b26-20160620-sajddh-tray16-222-16-Pre-2-Rla_summary_Calc_last.csv"
"dcx_0e6561e3-33bf-46d6-aba4-745be63c0e19_0","iso19139_0e6561e3-33bf-46d6-aba4-745be63c0e19_0"
"doi:10.1575/1912/bco-dmo.661345","http://lod.bco-dmo.org/id/dataset-file/664555"
"doi:10.1575/1912/bco-dmo.661345","http://lod.bco-dmo.org/id/dataset-file/664554"
"doi:10.1575/1912/bco-dmo.661345","http://lod.bco-dmo.org/id/dataset-file/664553"
"doi:10.5063/AA/knb.275.1","doi:10.5063/AA/knb.274.1"
"ark:/90135/q11g0j7x/2/mrt-eml.xml","ark:/90135/q11g0j7x/2/wind_data_march_2013-wind_data_march_2013.csv"
"ark:/90135/q1f769jn/2/mrt-eml.xml","ark:/90135/q1f769jn/2/File-metadata.csv"
"ark:/90135/q1f769jn/2/mrt-eml.xml","ark:/90135/q1f769jn/2/Federal_Libraries.csv"
"ark:/90135/q1gh9fw0/1/mrt-eml.xml","ark:/90135/q1gh9fw0/1/ptu_data_february2013-ptu_data_february2013.csv"
"ark:/90135/q1m61h6z/1/mrt-eml.xml","ark:/90135/q1m61h6z/1/ptu_data_january_2013-ptu_data_january_2013.csv"
"ark:/90135/q1wd3xjq/2/mrt-eml.xml","ark:/90135/q1wd3xjq/2/wind_data_april_2013-wind_data_april_2013.csv"
"ark:/90135/q16t0jmv/1/mrt-eml.xml","ark:/90135/q16t0jmv/1/ptu_data_november_2013-ptu_data_november_2013.csv"
"ark:/90135/q1416v1p/1/mrt-eml.xml","ark:/90135/q1416v1p/1/rainhail_data_april_2013-rainhail_data_april_2013.csv"
"ark:/90135/q13776pg/1/mrt-eml.xml","ark:/90135/q13776pg/1/ptu_data_may_2013-ptu_data_may_2013.csv"
"ark:/90135/q1057cwm/2/mrt-eml.xml","ark:/90135/q1057cwm/2/wind_data_october_2013-wind_data_october_2013.csv"
"ark:/90135/q11834fq/2/mrt-eml.xml","ark:/90135/q11834fq/2/rainhail_data_september_2013-rainhail_data_september_2013.csv"
"ark:/90135/q12805jn/2/mrt-eml.xml","ark:/90135/q12805jn/2/rainhail_data_january_2013-rainhail_data_january_2013.csv"
"ark:/90135/q13776pg/2/mrt-eml.xml","ark:/90135/q13776pg/2/ptu_data_may_2013-ptu_data_may_2013.csv"
"ark:/90135/q18k771c/5/mrt-eml.xml","ark:/90135/q18k771c/5/Sediment-core-7.xlsx"
"ark:/90135/q19s1p0d/2/mrt-eml.xml","ark:/90135/q19s1p0d/2/ptu_data_november_2013-ptu_data_november_2013.csv"
"ark:/90135/q1dv1gt9/3/mrt-eml.xml","ark:/90135/q1dv1gt9/3/Chapter__2__Raw__Data-Chapter__2__Raw__Data.csv"
"ark:/90135/q1fb50w2/2/mrt-eml.xml","ark:/90135/q1fb50w2/2/ptu_data_april_2013-ptu_data_april_2013.csv"
"ark:/90135/q1h41pd3/2/mrt-eml.xml","ark:/90135/q1h41pd3/2/wind_data_june_2013-wind_data_june_2013.csv"
"ark:/90135/q1h9935p/2/mrt-eml.xml","ark:/90135/q1h9935p/2/ptu_data_january_2013-ptu_data_january_2013.csv"
"ark:/90135/q1m32srs/2/mrt-eml.xml","ark:/90135/q1m32srs/2/ptu_data_august_2013-ptu_data_august_2013.csv"
"ark:/90135/q1nv9g6f/2/mrt-eml.xml","ark:/90135/q1nv9g6f/2/rainhail_data_october_2013-rainhail_data_october_2013.csv"
"ark:/90135/q1sf2t5k/4/mrt-eml.xml","ark:/90135/q1sf2t5k/4/File-metadata.csv"
"ark:/90135/q1sf2t5k/4/mrt-eml.xml","ark:/90135/q1sf2t5k/4/Federal_Librarians.csv"
"ark:/90135/q1sq8xcj/2/mrt-eml.xml","ark:/90135/q1sq8xcj/2/rainhail_data_march_2013-rainhail_data_march_2013.csv"
"ark:/90135/q1tx3cbz/2/mrt-eml.xml","ark:/90135/q1tx3cbz/2/env__short-env__short.csv"
"ark:/90135/q1xg9p38/2/mrt-eml.xml","ark:/90135/q1xg9p38/2/rainhail_data_february_2013-rainhail_data_february_2013.csv"
"ark:/90135/q18p5xgr/2/mrt-eml.xml","ark:/90135/q18p5xgr/2/wind_data_january_2013-wind_data_january_2013.csv"
"ark:/90135/q1f769jn/3/mrt-eml.xml","ark:/90135/q1f769jn/3/Federal_Libraries.csv"
"ark:/90135/q1f769jn/3/mrt-eml.xml","ark:/90135/q1f769jn/3/File-metadata.csv"
"ark:/90135/q1p26w2v/2/mrt-eml.xml","ark:/90135/q1p26w2v/2/rainhail_data_april_2013-rainhail_data_april_2013.csv"
"ark:/90135/q1251g5s/2/mrt-eml.xml","ark:/90135/q1251g5s/2/rainhail_data_july_2013-rainhail_data_july_2013.csv"
"ark:/90135/q1vm497c/2/mrt-eml.xml","ark:/90135/q1vm497c/2/ptu_data_june_2013-ptu_data_june_2013.csv"
"7b109290-5c98-4e86-ace4-ee09bb384339-NH_12_13_13.xml","7b109290-5c98-4e86-ace4-ee09bb384339-NH_12_13_13.csv"
"db3f2965-49d1-4b48-8cb4-c8ba6fd881b2-PRISM-AgT-max-celcius-SanMiguel.xml","db3f2965-49d1-4b48-8cb4-c8ba6fd881b2-PRISM-AgT-max-celcius-SanMiguel.xlsx"
"5566ea30-7971-4b94-b89f-02b5c714ad67-PRISM-AgT-min-celcius-Mora.xml","5566ea30-7971-4b94-b89f-02b5c714ad67-PRISM-AgT-min-celcius-Mora.xlsx"
"bca62e3b-94c6-4c12-b09f-197c2f15b9ff-Stream_Gages.xml","bca62e3b-94c6-4c12-b09f-197c2f15b9ff-Stream_Gages.xlsx"
"1f6eba0c-cf07-4c65-a9a8-7a965edfbd7b-TAG_Distribution_Soybean.xml","1f6eba0c-cf07-4c65-a9a8-7a965edfbd7b-TAG_Distribution_Soybean.xlsx"
"9ad6965c-4e25-4edb-890f-a921649d4fc6-20160616-sajddh-tray12-222-12-Pre-3-CR3000_2_RawData.xml","9ad6965c-4e25-4edb-890f-a921649d4fc6-20160616-sajddh-tray12-222-12-Pre-3-CR3000_2_RawData.dat"
"8d63e693-176d-495f-8ecf-11ae7eaeabbd-PRISM-T-max-celcius-Roosevelt.xml","8d63e693-176d-495f-8ecf-11ae7eaeabbd-PRISM-T-max-celcius-Roosevelt.xlsx"
"knb.22.1","knb.21.1"
"knb.3.2","knb.2.1"
"knb.3.2","brh0.3.1"
"knb.11.1","knb.10.1"
"knb.20.1","knb.19.1"
"knb.13.1","knb.12.1"
"gleon.1.9","cgries.8.1"
"gleon.1.9","cgries.5.1"
"gleon.1.9","cgries.9.1"
"gleon.1.9","cgries.6.1"
"gleon.1.9","cgries.10.1"
"gleon.1.9","cgries.7.1"
"gleon.1.9","cgries.11.1"
"cgries.27.3","cgries.26.1"
"cgries.13.1","cgries.12.1"
"knb.5.1","knb.4.1"
"knb.7.1","knb.6.1"
"knb.1.3","kepler.15.1"
"knb.15.1","knb.14.1"
"knb.9.1","knb.8.1"
"knb.18.1","knb.16.1"
"knb.18.1","knb.17.1"
"knb.24.1","knb.23.1"
"tao.12934.1","tao.12933.1"
"gleon.2.4","cgries.4.1"
"gleon.2.4","cgries.3.1"
"cgries.16.1","cgries.14.2"
"doi:10.5063/AA/wtyburczy.53.5","doi:10.5063/AA/wtyburczy.54.1"
"doi:10.5063/AA/wtyburczy.53.5","doi:10.5063/AA/wtyburczy.55.1"
"01e9af40-5f48-4d21-a5d2-3a62e6c84dbf-PRISM-T-max-celcius-Grant.xml","01e9af40-5f48-4d21-a5d2-3a62e6c84dbf-PRISM-T-max-celcius-Grant.xlsx"
"doi:10.5063/AA/knb.275.1","doi:10.5063/AA/knb.274.1"
"doi:10.5063/AA/dpennington.162.4","doi:10.5063/AA/IPCC.20080210240124.1"
"doi:10.5063/AA/knb.242.1","doi:10.5063/AA/knb.241.1"
"doi:10.5063/AA/knb.277.1","doi:10.5063/AA/knb.276.1"
"doi:10.5063/AA/knb.285.1","doi:10.5063/AA/knb.284.1"
"https://pasta.lternet.edu/package/metadata/eml/edi/6/1","https://pasta.lternet.edu/package/report/eml/edi/6/1"
"https://pasta.lternet.edu/package/metadata/eml/edi/6/1","https://pasta.lternet.edu/package/data/eml/edi/6/1/6c16f3b59574b044dd3a44cef29b9b9b"
"https://pasta.lternet.edu/package/metadata/eml/edi/4/1","https://pasta.lternet.edu/package/data/eml/edi/4/1/cd835b6dabc2f711047b2b1289a9a2ed"
"https://pasta.lternet.edu/package/metadata/eml/edi/4/1","https://pasta.lternet.edu/package/report/eml/edi/4/1"
"https://pasta.lternet.edu/package/metadata/eml/edi/9/3","https://pasta.lternet.edu/package/data/eml/edi/9/3/480547e45c7b8beb3f70b104d8de0bd6"
"https://pasta.lternet.edu/package/metadata/eml/edi/9/3","https://pasta.lternet.edu/package/report/eml/edi/9/3"
"https://pasta.lternet.edu/package/metadata/eml/edi/9/3","https://pasta.lternet.edu/package/data/eml/edi/9/3/2d1981951436bfa5be2354f3d31906f1"
"https://pasta.lternet.edu/package/metadata/eml/edi/9/1","https://pasta.lternet.edu/package/data/eml/edi/9/1/480547e45c7b8beb3f70b104d8de0bd6"
"https://pasta.lternet.edu/package/metadata/eml/edi/9/1","https://pasta.lternet.edu/package/data/eml/edi/9/1/2d1981951436bfa5be2354f3d31906f1"
"https://pasta.lternet.edu/package/metadata/eml/edi/9/1","https://pasta.lternet.edu/package/report/eml/edi/9/1"
"https://pasta.lternet.edu/package/metadata/eml/edi/2/1","https://pasta.lternet.edu/package/report/eml/edi/2/1"
"https://pasta.lternet.edu/package/metadata/eml/edi/2/1","https://pasta.lternet.edu/package/data/eml/edi/2/1/26f6ec37a5aa3b467daeb682f8f14fbf"
"https://pasta.lternet.edu/package/metadata/eml/edi/2/1","https://pasta.lternet.edu/package/data/eml/edi/2/1/3fb3ef2e559fa42956b69226e9069058"
"https://pasta.lternet.edu/package/metadata/eml/edi/15/2","https://pasta.lternet.edu/package/report/eml/edi/15/2"
"https://pasta.lternet.edu/package/metadata/eml/edi/15/2","https://pasta.lternet.edu/package/data/eml/edi/15/2/8284876afe3a1cb0a919d37e1164357f"
"https://pasta.lternet.edu/package/metadata/eml/edi/15/2","https://pasta.lternet.edu/package/data/eml/edi/15/2/15349257362e427bb7c1cf86b326e11b"
"https://pasta.lternet.edu/package/metadata/eml/edi/15/2","https://pasta.lternet.edu/package/data/eml/edi/15/2/a1020d08faba6e624716b093652ab928"
"https://pasta.lternet.edu/package/metadata/eml/edi/3/1","https://pasta.lternet.edu/package/data/eml/edi/3/1/76d277e7bcc9c97f2daa4fdfd55ef11f"
"https://pasta.lternet.edu/package/metadata/eml/edi/3/1","https://pasta.lternet.edu/package/report/eml/edi/3/1"
"https://pasta.lternet.edu/package/metadata/eml/edi/5/1","https://pasta.lternet.edu/package/data/eml/edi/5/1/5701ed5671672e7364cca8c4dffbceae"
"https://pasta.lternet.edu/package/metadata/eml/edi/5/1","https://pasta.lternet.edu/package/data/eml/edi/5/1/c884a6414d7f0b009ce210f1f503f05b"
"https://pasta.lternet.edu/package/metadata/eml/edi/5/1","https://pasta.lternet.edu/package/report/eml/edi/5/1"
"https://pasta.lternet.edu/package/metadata/eml/edi/5/1","https://pasta.lternet.edu/package/data/eml/edi/5/1/91615b931c54c3aefedd0b048b22344c"
"https://pasta.lternet.edu/package/metadata/eml/edi/1/1","https://pasta.lternet.edu/package/data/eml/edi/1/1/482fef41e108b34ad816e96423711470"
"https://pasta.lternet.edu/package/metadata/eml/edi/1/1","https://pasta.lternet.edu/package/report/eml/edi/1/1"
"https://pasta.lternet.edu/package/metadata/eml/edi/1/1","https://pasta.lternet.edu/package/data/eml/edi/1/1/cba4645e845957d015008e7bccf4f902"
"https://pasta.lternet.edu/package/metadata/eml/edi/15/1","https://pasta.lternet.edu/package/data/eml/edi/15/1/a1020d08faba6e624716b093652ab928"
"https://pasta.lternet.edu/package/metadata/eml/edi/15/1","https://pasta.lternet.edu/package/report/eml/edi/15/1"
"https://pasta.lternet.edu/package/metadata/eml/edi/15/1","https://pasta.lternet.edu/package/data/eml/edi/15/1/15349257362e427bb7c1cf86b326e11b"
"https://pasta.lternet.edu/package/metadata/eml/edi/15/1","https://pasta.lternet.edu/package/data/eml/edi/15/1/8284876afe3a1cb0a919d37e1164357f"
"https://pasta.lternet.edu/package/metadata/eml/edi/4/3","https://pasta.lternet.edu/package/data/eml/edi/4/3/9992855901774489a0df68ccca52a1bb"
"https://pasta.lternet.edu/package/metadata/eml/edi/4/3","https://pasta.lternet.edu/package/report/eml/edi/4/3"
"https://pasta.lternet.edu/package/metadata/eml/edi/4/2","https://pasta.lternet.edu/package/data/eml/edi/4/2/cd835b6dabc2f711047b2b1289a9a2ed"
"https://pasta.lternet.edu/package/metadata/eml/edi/4/2","https://pasta.lternet.edu/package/report/eml/edi/4/2"
"https://pasta.lternet.edu/package/metadata/eml/edi/4/4","https://pasta.lternet.edu/package/report/eml/edi/4/4"
"https://pasta.lternet.edu/package/metadata/eml/edi/4/4","https://pasta.lternet.edu/package/data/eml/edi/4/4/1b55cd98aaa6fc5edab66d1908375d89"
"https://pasta.lternet.edu/package/metadata/eml/edi/16/1","https://pasta.lternet.edu/package/data/eml/edi/16/1/2fe289cee84c532df32ff8b0141f3721"
"https://pasta.lternet.edu/package/metadata/eml/edi/16/1","https://pasta.lternet.edu/package/report/eml/edi/16/1"
"https://pasta.lternet.edu/package/metadata/eml/edi/16/1","https://pasta.lternet.edu/package/data/eml/edi/16/1/826f22944153af5f850a210488f839fe"
"https://pasta.lternet.edu/package/metadata/eml/edi/16/1","https://pasta.lternet.edu/package/data/eml/edi/16/1/c40aff9cd9890dda288b1a9959e67957"
"https://pasta.lternet.edu/package/metadata/eml/edi/16/1","https://pasta.lternet.edu/package/data/eml/edi/16/1/e2ac3d8aacfb958a07be3c478689a1cd"
"https://pasta.lternet.edu/package/metadata/eml/edi/16/1","https://pasta.lternet.edu/package/data/eml/edi/16/1/bbb7be5551395687e112ca3ffab72ae5"
"https://pasta.lternet.edu/package/metadata/eml/edi/16/1","https://pasta.lternet.edu/package/data/eml/edi/16/1/bc01afc6955dbf38eee99b551a328cb2"
"https://pasta.lternet.edu/package/metadata/eml/edi/16/1","https://pasta.lternet.edu/package/data/eml/edi/16/1/6335327b59d5e9156a1006929c1d0d15"
"https://pasta.lternet.edu/package/metadata/eml/edi/7/1","https://pasta.lternet.edu/package/data/eml/edi/7/1/d03a54fdf479c066b770fc04bbf73912"
"https://pasta.lternet.edu/package/metadata/eml/edi/7/1","https://pasta.lternet.edu/package/report/eml/edi/7/1"
"https://pasta.lternet.edu/package/metadata/eml/edi/9/2","https://pasta.lternet.edu/package/data/eml/edi/9/2/480547e45c7b8beb3f70b104d8de0bd6"
"https://pasta.lternet.edu/package/metadata/eml/edi/9/2","https://pasta.lternet.edu/package/data/eml/edi/9/2/2d1981951436bfa5be2354f3d31906f1"
"https://pasta.lternet.edu/package/metadata/eml/edi/9/2","https://pasta.lternet.edu/package/report/eml/edi/9/2"
"doi:10.6085/AA/MBYX00_XXXITBPXLCR01_20120520.50.2","doi:10.6085/AA/MBYX00_XXXITBPXLCR01_20120520.40.2"
"doi:10.6085/AA/LBS15X_015MTV2004R00_20090722.50.1","doi:10.6085/AA/LBS15X_015MTV2004R00_20090722.40.1"
"c1c7d441-d7ac-4d67-8437-0dfda0860ceb","c81eb75e-6184-43a3-a8ea-34891526bc1c"
"doi:10.6085/AA/MBYX00_XXXITBPXLCR01_20110512.50.2","doi:10.6085/AA/MBYX00_XXXITBPXLCR01_20110512.40.2"
"cgries.27.3","cgries.26.1"
"ark:/13030/m5qc02mk/3/cadwsap-s2400076-001.xml","ark:/13030/m5qc02mk/3/cadwsap-s2400076-001-vuln.csv"
"ark:/13030/m5qc02mk/3/cadwsap-s2400076-001.xml","ark:/13030/m5qc02mk/3/cadwsap-s2400076-001-main.csv"
"ark:/13030/m5qc02mk/3/cadwsap-s2400076-001.xml","ark:/13030/m5qc02mk/3/cadwsap-s2400076-001.pdf"
"doi:10.5063/F10V89RP","doi:10.5063/AA/wolkovich.30.1"
"doi:10.5063/F10V89RP","doi:10.5063/AA/wolkovich.29.1"
"doi:10.5063/F10V89RP","wolkovich.50.1"
"doi:10.5063/F10V89RP","doi:10.5063/AA/wolkovich.28.1"
"doi:10.5063/AA/tao.1.1","doi:10.5063/AA/tao.2.1"
"doi:10.6085/AA/pisco_mussel_growth_UCSC.74.3","doi:10.6085/AA/pisco_mussel_growth_UCSC.54.2"
"doi:10.6085/AA/pisco_mussel_growth_UCSC.74.3","doi:10.6085/AA/pisco_intertidal_UCSC.10.2"
"doi:10.6085/AA/pisco_subtidal.152.1","doi:10.6085/AA/pisco_subtidal.172.1"
"doi:10.6085/AA/pisco_subtidal.152.1","doi:10.6085/AA/pisco_subtidal.162.1"
"MontanaIOE.112.2","MontanaIOE.111.1"
"MontanaIOE.108.2","MontanaIOE.107.1"
"MontanaIOE.120.2","MontanaIOE.119.1"
"MontanaIOE.126.2","MontanaIOE.125.1"
"MontanaIOE.124.2","MontanaIOE.123.1"
"MontanaIOE.89.3","MontanaIOE.88.1"
"MontanaIOE.89.3","MontanaIOE.85.1"
"MontanaIOE.89.3","MontanaIOE.83.1"
"MontanaIOE.89.3","MontanaIOE.84.1"
"MontanaIOE.89.3","MontanaIOE.86.1"
"MontanaIOE.89.3","MontanaIOE.87.1"
"MontanaIOE.12.8","MontanaIOE.78.1"
"MontanaIOE.12.8","MontanaIOE.79.1"
"MontanaIOE.12.8","MontanaIOE.81.1"
"MontanaIOE.12.8","MontanaIOE.77.1"
"MontanaIOE.12.8","MontanaIOE.80.1"
"MontanaIOE.12.8","MontanaIOE.75.1"
"MontanaIOE.12.8","MontanaIOE.73.1"
"MontanaIOE.12.8","MontanaIOE.72.1"
"MontanaIOE.12.8","MontanaIOE.76.1"
"MontanaIOE.12.8","MontanaIOE.71.1"
"MontanaIOE.12.8","MontanaIOE.74.1"
"MontanaIOE.135.4","MontanaIOE.134.3"
"MontanaIOE.92.3","MontanaIOE.91.1"
"MontanaIOE.92.3","MontanaIOE.90.1"
"MontanaIOE.114.2","MontanaIOE.113.1"
"MontanaIOE.116.2","MontanaIOE.115.1"
"MontanaIOE.128.2","MontanaIOE.127.1"
"MontanaIOE.145.6","MontanaIOE.167.1"
"MontanaIOE.145.6","MontanaIOE.164.1"
"MontanaIOE.145.6","MontanaIOE.157.1"
"MontanaIOE.145.6","MontanaIOE.165.1"
"MontanaIOE.145.6","MontanaIOE.162.1"
"MontanaIOE.145.6","MontanaIOE.158.1"
"MontanaIOE.145.6","MontanaIOE.156.1"
"MontanaIOE.145.6","MontanaIOE.160.1"
"MontanaIOE.145.6","MontanaIOE.161.1"
"MontanaIOE.145.6","MontanaIOE.147.1"
"MontanaIOE.145.6","MontanaIOE.166.1"
"MontanaIOE.145.6","MontanaIOE.169.1"
"MontanaIOE.145.6","MontanaIOE.168.1"
"MontanaIOE.145.6","MontanaIOE.155.1"
"MontanaIOE.145.6","MontanaIOE.146.1"
"MontanaIOE.145.6","MontanaIOE.152.1"
"MontanaIOE.145.6","MontanaIOE.144.2"
"MontanaIOE.145.6","MontanaIOE.150.1"
"MontanaIOE.145.6","MontanaIOE.148.1"
"MontanaIOE.145.6","MontanaIOE.151.1"
"MontanaIOE.145.6","MontanaIOE.149.1"
"MontanaIOE.145.6","MontanaIOE.153.1"
"MontanaIOE.145.6","MontanaIOE.159.1"
"MontanaIOE.145.6","MontanaIOE.154.1"
"MontanaIOE.145.6","MontanaIOE.170.1"
"MontanaIOE.145.6","MontanaIOE.163.1"
"MontanaIOE.137.7","MontanaIOE.142.1"
"MontanaIOE.137.7","MontanaIOE.143.1"
"MontanaIOE.137.7","MontanaIOE.140.1"
"MontanaIOE.137.7","MontanaIOE.139.1"
"MontanaIOE.137.7","MontanaIOE.141.1"
"MontanaIOE.137.7","MontanaIOE.136.2"
"MontanaIOE.191.4","MontanaIOE.198.1"
"MontanaIOE.191.4","MontanaIOE.193.1"
"MontanaIOE.191.4","MontanaIOE.197.1"
"MontanaIOE.191.4","MontanaIOE.192.1"
"MontanaIOE.191.4","MontanaIOE.194.1"
"MontanaIOE.191.4","MontanaIOE.190.1"
"MontanaIOE.200.6","MontanaIOE.205.1"
"MontanaIOE.200.6","MontanaIOE.207.1"
"MontanaIOE.200.6","MontanaIOE.215.1"
"MontanaIOE.200.6","MontanaIOE.203.1"
"MontanaIOE.200.6","MontanaIOE.213.1"
"MontanaIOE.200.6","MontanaIOE.212.1"
"MontanaIOE.200.6","MontanaIOE.209.1"
"MontanaIOE.200.6","MontanaIOE.210.1"
"MontanaIOE.200.6","MontanaIOE.217.1"
"MontanaIOE.200.6","MontanaIOE.214.1"
"MontanaIOE.200.6","MontanaIOE.202.1"
"MontanaIOE.200.6","MontanaIOE.211.1"
"MontanaIOE.200.6","MontanaIOE.199.1"
"MontanaIOE.200.6","MontanaIOE.201.1"
"MontanaIOE.200.6","MontanaIOE.206.1"
"MontanaIOE.200.6","MontanaIOE.216.1"
"MontanaIOE.200.6","MontanaIOE.218.1"
"MontanaIOE.200.6","MontanaIOE.204.1"
"MontanaIOE.172.8","MontanaIOE.177.1"
"MontanaIOE.172.8","MontanaIOE.184.1"
"MontanaIOE.172.8","MontanaIOE.187.1"
"MontanaIOE.172.8","MontanaIOE.174.1"
"MontanaIOE.172.8","MontanaIOE.186.1"
"MontanaIOE.172.8","MontanaIOE.179.1"
"MontanaIOE.172.8","MontanaIOE.185.1"
"MontanaIOE.172.8","MontanaIOE.171.7"
"MontanaIOE.172.8","MontanaIOE.183.1"
"MontanaIOE.172.8","MontanaIOE.189.1"
"MontanaIOE.172.8","MontanaIOE.180.1"
"MontanaIOE.172.8","MontanaIOE.175.1"
"MontanaIOE.172.8","MontanaIOE.178.1"
"MontanaIOE.172.8","MontanaIOE.173.1"
"MontanaIOE.172.8","MontanaIOE.182.1"
"MontanaIOE.172.8","MontanaIOE.181.1"
"MontanaIOE.172.8","MontanaIOE.188.1"
"MontanaIOE.172.8","MontanaIOE.176.1"
"MontanaIOE.122.2","MontanaIOE.121.1"
"9d95ab7c-3743-488a-ad40-f700fb140371","82eb3c38-7667-44c1-9072-b23374c9f96b"
"bcdd58b6-a071-4406-9ecc-0fe468d60a81","6e86aa5b-9bd4-4cd5-8b08-81072b483210"
"f4ba7881-9c93-4f8b-8e26-d1e43d0d4280","ceef0a59-c803-41ad-b5e1-173d181ed072"
"1772d995-2dfb-49c2-a0d1-e726aa48e556","1272a3a2-683d-47fe-ba88-054de2e3bab4"
"bbca1854-8d17-48bd-be75-9c8cdfd436f3","d1268a37-5d85-4f36-ab6a-c37c70e7e27d"
"eec2f497-fcf4-4a5c-9640-93d4ec0b7dff","fb8c6997-368e-4296-b107-a182030d89af"
"e03d3f19-1a2e-4ddb-99a2-0d6a2d2fb894","0a8e19f4-d912-423f-8747-b9e46fa9d217"
"6132306c-29e2-4b12-9e47-9389ccfacb4c","b6f912e2-80ca-4be3-9bfe-71af80aace84"
"3f034be3-0a34-409b-9923-47ecbecc17b1","45924133-a045-4d8b-9aee-df1fc97fa1a0"
"42af870c-a0d4-4cdc-a405-946d275b0ece","b217601c-3b79-491b-9628-0a17da8a67e2"
"522c1dbf-3951-4bf7-bc81-8982eab65d57","975f8ef0-29d0-4ca9-9ac0-3d01fed085d4"
"6274f6f3-fc45-4525-9d10-e6a6a789dd21","336280c2-bf51-473e-9b8d-dc4fe98bfb03"
"64379771-0f8c-4ec2-afb9-2e268ef52cc3","89d47eb5-b676-4eaf-a974-ddd0ee8c32a0"
"816993a3-aab1-433f-a453-83c6fb2330c3","63c09059-eff4-47f9-8559-a8c8b270ac5b"
"823665c9-750d-415d-ac25-c7561e2e8661","e22143a5-d85b-4c93-9c90-123ccf7650fb"
"1a07a334-3846-4b2b-8d2f-691b1e94d519","6a526cec-671e-4b02-b3aa-b84af02f4128"
"06aedc96-cac5-436d-9e99-ed45db8eb287","cbcb4372-5ad5-4cd8-b72e-cfb1fb042ee9"
"16def5bb-3176-4c2f-b47a-1594638f224f","d95c1eaa-6bd0-48ec-ac1c-4c8924df777d"
"17925256-572a-41e3-84d9-4cb97473b222","ab3cdd48-b714-421a-ae19-2a959b520697"
"c370d612-9248-4e8f-8294-98b182059830","48fbb823-6a4a-4da9-a792-b1f6d289c4a2"
"b76fd98b-91be-428d-b69e-874f6b85efcd","138a139b-91dc-4543-b779-6d6d1f4ce0fc"
"fb8669d0-1a00-4217-9e15-18d6a8bf145e","85644c40-328a-494a-a93f-05c9c3408855"
"c7ab1421-046d-4616-adec-93dc9bfae5bf","ba2da713-797d-4b08-b4c8-3fd16a8347c8"
"effc24b6-ef26-4c2b-ba95-a49a58cc2b73","403a8cf7-f4fa-4c96-b7fc-3d4c834ee29f"
"0766506d-b890-4472-911f-f79c91dc7ff7","bb2ef4a4-124a-492d-8448-4109ef27ae6b"
"e802b4eb-be32-4949-84cd-778bdc15c41a","d9c12ce9-601d-4b66-ba49-1e77042f94bc"
"cefe5657-453a-4ab9-91d8-293f89ab0441","bfc1ded0-d0d3-403f-8199-36080206fd4a"
"8196bb01-a690-4a35-8471-19ccdb365250","1787be85-de13-4916-b033-93c582dc8024"
"c4f401d7-0792-47a6-9d4f-262a52c92742","49511fe7-4d3a-4930-b5ae-a040bf3b50bb"
"f716f023-31dd-47cb-b401-8037edd4b09d","5b1a0c20-2be1-4ed1-af34-4fe3728222aa"
"doi:10.1575/1912/bco-dmo.661339","http://lod.bco-dmo.org/id/dataset-file/664511"
"doi:10.1575/1912/bco-dmo.661339","http://lod.bco-dmo.org/id/dataset-file/664512"
"doi:10.1575/1912/bco-dmo.661339","http://lod.bco-dmo.org/id/dataset-file/664510"
"doi:10.1575/1912/bco-dmo.661345","http://lod.bco-dmo.org/id/dataset-file/664555"
"doi:10.1575/1912/bco-dmo.661345","http://lod.bco-dmo.org/id/dataset-file/664554"
"doi:10.1575/1912/bco-dmo.661345","http://lod.bco-dmo.org/id/dataset-file/664553"
"doi:10.1575/1912/bco-dmo.661343","http://lod.bco-dmo.org/id/dataset-file/664566"
"doi:10.1575/1912/bco-dmo.661343","http://lod.bco-dmo.org/id/dataset-file/664564"
"doi:10.1575/1912/bco-dmo.661343","http://lod.bco-dmo.org/id/dataset-file/664565"
"doi:10.1575/1912/bco-dmo.652124","http://lod.bco-dmo.org/id/dataset-file/664577"
"doi:10.1575/1912/bco-dmo.652124","http://lod.bco-dmo.org/id/dataset-file/664575"
"doi:10.1575/1912/bco-dmo.652124","http://lod.bco-dmo.org/id/dataset-file/664576"
"doi:10.1575/1912/bco-dmo.661344","http://lod.bco-dmo.org/id/dataset-file/664523"
"doi:10.1575/1912/bco-dmo.661344","http://lod.bco-dmo.org/id/dataset-file/664525"
"doi:10.1575/1912/bco-dmo.661344","http://lod.bco-dmo.org/id/dataset-file/664524"
"doi:10.1575/1912/bco-dmo.649882","http://lod.bco-dmo.org/id/dataset-file/664497"
"doi:10.1575/1912/bco-dmo.649882","http://lod.bco-dmo.org/id/dataset-file/664499"
"doi:10.1575/1912/bco-dmo.649882","http://lod.bco-dmo.org/id/dataset-file/664498"
"doi:10.1575/1912/bco-dmo.660079","http://lod.bco-dmo.org/id/dataset-file/664536"
"doi:10.1575/1912/bco-dmo.660079","http://lod.bco-dmo.org/id/dataset-file/664537"
"doi:10.1575/1912/bco-dmo.660079","http://lod.bco-dmo.org/id/dataset-file/664538"
"kubi.lifemapper.sdm.layers.615.eml","kubi.lifemapper.sdm.layers.615.tif"
