"c","f","b","9","c","2","4","3","2","b","5","f","7","6","b","1","3","e","a","2","3","b","a","2","5","6","7","5","7","0","4","a","b","a","9","7","6","3","a","6"
"6","d","c","f","4","c","a","a","1","e","4","a","3","3","f","a","e","2","5","5","0","5","e","2","0","b","e","a","d","c","5","4","8","7","4","0","1","2","5","0"
"3","e","e","e","d","8","3","8","1","e","d","3","f","5","c","7","2","1","8","1","0","d","5","c","d","d","f","a","d","7","c","4","a","6","0","a","f","6","4","2"
"7","3","4","0","d","c","9","8","d","d","6","c","e","4","1","2","d","7","8","8","2","f","c","a","e","e","a","6","7","8","b","6","8","8","7","9","5","2","0","b"
"8","1","6","a","5","3","e","a","3","9","3","d","1","6","4","0","8","3","2","c","f","a","f","3","b","8","1","e","4","5","5","3","1","b","3","3","e","8","b","3"
"6","d","d","3","0","7","0","c","a","c","b","c","e","d","1","5","d","2","5","c","a","b","b","9","6","1","f","8","f","7","f","1","d","5","1","8","2","6","5","3"
"5","d","8","6","6","5","7","8","1","2","9","8","b","b","c","c","8","5","5","b","9","0","4","b","0","e","4","3","9","f","8","2","d","d","c","d","5","c","4","3"
"a","c","5","2","4","a","c","3","1","d","2","1","1","2","b","e","c","8","8","8","0","d","7","1","9","f","b","d","8","0","0","7","e","9","4","d","2","1","3","4"
"d","4","d","2","4","9","9","2","5","1","8","c","6","6","a","b","f","9","8","4","e","5","d","e","a","a","c","0","3","5","5","b","d","a","9","4","a","0","c","5"
"3","7","4","c","d","7","c","7","f","c","1","5","6","a","a","b","a","6","d","0","0","9","7","5","8","9","3","9","c","e","c","3","b","4","1","7","e","3","e","8"
"7","5","d","1","0","b","c","3","0","e","8","a","b","8","3","d","0","3","0","a","9","3","9","9","0","b","3","c","4","d","5","b","3","f","8","2","8","1","e","6"
"d","2","c","4","8","a","6","9","2","d","9","7","5","e","a","a","f","2","0","b","a","2","2","7","3","7","e","b","1","f","f","b","0","2","1","e","3","f","1","f"
"a","1","b","0","b","0","f","1","b","4","3","6","f","3","0","e","0","9","e","9","0","f","1","8","8","1","9","5","b","7","8","b","e","4","4","4","9","a","1","e"
"4","4","4","f","3","9","0","a","3","5","c","7","b","0","1","8","a","2","2","1","8","c","0","e","0","c","b","a","8","9","0","6","2","c","9","1","3","b","3","f"
"4","1","6","1","4","3","a","e","a","8","f","4","7","b","b","7","4","6","7","b","6","5","a","5","7","8","d","f","c","7","e","b","5","f","1","0","f","3","6","f"
"8","e","0","5","3","a","3","e","2","2","0","c","0","6","8","a","4","f","7","f","7","b","e","c","2","4","4","1","d","7","6","8","f","6","2","9","c","2","4","3"
"c","1","8","9","e","b","d","1","7","f","8","a","d","2","8","1","9","c","e","2","b","0","9","e","3","4","4","c","8","1","8","d","2","3","0","2","b","9","d","f"
"c","0","b","8","e","a","2","2","b","2","2","c","f","1","d","9","f","7","6","8","b","a","f","1","3","8","5","f","8","b","b","0","7","6","0","8","5","f","2","3"
"a","7","e","e","b","5","e","b","3","3","5","a","6","b","f","8","0","e","8","e","9","1","8","d","6","4","0","f","d","7","f","0","d","2","5","2","e","e","6","d"
"7","a","2","e","b","4","1","a","6","3","c","5","e","9","2","4","a","d","7","d","1","2","1","a","3","8","5","6","5","d","2","4","4","2","6","b","5","4","4","a"
"6","e","5","6","b","a","7","9","5","0","9","2","9","6","e","f","8","c","8","b","4","e","c","0","e","0","c","3","8","7","b","1","7","6","6","6","9","1","d","b"
"f","2","c","4","4","0","b","9","7","1","c","a","0","e","8","c","1","a","a","c","c","e","e","f","7","e","c","b","a","8","f","c","6","e","c","6","f","f","8","e"
"4","7","3","5","2","7","3","4","8","7","5","8","2","0","5","9","0","a","a","7","a","3","0","b","7","a","8","e","a","5","7","b","7","c","b","8","6","d","d","3"
"4","f","0","b","d","e","1","5","e","0","7","e","a","2","d","9","c","0","6","3","a","b","4","d","e","5","c","d","3","3","a","4","4","c","1","f","6","b","d","2"
"f","d","a","5","e","2","6","c","6","a","9","3","8","7","c","d","8","4","5","3","2","b","8","5","3","3","7","7","5","8","3","2","2","d","6","d","1","f","f","5"
"6","7","f","9","9","1","0","0","8","7","6","b","b","2","3","1","5","1","8","9","e","a","b","1","7","0","8","b","0","d","a","0","b","0","7","e","8","f","7","c"
"b","3","e","6","3","0","5","7","3","f","b","d","6","a","7","4","c","4","8","b","e","5","2","a","6","5","8","1","e","d","2","7","1","b","e","e","6","9","2","0"
"8","9","1","2","7","3","1","1","c","9","2","6","c","5","e","4","c","d","6","e","8","5","2","1","f","a","9","5","c","3","4","b","4","3","c","f","1","3","5","4"
"7","a","d","1","e","d","f","9","4","c","4","6","c","4","8","1","b","7","5","2","7","d","3","3","b","4","2","8","7","f","2","1","0","7","a","e","1","7","0","0"
"5","6","b","b","5","b","9","2","f","7","c","8","c","d","a","3","8","b","4","c","2","b","e","7","5","a","2","3","0","a","7","4","4","2","b","b","2","3","5","6"
"{","0","0","9","E","0","E","3","D","-","D","1","E","A","-","4","B","8","4","-","9","0","E","3","-","D","2","1","F","C","7","F","4","6","7","A","D","}"
"C","L","O","E","O","D","M","E","T","A","D","A","T","A",".","0","5","1","9","2","0","1","4",".","1"
"h","t","t","p",":","/","/","d","x",".","d","o","i",".","o","r","g","/","1","0",".","5","0","6","1","/","d","r","y","a","d",".","4","f","n","4","g",".","2","/","7",".","2","?","v","e","r","=","2","0","1","4","-","1","2","-","0","8","T","1","9",":","1","7",":","2","8",".","9","2","8","-","0","5",":","0","0"
"d","o","i",":","1","0",".","6","0","8","5","/","A","A","/","G","H","V","X","0","0","_","X","X","X","I","T","B","D","X","L","S","R","0","2","_","2","0","0","4","0","4","2","1",".","5","0",".","4"
"{","0","3","1","8","F","8","2","9","-","D","4","C","C","-","4","C","4","D","-","9","0","F","9","-","7","4","8","1","5","6","3","5","F","1","D","2","}"
"d","o","i",":","1","0",".","5","0","6","3","/","A","A","/","k","l","r",".","2","4",".","2"
"d","o","i",":","1","0",".","6","0","7","3","/","A","A","/","k","n","b","-","l","t","e","r","-","f","c","e",".","4","2",".","1"
"a","e","k","o","s",".","o","r","g",".","a","u","/","c","o","l","l","e","c","t","i","o","n","/","n","s","w",".","g","o","v",".","a","u","/","n","s","w","_","a","t","l","a","s","/","v","i","s","_","f","l","o","r","a","_","m","o","d","u","l","e","/","H","I","L","L","V",".","2","0","1","5","0","5","1","5"
"a","e","k","o","s",".","o","r","g",".","a","u","/","c","o","l","l","e","c","t","i","o","n","/","n","s","w",".","g","o","v",".","a","u","/","n","s","w","_","a","t","l","a","s","/","v","i","s","_","f","l","o","r","a","_","m","o","d","u","l","e","/","J","T","H","_","U","B",".","2","0","1","5","0","7","2","3"
"d","o","i",":","1","0",".","6","0","8","5","/","A","A","/","A","R","G","X","X","X","_","0","1","5","M","T","B","D","0","1","4","R","0","0","_","2","0","0","6","0","5","1","4",".","5","0",".","2"
"y","s","w","a","n","g",".","6",".","7"
"h","t","t","p",":","/","/","d","x",".","d","o","i",".","o","r","g","/","1","0",".","5","0","6","1","/","d","r","y","a","d",".","0","d","b","3","f","/","3","?","v","e","r","=","2","0","1","5","-","0","9","-","2","1","T","1","0",":","3","4",":","3","0",".","8","5","1","-","0","4",":","0","0"
"d","o","i",":","1","0",".","6","0","7","3","/","A","A","/","k","n","b","-","l","t","e","r","-","f","c","e",".","7","2",".","1"
"{","9","1","7","5","5","A","E","A","-","F","D","B","8","-","4","C","5","F","-","B","D","E","4","-","C","A","7","A","B","6","3","B","1","E","7","0","}"
"{","2","D","6","F","1","9","E","8","-","3","7","0","B","-","4","B","A","8","-","B","0","3","2","-","E","7","3","1","9","4","D","0","2","2","C","1","}"
"d","o","i",":","1","0",".","6","0","8","5","/","A","A","/","F","C","K","X","0","0","_","X","X","X","I","T","B","D","X","H","S","R","0","1","_","2","0","0","8","0","4","0","8",".","5","0",".","1"
"d","o","i",":","1","0",".","6","0","8","5","/","A","A","/","H","A","Z","X","X","X","_","0","1","5","M","T","B","D","0","0","9","R","0","0","_","2","0","0","2","0","2","2","3",".","5","0",".","5"
"b","9","1","7","c","2","f","9","-","2","3","9","3","-","4","a","1","4","-","a","d","b","5","-","6","6","8","2","8","4","1","b","f","8","0","d"
"{","7","0","A","6","A","7","2","E","-","9","2","A","7","-","4","5","7","C","-","A","C","F","8","-","B","7","E","9","F","9","C","E","F","1","6","5","}"
"d","o","i",":","1","0",".","6","0","8","5","/","A","A","/","C","A","R","X","0","0","_","X","X","X","I","B","T","N","X","H","S","R","0","1","_","2","0","0","4","0","7","2","1",".","5","0",".","1"
"d","o","i",":","1","0",".","5","0","6","3","/","A","A","/","k","l","r",".","4","0",".","8"
"d","o","i",":","1","0",".","6","0","8","5","/","A","A","/","C","B","L","X","0","0","_","X","X","X","I","T","B","D","X","L","S","R","0","2","_","2","0","0","0","0","4","0","9",".","5","0",".","3"
"d","o","i",":","1","0",".","6","0","7","3","/","A","A","/","k","n","b","-","l","t","e","r","-","g","c","e",".","1","9","0",".","1","1"
"d","o","i",":","1","0",".","5","0","6","3","/","A","A","/","n","c","e","a","s",".","9","5","1",".","2","7"
"d","o","i",":","1","0",".","5","0","6","3","/","A","A","/","n","c","e","a","s",".","2","6","3",".","1"
"n","c","e","a","s",".","9","8","7",".","2"
"k","n","b",".","1","0","7","1",".","2"
"d","o","i",":","1","0",".","5","0","6","3","/","A","A","/","n","c","e","a","s",".","9","6","5",".","1"
"d","o","i",":","1","0",".","5","0","6","3","/","A","A","/","k","l","r",".","3","6",".","6"
"d","o","i",":","1","0",".","5","0","6","3","/","A","A","/","n","c","e","a","s",".","9","0","0",".","2"
"d","o","i",":","1","0",".","6","0","8","5","/","A","A","/","C","A","0","4","2","X","_","0","4","2","M","T","B","D","0","4","1","R","0","0","_","2","0","0","6","0","8","1","7",".","5","0",".","2"
"d","o","i",":","1","0",".","6","0","8","5","/","A","A","/","B","B","Y","X","0","0","_","X","X","X","I","T","B","D","X","M","M","R","0","1","_","2","0","0","3","0","6","0","1",".","5","0",".","3"
"d","o","i",":","1","0",".","6","0","8","5","/","A","A","/","A","L","E","X","X","X","_","0","1","5","M","T","B","D","0","0","9","R","0","0","_","1","9","9","9","0","5","2","0",".","5","0",".","2"
"d","o","i",":","1","0",".","6","0","8","5","/","A","A","/","A","L","E","X","X","X","_","0","1","5","M","T","B","D","0","0","9","R","0","0","_","2","0","0","0","0","3","0","2",".","5","0",".","2"
"d","o","i",":","1","0",".","6","0","8","5","/","A","A","/","C","A","1","0","0","X","_","1","0","0","M","T","B","D","0","1","0","R","0","0","_","2","0","0","6","0","6","0","6",".","5","0",".","2"
"d","o","i",":","1","0",".","6","0","7","3","/","A","A","/","k","n","b","-","l","t","e","r","-","p","a","l",".","9","6",".","1"
"d","o","i",":","1","0",".","6","0","7","3","/","A","A","/","k","n","b","-","l","t","e","r","-","n","w","t",".","1","4","5",".","1"
"d","o","i",":","1","0",".","6","0","7","3","/","A","A","/","k","n","b","-","l","t","e","r","-","h","f","r",".","1","5",".","8"
"d","o","i",":","1","0",".","6","0","7","3","/","A","A","/","k","n","b","-","l","t","e","r","-","g","c","e",".","1","0","3",".","2","8"
"d","o","i",":","1","0",".","6","0","7","3","/","A","A","/","k","n","b","-","l","t","e","r","-","g","c","e",".","3","3","0",".","1","1"
"d","o","i",":","1","0",".","6","0","7","3","/","A","A","/","k","n","b","-","l","t","e","r","-","n","t","l",".","1","1","7",".","2"
"d","o","i",":","1","0",".","6","0","7","3","/","A","A","/","k","n","b","-","l","t","e","r","-","g","c","e",".","2","9","3",".","7"
"d","o","i",":","1","0",".","6","0","7","3","/","A","A","/","k","n","b","-","l","t","e","r","-","g","c","e",".","3","0","6",".","5"
"d","o","i",":","1","0",".","6","0","7","3","/","A","A","/","k","n","b","-","l","t","e","r","-","g","c","e",".","1","1","1",".","5"
"d","o","i",":","1","0",".","6","0","7","3","/","A","A","/","k","n","b","-","l","t","e","r","-","f","c","e",".","2","8","7",".","4"
"d","o","i",":","1","0",".","6","0","7","3","/","A","A","/","k","n","b","-","l","t","e","r","-","a","r","c",".","1","1","6","5",".","1"
"d","o","i",":","1","0",".","6","0","7","3","/","A","A","/","k","n","b","-","l","t","e","r","-","c","d","r",".","2","8","0","5","2",".","1","2","3"
"d","o","i",":","1","0",".","6","0","7","3","/","A","A","/","k","n","b","-","l","t","e","r","-","b","e","s",".","3","2","1",".","4","8"
"d","o","i",":","1","0",".","6","0","7","3","/","A","A","/","k","n","b","-","l","t","e","r","-","b","e","s",".","1","9","6",".","5"
"d","o","i",":","1","0",".","6","0","7","3","/","A","A","/","k","n","b","-","l","t","e","r","-","b","e","s",".","1","7","4",".","3","7"
"d","o","i",":","1","0",".","6","0","7","3","/","A","A","/","k","n","b","-","l","t","e","r","-","b","e","s",".","1","4","1",".","2","0"
"d","o","i",":","1","0",".","6","0","7","3","/","A","A","/","k","n","b","-","l","t","e","r","-","b","e","s",".","4","7","4",".","3","3"
"d","o","i",":","1","0",".","6","0","7","3","/","A","A","/","k","n","b","-","l","t","e","r","-","b","e","s",".","5","2","5",".","5","2"
"d","o","i",":","1","0",".","6","0","7","3","/","A","A","/","k","n","b","-","l","t","e","r","-","h","f","r",".","1","2","2",".","7"
"d","o","i",":","1","0",".","6","0","7","3","/","A","A","/","k","n","b","-","l","t","e","r","-","g","c","e",".","2","9","8",".","1","2"
"d","o","i",":","1","0",".","6","0","7","3","/","A","A","/","k","n","b","-","l","t","e","r","-","h","f","r",".","5","1",".","2"
"d","o","i",":","1","0",".","6","0","7","3","/","A","A","/","k","n","b","-","l","t","e","r","-","g","c","e",".","2","3",".","8"
"d","o","i",":","1","0",".","6","0","7","3","/","A","A","/","k","n","b","-","l","t","e","r","-","b","n","z",".","1","3","3",".","6"
"d","o","i",":","1","0",".","6","0","7","3","/","A","A","/","k","n","b","-","l","t","e","r","-","b","e","s",".","3","3",".","3","0"
"d","o","i",":","1","0",".","6","0","7","3","/","A","A","/","k","n","b","-","l","t","e","r","-","b","e","s",".","3","9","7",".","2","1"
"d","o","i",":","1","0",".","6","0","7","3","/","A","A","/","k","n","b","-","l","t","e","r","-","b","e","s",".","4","3","6",".","4","7"
"d","o","i",":","1","0",".","6","0","7","3","/","A","A","/","k","n","b","-","l","t","e","r","-","b","e","s",".","4","3","9",".","3","7"
"d","o","i",":","1","0",".","6","0","7","3","/","A","A","/","k","n","b","-","l","t","e","r","-","b","e","s",".","4","4","8",".","3","1"
"d","o","i",":","1","0",".","6","0","7","3","/","A","A","/","k","n","b","-","l","t","e","r","-","h","f","r",".","8","7",".","8"
"d","o","i",":","1","0",".","6","0","7","3","/","A","A","/","k","n","b","-","l","t","e","r","-","a","n","d",".","2","7","2","8",".","4"
"e","a","a","2","d","2","f","f","-","d","4","b","d","-","4","7","f","3","-","8","a","8","c","-","f","d","5","e","9","4","4","6","1","f","b","8"
"a","2","9","f","0","7","8","c","-","5","5","5","8","-","4","7","1","8","-","b","0","d","5","-","b","2","c","9","0","0","1","b","3","8","a","d"
"7","6","8","4","c","e","6","9","-","8","3","d","9","-","4","6","2","c","-","a","b","2","2","-","d","d","7","3","a","f","9","7","e","f","b","c"
"0","0","9","7","4","4","a","1","-","8","3","9","1","-","4","3","7","3","-","9","a","9","b","-","e","d","4","5","2","0","3","7","1","3","9","1"
"b","b","a","4","f","d","d","2","-","a","0","3","5","-","4","0","b","b","-","a","0","7","4","-","c","5","2","1","4","5","f","6","b","4","5","9"
"d","8","a","c","1","6","a","1","-","6","9","d","3","-","4","4","d","9","-","9","1","f","0","-","6","e","6","e","d","c","2","8","8","7","d","6"
"f","1","6","5","1","e","9","e","-","4","8","f","2","-","4","1","3","b","-","8","1","2","8","-","4","3","5","d","0","6","0","e","c","b","6","e"
"7","4","f","c","8","5","5","c","-","e","9","9","3","-","4","8","2","a","-","a","9","7","b","-","f","d","9","9","8","8","0","7","4","d","d","e"
"e","4","b","2","2","9","a","4","-","9","f","e","4","-","4","7","9","2","-","9","8","f","2","-","3","7","1","9","7","9","e","3","0","9","2","6"
"e","7","7","8","d","d","e","8","-","d","e","c","e","-","4","c","3","7","-","9","4","4","b","-","0","8","0","d","9","8","3","4","5","8","9","d"
"d","0","5","b","e","e","a","8","-","2","7","4","d","-","4","7","2","f","-","b","2","5","1","-","0","e","c","6","0","b","9","4","6","d","2","3"
"a","d","9","b","f","c","1","c","-","c","5","5","3","-","4","8","f","d","-","b","6","f","f","-","a","6","1","1","9","6","8","7","6","a","a","d"
"d","a","4","2","a","8","1","e","-","8","d","5","6","-","4","3","b","1","-","9","f","3","b","-","d","4","9","d","6","5","4","7","b","5","7","1"
"d","f","4","9","0","7","2","8","-","b","f","6","d","-","4","f","c","5","-","8","c","6","9","-","c","2","4","c","4","c","5","1","6","3","5","7"
"c","2","3","0","c","f","f","8","-","3","1","5","c","-","4","f","8","7","-","8","2","a","3","-","c","c","a","9","1","7","8","7","d","c","8","f"
"a","f","d","f","6","9","b","2","-","1","2","3","8","-","4","0","8","7","-","9","e","3","e","-","d","1","f","1","6","5","1","6","a","b","f","5"
"2","9","4","c","2","5","7","3","-","2","1","6","0","-","4","5","1","c","-","a","3","a","b","-","f","0","1","d","b","6","d","5","b","8","3","a"
"3","5","b","f","5","5","4","d","-","9","f","1","f","-","4","c","2","1","-","9","3","3","4","-","8","4","1","6","6","3","b","e","2","f","6","b"
"f","1","5","0","3","1","4","d","-","9","1","6","3","-","4","4","1","c","-","8","9","7","b","-","d","6","3","d","4","1","a","9","d","b","0","a"
"e","2","e","1","5","b","6","e","-","6","7","8","1","-","4","2","1","a","-","a","f","f","d","-","b","9","9","3","1","0","a","8","a","b","2","1"
"9","d","a","4","c","3","c","e","-","3","6","c","b","-","4","4","d","e","-","b","d","f","9","-","a","c","5","9","0","e","c","3","1","b","1","8"
"7","7","1","a","d","3","0","b","-","d","d","6","a","-","4","7","3","8","-","9","7","c","a","-","6","e","7","c","2","c","9","a","7","5","f","9"
"3","0","6","4","b","f","d","9","-","9","0","2","3","-","4","d","0","f","-","9","c","a","7","-","5","e","1","e","8","8","e","f","c","0","f","5"
"0","f","b","9","d","b","7","9","-","6","b","6","0","-","4","0","6","b","-","9","9","0","4","-","1","8","7","9","e","6","9","4","e","a","2","1"
"6","7","6","3","2","7","0","0","-","6","b","1","a","-","4","3","f","4","-","8","5","4","1","-","8","e","7","5","6","a","7","f","b","6","b","f"
"7","2","b","4","0","3","b","a","-","1","5","5","f","-","4","0","3","9","-","a","2","6","0","-","f","3","a","5","2","4","3","2","2","e","9","9"
"0","c","3","3","b","f","2","a","-","8","a","9","c","-","4","0","c","1","-","b","2","f","9","-","6","4","0","7","9","a","8","4","5","c","5","7"
"f","9","9","1","4","5","5","f","-","6","5","3","9","-","4","1","a","e","-","b","5","0","f","-","b","4","5","6","d","0","a","8","f","9","d","6"
"e","1","9","d","9","a","8","7","-","1","d","4","d","-","4","5","a","8","-","9","4","9","f","-","5","8","2","9","2","b","4","8","3","8","e","c"
"8","f","c","f","2","e","5","c","-","c","d","7","b","-","4","3","2","3","-","b","0","a","2","-","3","b","7","8","b","a","a","b","8","1","e","1"
"{","0","6","D","4","1","C","7","0","-","5","E","C","1","-","4","D","9","A","-","8","3","B","4","-","F","1","B","A","1","4","9","3","E","A","A","2","}"
"{","7","6","6","0","5","E","0","6","-","D","B","F","7","-","4","8","2","6","-","9","7","D","A","-","6","5","A","B","6","C","E","D","8","6","C","2","}"
"{","5","E","D","3","0","E","F","9","-","2","C","4","B","-","4","1","C","9","-","9","C","E","E","-","F","8","0","C","F","A","3","0","B","2","E","F","}"
"{","8","6","C","D","9","8","E","0","-","D","5","9","1","-","4","8","C","1","-","8","9","9","E","-","B","1","7","6","0","9","9","D","B","B","9","6","}"
"{","8","0","1","7","7","B","D","5","-","4","4","1","C","-","4","1","C","B","-","A","8","7","B","-","3","6","A","2","9","C","3","1","F","C","7","2","}"
"{","9","8","9","9","B","3","A","3","-","9","1","0","0","-","4","F","8","E","-","8","B","E","B","-","2","D","C","3","0","9","C","0","7","2","2","8","}"
"{","E","7","5","7","4","0","7","4","-","B","9","0","B","-","4","7","1","4","-","9","5","0","C","-","7","F","1","C","A","4","8","1","6","B","B","8","}"
"{","F","4","8","9","C","3","D","4","-","5","F","C","2","-","4","3","A","3","-","9","8","1","6","-","4","7","4","9","5","7","1","A","1","2","D","2","}"
"{","6","E","A","9","3","1","8","B","-","A","9","3","C","-","4","A","2","0","-","8","D","E","B","-","2","D","7","4","3","6","9","D","7","9","7","4","}"
"{","E","F","0","0","A","C","1","9","-","A","D","E","1","-","4","0","D","8","-","A","1","3","2","-","0","8","D","7","0","9","0","F","7","3","D","C","}"
"{","4","A","7","6","3","5","2","2","-","1","A","4","0","-","4","0","7","F","-","A","D","5","6","-","E","7","F","F","7","9","B","F","E","F","7","F","}"
"{","F","D","0","B","4","1","D","1","-","8","D","A","D","-","4","6","E","7","-","8","7","5","1","-","F","5","9","0","D","2","2","C","D","7","1","C","}"
"{","E","C","D","8","2","7","2","B","-","E","7","F","4","-","4","C","C","9","-","9","9","D","7","-","1","5","5","A","0","E","E","8","1","9","0","B","}"
"{","0","9","C","A","8","2","3","6","-","F","C","7","F","-","4","B","9","E","-","8","E","4","D","-","4","C","A","D","1","4","D","7","8","B","7","D","}"
"{","5","9","3","6","2","E","9","4","-","A","3","7","4","-","4","E","0","1","-","B","4","D","A","-","0","E","0","5","D","9","C","0","5","9","E","0","}"
"{","6","7","C","E","7","6","1","E","-","D","2","D","3","-","4","3","3","7","-","9","E","D","A","-","3","9","B","0","A","A","6","8","5","8","D","4","}"
"{","6","B","8","F","6","8","F","4","-","B","2","E","3","-","4","4","9","8","-","A","D","5","8","-","A","E","2","F","4","D","1","E","D","8","F","0","}"
"{","7","0","3","1","C","0","9","D","-","5","C","3","5","-","4","9","4","5","-","B","B","1","A","-","C","B","0","2","F","E","F","9","F","E","E","C","}"
"{","7","4","8","A","D","9","8","4","-","F","A","F","2","-","4","D","9","4","-","8","9","E","7","-","5","2","1","1","4","E","7","C","F","9","C","4","}"
"{","3","6","D","8","6","D","8","5","-","6","2","9","8","-","4","3","5","D","-","A","4","F","8","-","B","4","5","3","A","5","5","D","4","B","D","D","}"
"{","3","E","A","E","2","9","5","D","-","6","1","1","1","-","4","C","6","F","-","8","C","4","4","-","D","D","2","9","C","4","9","F","4","4","7","5","}"
"{","4","5","F","8","0","4","7","3","-","4","8","5","F","-","4","B","9","0","-","A","2","5","1","-","1","E","1","0","7","4","1","D","4","B","6","5","}"
"{","5","6","E","8","D","3","E","B","-","9","6","D","C","-","4","1","B","6","-","B","E","0","B","-","B","5","B","3","E","7","2","A","9","4","0","D","}"
"{","6","9","2","7","D","E","1","0","-","F","2","7","3","-","4","0","0","9","-","9","3","B","3","-","8","0","B","8","2","C","B","F","1","D","E","5","}"
"{","6","E","A","9","1","A","6","7","-","A","1","A","F","-","4","A","2","2","-","8","C","2","B","-","C","6","6","4","0","1","8","4","3","3","3","9","}"
"{","4","2","F","A","3","5","6","4","-","5","9","F","2","-","4","7","3","0","-","A","5","0","4","-","1","3","A","9","F","5","2","C","6","C","8","5","}"
"{","4","5","A","C","3","9","1","A","-","6","D","6","D","-","4","3","C","0","-","8","A","C","2","-","D","B","9","0","8","6","9","5","4","D","B","B","}"
"{","6","1","5","F","C","6","E","F","-","A","2","6","4","-","4","E","C","6","-","A","4","A","C","-","C","A","4","2","5","4","9","9","4","3","2","1","}"
"{","3","6","F","3","1","B","9","1","-","8","0","A","2","-","4","C","4","D","-","A","4","E","3","-","F","F","4","C","A","9","3","3","E","5","E","A","}"
"{","4","9","5","B","2","2","A","5","-","A","E","3","4","-","4","5","3","6","-","B","5","4","7","-","3","F","F","1","D","E","1","B","E","B","0","8","}"
"d","o","i",":","1","0",".","6","0","8","5","/","A","A","/","L","A","C","0","0","1","_","0","2","3","M","T","B","D","0","2","3","R","0","0","_","2","0","0","5","0","9","0","3",".","5","0",".","6"
"d","o","i",":","1","0",".","6","0","8","5","/","A","A","/","J","A","L","X","X","X","_","0","1","5","M","T","B","D","0","1","4","R","0","0","_","2","0","0","6","1","2","0","7",".","5","0",".","4"
"d","o","i",":","1","0",".","6","0","8","5","/","A","A","/","J","H","D","X","0","0","_","X","X","X","I","T","B","D","X","L","S","R","0","1","_","2","0","0","2","0","2","2","8",".","5","0",".","4"
"d","o","i",":","1","0",".","6","0","8","5","/","A","A","/","L","B","3","0","X","X","_","0","3","0","M","H","P","2","0","1","4","R","0","0","_","2","0","1","0","0","6","2","3",".","5","0",".","1"
"d","o","i",":","1","0",".","6","0","8","5","/","A","A","/","P","O","H","X","0","0","_","X","X","X","I","T","B","P","X","L","C","R","0","3","_","2","0","1","1","0","7","1","7",".","5","0",".","2"
"d","o","i",":","1","0",".","6","0","8","5","/","A","A","/","B","B","Y","X","0","0","_","X","X","X","I","T","V","2","X","L","S","R","0","1","_","2","0","1","0","1","0","0","8",".","5","0",".","1"
"R","1","-","x","1","3","2","-","1","3","5","-","0","0","0","3","-","0","0","4"
"R","1","-","x","1","3","2","-","1","3","9","-","0","0","0","1","-","0","0","8"
"R","1","-","x","1","3","2","-","1","3","4","-","0","0","5","8","-","0","0","6"
"R","1","-","x","1","3","8","-","0","8","0","-","0","0","0","8","-","0","0","2"
"R","1","-","x","1","3","8","-","0","8","0","-","0","0","1","4","-","0","0","3"
"R","1","-","x","1","3","8","-","0","8","0","-","0","0","1","1","-","0","0","4"
"B","P","-","x","7","5","0","-","0","0","0","-","0","0","2","8","-","0","0","2"
"R","3","-","x","1","7","4","-","0","0","0","-","0","0","0","3","-","0","0","1"
"R","3","-","x","1","6","2","-","0","0","0","-","0","0","0","1","-","0","0","3"
"R","1","-","x","1","4","0","-","1","2","3","-","0","0","0","2","-","0","0","3"
"R","1","-","x","1","4","1","-","0","6","6","-","0","0","7","3","-","0","0","1"
"R","2","-","x","2","2","7","-","0","0","0","-","0","0","0","8","-","0","0","2"
"R","2","-","x","2","2","4","-","0","0","0","-","0","0","0","3","-","0","0","1"
"R","2","-","x","2","2","9","-","0","0","0","-","0","0","0","6","-","0","0","5"
"R","2","-","x","2","2","0","-","0","0","0","-","0","0","0","2"
"R","1","-","x","1","3","8","-","0","7","9","-","0","0","0","4","-","0","0","8"
"Y","1","-","x","0","1","4","-","0","0","0","-","0","0","0","2","-","0","0","2"
"Y","1","-","x","0","2","9","-","0","0","0","-","0","0","0","5","-","0","0","4"
"Y","1","-","x","0","3","5","-","0","0","0","-","0","0","0","3","-","0","0","5"
"Y","1","-","x","1","0","7","-","0","0","0","-","0","0","0","1","-","0","0","1"
"Y","1","-","x","1","3","3","-","0","0","7","-","0","0","0","2","-","0","0","5"
"Y","1","-","x","0","6","3","-","0","0","0","-","0","0","0","1","-","0","0","2"
"Y","1","-","x","0","2","9","-","0","0","0","-","0","0","0","1","-","0","0","4"
"Y","1","-","x","0","4","5","-","0","0","0","-","0","0","0","2","-","0","0","2"
"Y","1","-","x","0","4","9","-","0","0","0","-","0","0","0","7","-","0","0","3"
"Y","1","-","x","2","5","3","-","0","0","0","-","0","0","0","1","-","0","0","3"
"R","4","-","x","2","6","0","-","2","0","4","-","0","0","1","8","-","0","0","1"
"R","4","-","x","2","6","5","-","0","0","0","-","0","0","1","1","-","0","0","2"
"Y","1","-","x","0","3","0","-","0","0","0","-","0","0","0","1","-","0","0","2"
"Y","1","-","x","0","4","0","-","0","0","0","-","0","0","0","7","-","0","0","1"
"a","e","k","o","s",".","o","r","g",".","a","u","/","c","o","l","l","e","c","t","i","o","n","/","n","s","w",".","g","o","v",".","a","u","/","n","s","w","_","a","t","l","a","s","/","v","i","s","_","f","l","o","r","a","_","m","o","d","u","l","e","/","S","F","M","O","N",".","2","0","1","6","0","8","0","4"
"a","e","k","o","s",".","o","r","g",".","a","u","/","c","o","l","l","e","c","t","i","o","n","/","n","s","w",".","g","o","v",".","a","u","/","n","s","w","_","a","t","l","a","s","/","v","i","s","_","f","l","o","r","a","_","m","o","d","u","l","e","/","V","_","C","O","O","L","U","F","B","4",".","2","0","1","6","0","6","2","9"
"w","w","w",".","l","t","e","r","n",".","o","r","g",".","a","u","/","k","n","b","/","m","e","t","a","c","a","t","/","d","a","t","a","l","i","b","r","a","r","i","a","n",".","6","1",".","4","0","/","h","t","m","l"
"a","e","k","o","s",".","o","r","g",".","a","u","/","c","o","l","l","e","c","t","i","o","n","/","n","s","w",".","g","o","v",".","a","u","/","n","s","w","_","a","t","l","a","s","/","v","i","s","_","f","l","o","r","a","_","m","o","d","u","l","e","/","G","R","E","E","N","A","P","L","O","T",".","2","0","1","6","0","6","2","9"
"a","e","k","o","s",".","o","r","g",".","a","u","/","c","o","l","l","e","c","t","i","o","n","/","n","s","w",".","g","o","v",".","a","u","/","n","s","w","_","a","t","l","a","s","/","v","i","s","_","f","l","o","r","a","_","m","o","d","u","l","e","/","J","T","H","_","S","N",".","2","0","1","6","1","1","2","4"
"w","w","w",".","l","t","e","r","n",".","o","r","g",".","a","u","/","k","n","b","/","m","e","t","a","c","a","t","/","l","t","e","r","n",".","5","7",".","3","5","/","h","t","m","l"
"a","e","k","o","s",".","o","r","g",".","a","u","/","c","o","l","l","e","c","t","i","o","n","/","n","s","w",".","g","o","v",".","a","u","/","n","s","w","_","a","t","l","a","s","/","v","i","s","_","f","l","o","r","a","_","m","o","d","u","l","e","/","R","E","M","S","G","O",".","2","0","1","6","1","1","2","4"
"w","w","w",".","l","t","e","r","n",".","o","r","g",".","a","u","/","k","n","b","/","m","e","t","a","c","a","t","/","l","t","e","r","n","2",".","8","5",".","4","5","/","h","t","m","l"
"w","w","w",".","l","t","e","r","n",".","o","r","g",".","a","u","/","k","n","b","/","m","e","t","a","c","a","t","/","l","t","e","r","n",".","5","2",".","4","2","/","h","t","m","l"
"a","e","k","o","s",".","o","r","g",".","a","u","/","c","o","l","l","e","c","t","i","o","n","/","s","a",".","g","o","v",".","a","u","/","D","E","W","N","R","_","R","O","A","D","S","I","D","E","V","E","G","/","7","5",".","2","0","1","6","1","1","2","1"
"a","e","k","o","s",".","o","r","g",".","a","u","/","c","o","l","l","e","c","t","i","o","n","/","s","a",".","g","o","v",".","a","u","/","b","d","b","s","a","_","v","e","g","/","s","u","r","v","e","y","_","1","0","0",".","2","0","1","6","1","1","2","1"
"a","e","k","o","s",".","o","r","g",".","a","u","/","c","o","l","l","e","c","t","i","o","n","/","n","s","w",".","g","o","v",".","a","u","/","n","s","w","_","a","t","l","a","s","/","v","i","s","_","f","l","o","r","a","_","m","o","d","u","l","e","/","S","K","I","L","L","Y","A","R","R",".","2","0","1","6","0","6","2","9"
"a","e","k","o","s",".","o","r","g",".","a","u","/","c","o","l","l","e","c","t","i","o","n","/","n","s","w",".","g","o","v",".","a","u","/","n","s","w","_","a","t","l","a","s","/","v","i","s","_","f","l","o","r","a","_","m","o","d","u","l","e","/","C","A","M","P",".","2","0","1","6","0","6","2","9"
"a","e","k","o","s",".","o","r","g",".","a","u","/","c","o","l","l","e","c","t","i","o","n","/","n","s","w",".","g","o","v",".","a","u","/","n","s","w","_","a","t","l","a","s","/","v","i","s","_","f","l","o","r","a","_","m","o","d","u","l","e","/","P","I","T","T","W","A","T","E","R",".","2","0","1","6","0","8","0","4"
"a","e","k","o","s",".","o","r","g",".","a","u","/","c","o","l","l","e","c","t","i","o","n","/","n","s","w",".","g","o","v",".","a","u","/","n","s","w","_","a","t","l","a","s","/","v","i","s","_","f","l","o","r","a","_","m","o","d","u","l","e","/","B","H","_","S","N","A","K","E",".","2","0","1","7","0","3","2","0"
"a","e","k","o","s",".","o","r","g",".","a","u","/","c","o","l","l","e","c","t","i","o","n","/","n","s","w",".","g","o","v",".","a","u","/","n","s","w","_","a","t","l","a","s","/","v","i","s","_","f","l","o","r","a","_","m","o","d","u","l","e","/","K","M","_","C","O","N","J",".","2","0","1","6","0","6","2","9"
"a","e","k","o","s",".","o","r","g",".","a","u","/","c","o","l","l","e","c","t","i","o","n","/","s","a",".","g","o","v",".","a","u","/","b","d","b","s","a","_","v","e","g","/","s","u","r","v","e","y","_","1","6",".","2","0","1","6","1","1","2","1"
"a","e","k","o","s",".","o","r","g",".","a","u","/","c","o","l","l","e","c","t","i","o","n","/","n","s","w",".","g","o","v",".","a","u","/","n","s","w","_","a","t","l","a","s","/","v","i","s","_","f","l","o","r","a","_","m","o","d","u","l","e","/","B","A","R","R","A","L",".","2","0","1","6","1","1","2","4"
"a","e","k","o","s",".","o","r","g",".","a","u","/","c","o","l","l","e","c","t","i","o","n","/","n","s","w",".","g","o","v",".","a","u","/","n","s","w","_","a","t","l","a","s","/","v","i","s","_","f","l","o","r","a","_","m","o","d","u","l","e","/","H","I","L","L","T","R","A","N","S",".","2","0","1","7","0","3","2","0"
"a","e","k","o","s",".","o","r","g",".","a","u","/","c","o","l","l","e","c","t","i","o","n","/","n","s","w",".","g","o","v",".","a","u","/","n","s","w","_","a","t","l","a","s","/","v","i","s","_","f","l","o","r","a","_","m","o","d","u","l","e","/","R","E","M","S","G","O",".","2","0","1","6","0","6","2","9"
"a","e","k","o","s",".","o","r","g",".","a","u","/","c","o","l","l","e","c","t","i","o","n","/","n","s","w",".","g","o","v",".","a","u","/","n","s","w","_","a","t","l","a","s","/","v","i","s","_","f","l","o","r","a","_","m","o","d","u","l","e","/","J","T","H","_","C","S","H",".","2","0","1","6","0","6","2","9"
"a","e","k","o","s",".","o","r","g",".","a","u","/","c","o","l","l","e","c","t","i","o","n","/","n","s","w",".","g","o","v",".","a","u","/","n","s","w","_","a","t","l","a","s","/","v","i","s","_","f","l","o","r","a","_","m","o","d","u","l","e","/","K","I","A","M","A",".","2","0","1","6","0","8","0","4"
"a","e","k","o","s",".","o","r","g",".","a","u","/","c","o","l","l","e","c","t","i","o","n","/","n","s","w",".","g","o","v",".","a","u","/","n","s","w","_","a","t","l","a","s","/","v","i","s","_","f","l","o","r","a","_","m","o","d","u","l","e","/","J","T","H","_","E","M",".","2","0","1","7","0","3","2","0"
"a","e","k","o","s",".","o","r","g",".","a","u","/","c","o","l","l","e","c","t","i","o","n","/","a","d","e","l","a","i","d","e",".","e","d","u",".","a","u","/","K","o","o","n","a","m","o","r","e","/","M","y","o","p","o","r","u","m","I","n","d","i","v","i","d","u","a","l","s",".","2","0","1","6","1","1","2","1"
"a","e","k","o","s",".","o","r","g",".","a","u","/","c","o","l","l","e","c","t","i","o","n","/","s","a",".","g","o","v",".","a","u","/","b","d","b","s","a","_","v","e","g","/","s","u","r","v","e","y","_","1","9","4",".","2","0","1","7","0","3","2","8"
"a","e","k","o","s",".","o","r","g",".","a","u","/","c","o","l","l","e","c","t","i","o","n","/","n","s","w",".","g","o","v",".","a","u","/","n","s","w","_","a","t","l","a","s","/","v","i","s","_","f","l","o","r","a","_","m","o","d","u","l","e","/","B","M","N","P","2","0","0","6",".","2","0","1","7","0","3","2","0"
"a","e","k","o","s",".","o","r","g",".","a","u","/","c","o","l","l","e","c","t","i","o","n","/","c","s","i","r","o","/","n","a","t","t","/","a","n","t","s","1","2","1","3",".","2","0","1","6","1","1","2","1"
"a","e","k","o","s",".","o","r","g",".","a","u","/","c","o","l","l","e","c","t","i","o","n","/","n","s","w",".","g","o","v",".","a","u","/","n","s","w","_","a","t","l","a","s","/","v","i","s","_","f","l","o","r","a","_","m","o","d","u","l","e","/","R","I","V","E","R","I","N","A","_","M",".","2","0","1","6","0","6","2","9"
"a","e","k","o","s",".","o","r","g",".","a","u","/","c","o","l","l","e","c","t","i","o","n","/","n","s","w",".","g","o","v",".","a","u","/","n","s","w","_","a","t","l","a","s","/","v","i","s","_","f","l","o","r","a","_","m","o","d","u","l","e","/","N","P","_","R","E","F","_","F","B","3",".","2","0","1","6","0","6","2","9"
"a","e","k","o","s",".","o","r","g",".","a","u","/","c","o","l","l","e","c","t","i","o","n","/","n","s","w",".","g","o","v",".","a","u","/","n","s","w","_","a","t","l","a","s","/","v","i","s","_","f","l","o","r","a","_","m","o","d","u","l","e","/","J","T","H","_","D","C",".","2","0","1","6","1","1","2","4"
"d","o","i",":","1","0",".","6","0","8","5","/","A","A","/","B","B","Y","X","0","0","_","X","X","X","I","T","B","D","X","L","S","R","0","1","_","1","9","9","8","0","4","2","8",".","5","0",".","3"
"d","o","i",":","1","0",".","6","0","8","5","/","A","A","/","B","B","Y","X","0","0","_","X","X","X","I","T","B","D","X","L","S","R","0","1","_","1","9","9","9","0","4","1","4",".","5","0",".","2"
"d","o","i",":","1","0",".","6","0","8","5","/","A","A","/","B","B","Y","X","0","0","_","X","X","X","I","T","B","D","X","L","S","R","0","1","_","2","0","0","3","0","5","0","4",".","5","0",".","2"
"d","o","i",":","1","0",".","6","0","8","5","/","A","A","/","B","B","Y","X","0","0","_","X","X","X","I","T","B","D","X","L","S","R","0","1","_","2","0","0","2","0","3","2","5",".","5","0",".","2"
"d","o","i",":","1","0",".","6","0","8","5","/","A","A","/","B","B","Y","X","0","0","_","X","X","X","I","T","B","D","X","L","S","R","0","1","_","2","0","0","0","0","4","0","6",".","5","0",".","2"
"d","o","i",":","1","0",".","6","0","8","5","/","A","A","/","B","B","Y","X","0","0","_","X","X","X","I","T","B","D","X","L","S","R","0","1","_","2","0","0","0","0","9","2","7",".","5","0",".","1"
"d","o","i",":","1","0",".","6","0","8","5","/","A","A","/","B","E","A","X","X","X","_","0","1","5","M","T","B","D","0","1","4","R","0","0","_","2","0","0","6","0","1","1","8",".","5","0",".","8"
"d","o","i",":","1","0",".","6","0","8","5","/","A","A","/","B","B","Y","X","0","0","_","X","X","X","I","T","B","D","X","L","S","R","0","1","_","2","0","0","6","0","2","2","7",".","5","0",".","1"
"d","o","i",":","1","0",".","6","0","8","5","/","A","A","/","B","B","Y","X","0","0","_","X","X","X","I","T","B","D","X","L","S","R","0","1","_","2","0","0","6","0","5","1","3",".","5","0",".","2"
"d","o","i",":","1","0",".","6","0","8","5","/","A","A","/","B","B","Y","X","0","0","_","X","X","X","I","T","V","2","X","M","M","R","0","3","_","2","0","0","9","0","8","1","9",".","5","0",".","1"
"d","o","i",":","1","0",".","6","0","8","5","/","A","A","/","B","B","Y","X","0","0","_","X","X","X","I","T","B","D","X","L","S","R","0","1","_","2","0","0","3","1","1","2","5",".","5","0",".","3"
"d","o","i",":","1","0",".","6","0","8","5","/","A","A","/","B","E","A","X","X","X","_","0","1","5","M","T","B","D","0","1","4","R","0","0","_","2","0","0","6","0","9","0","7",".","5","0",".","1"
"d","o","i",":","1","0",".","6","0","8","5","/","A","A","/","B","E","A","X","X","X","_","0","1","5","M","T","B","D","0","1","4","R","0","0","_","2","0","0","6","1","0","1","2",".","5","0",".","8"
"d","o","i",":","1","0",".","6","0","8","5","/","A","A","/","B","E","A","X","X","X","_","0","1","5","M","T","B","D","0","1","4","R","0","0","_","2","0","0","6","1","0","1","2",".","5","0",".","9"
"d","o","i",":","1","0",".","6","0","8","5","/","A","A","/","B","E","A","X","X","X","_","0","1","5","M","T","B","D","0","1","4","R","0","0","_","2","0","0","6","1","0","3","1",".","5","0",".","9"
"d","o","i",":","1","0",".","6","0","8","5","/","A","A","/","A","N","S","X","X","X","_","0","1","5","M","T","B","D","0","0","3","R","0","0","_","2","0","0","3","1","2","0","5",".","5","0",".","2"
"d","o","i",":","1","0",".","6","0","8","5","/","A","A","/","A","L","E","X","X","X","_","0","1","5","M","T","B","D","0","1","4","R","0","0","_","2","0","0","1","0","7","2","4",".","5","0",".","2"
"d","o","i",":","1","0",".","6","0","8","5","/","A","A","/","A","L","E","X","X","X","_","0","1","5","M","T","B","D","0","1","4","R","0","0","_","2","0","0","1","0","9","0","7",".","5","0",".","2"
"d","o","i",":","1","0",".","6","0","8","5","/","A","A","/","A","N","S","X","X","X","_","0","1","5","M","T","B","D","0","0","3","R","0","0","_","2","0","0","4","0","5","1","4",".","5","0",".","1"
"d","o","i",":","1","0",".","5","0","6","3","/","A","A","/","n","c","e","a","s",".","9","3","6",".","3"
"d","o","i",":","1","0",".","5","0","6","3","/","A","A","/","n","r","s",".","6","4",".","4"
"d","o","i",":","1","0",".","5","0","6","3","/","A","A","/","N","E","R","C",".","1","3",".","5"
"d","o","i",":","1","0",".","5","0","6","3","/","A","A","/","o","b","f","s",".","1","5","3",".","2"
"d","o","i",":","1","0",".","5","0","6","3","/","A","A","/","o","b","f","s",".","3","3","0",".","1"
"d","o","i",":","1","0",".","5","0","6","3","/","A","A","/","j","w","a","l","s","h",".","3","2",".","1"
"d","o","i",":","1","0",".","5","0","6","3","/","A","A","/","j","b","r","u","n","t",".","5",".","4"
"d","o","i",":","1","0",".","5","0","6","3","/","A","A","/","n","r","s",".","6","6","8",".","1"
"d","o","i",":","1","0",".","5","0","6","3","/","A","A","/","n","c","e","a","s",".","3","1","7",".","4"
"d","o","i",":","1","0",".","5","0","6","3","/","A","A","/","n","c","e","a","s",".","8","8","4",".","2"
"d","o","i",":","1","0",".","5","0","6","3","/","A","A","/","o","b","f","s","2",".","4","6","5",".","1"
"d","o","i",":","1","0",".","5","0","6","3","/","A","A","/","S","a","r","t","w","e","l","l",".","1","2","4",".","4"
"d","o","i",":","1","0",".","5","0","6","3","/","A","A","/","o","b","f","s",".","3","4","6",".","1"
"d","o","i",":","1","0",".","5","0","6","3","/","A","A","/","o","b","f","s",".","8","1",".","2"
"d","o","i",":","1","0",".","5","0","6","3","/","A","A","/","r","w","i","l","l","i","a","m","s",".","4",".","1"
"d","o","i",":","1","0",".","5","0","6","3","/","A","A","/","n","e","w","m","a","n","g",".","8",".","1"
"d","o","i",":","1","0",".","5","0","6","3","/","A","A","/","n","r","s",".","3","6",".","1"
"d","o","i",":","1","0",".","5","0","6","3","/","A","A","/","t","o","n","e","l","o","w","1","3",".","1","0","2","4",".","6"
"d","o","i",":","1","0",".","5","0","6","3","/","A","A","/","j","w","a","l","s","h",".","1","8",".","1"
"d","o","i",":","1","0",".","5","0","6","3","/","A","A","/","n","c","e","a","s",".","1","6","7",".","5"
"d","o","i",":","1","0",".","5","0","6","3","/","A","A","/","n","c","e","a","s",".","9","8","0",".","1"
"d","o","i",":","1","0",".","5","0","6","3","/","A","A","/","n","r","s",".","4","0",".","1"
"d","o","i",":","1","0",".","5","0","6","3","/","A","A","/","n","r","s",".","1","6","9",".","1"
"d","o","i",":","1","0",".","5","0","6","3","/","A","A","/","u","m","a","t","i","l","l","a",".","3","0",".","1"
"d","o","i",":","1","0",".","5","0","6","3","/","A","A","/","n","r","s",".","1","3","5",".","1"
"d","o","i",":","1","0",".","5","0","6","3","/","A","A","/","n","r","s",".","1","4","2",".","3"
"d","o","i",":","1","0",".","5","0","6","3","/","A","A","/","A","r","c","h","i","v","a","l","T","a","g",".","1","6",".","3"
"d","o","i",":","1","0",".","5","0","6","3","/","A","A","/","n","r","s",".","1","8","0",".","4"
"l","i","l","i","a","n","d","i","a","s",".","3","3",".","5"
"n","a","m","a","n",".","5","9","4",".","1"
"l","i","l","i","a","n","d","i","a","s",".","1","1","7",".","2"
"k","a","m","e","l","g","a","c","o",".","6",".","9"
"l","i","l","i","a","n","d","i","a","s",".","3","6",".","5"
"n","a","m","a","n",".","5","4","4",".","4"
"l","i","l","i","a","n","d","i","a","s",".","3","8",".","1"
"m","e","n","g","e","r",".","3","2",".","1"
"P","P","B","i","o","A","m","O","c",".","5","9",".","1","0"
"l","i","l","i","a","n","d","i","a","s",".","5","1",".","2"
"l","i","l","i","a","n","d","i","a","s",".","1","2","5",".","2"
"k","a","m","e","l","g","a","c","o",".","6",".","7"
"n","a","m","a","n",".","1","5",".","8"
"n","a","m","a","n",".","2","2","2",".","3"
"a","e","k","o","s",".","o","r","g",".","a","u","/","c","o","l","l","e","c","t","i","o","n","/","n","s","w",".","g","o","v",".","a","u","/","n","s","w","_","a","t","l","a","s","/","v","i","s","_","f","l","o","r","a","_","m","o","d","u","l","e","/","V","_","M","I","M","O","R","F","B","4",".","2","0","1","7","0","3","2","0"
"a","e","k","o","s",".","o","r","g",".","a","u","/","c","o","l","l","e","c","t","i","o","n","/","n","s","w",".","g","o","v",".","a","u","/","n","s","w","_","a","t","l","a","s","/","v","i","s","_","f","l","o","r","a","_","m","o","d","u","l","e","/","H","I","L","L","V",".","2","0","1","7","0","3","2","0"
"a","e","k","o","s",".","o","r","g",".","a","u","/","c","o","l","l","e","c","t","i","o","n","/","s","a",".","g","o","v",".","a","u","/","D","E","W","N","R","_","R","O","A","D","S","I","D","E","V","E","G","/","3","0",".","2","0","1","6","1","1","2","1"
"a","e","k","o","s",".","o","r","g",".","a","u","/","c","o","l","l","e","c","t","i","o","n","/","n","s","w",".","g","o","v",".","a","u","/","n","s","w","_","a","t","l","a","s","/","v","i","s","_","f","l","o","r","a","_","m","o","d","u","l","e","/","T","S","R","E","S","E","R","V","E",".","2","0","1","6","0","8","0","4"
"a","e","k","o","s",".","o","r","g",".","a","u","/","c","o","l","l","e","c","t","i","o","n","/","n","s","w",".","g","o","v",".","a","u","/","n","s","w","_","a","t","l","a","s","/","v","i","s","_","f","l","o","r","a","_","m","o","d","u","l","e","/","P","_","T","O","W","A","M","F","B","4",".","2","0","1","6","1","1","2","4"
"a","e","k","o","s",".","o","r","g",".","a","u","/","c","o","l","l","e","c","t","i","o","n","/","n","s","w",".","g","o","v",".","a","u","/","n","s","w","_","a","t","l","a","s","/","v","i","s","_","f","l","o","r","a","_","m","o","d","u","l","e","/","V","_","W","A","A","L","I","F","B","4",".","2","0","1","7","0","3","2","0"
"a","e","k","o","s",".","o","r","g",".","a","u","/","c","o","l","l","e","c","t","i","o","n","/","n","s","w",".","g","o","v",".","a","u","/","n","s","w","_","a","t","l","a","s","/","v","i","s","_","f","l","o","r","a","_","m","o","d","u","l","e","/","V","_","M","I","M","O","R","D","B","3",".","2","0","1","6","1","1","2","4"
"8","8","8","2","b","c","2","0","-","6","7","7","4","-","4","5","1","0","-","b","9","c","2","-","d","5","0","b","5","6","a","c","8","f","c","f","-","N","a","n","n","o","_","H","i","g","h","_","2","_","n","e","g",".","x","m","l"
"a","e","k","o","s",".","o","r","g",".","a","u","/","c","o","l","l","e","c","t","i","o","n","/","n","s","w",".","g","o","v",".","a","u","/","n","s","w","_","a","t","l","a","s","/","v","i","s","_","f","l","o","r","a","_","m","o","d","u","l","e","/","N","A","N","D","E","_","W","R","A",".","2","0","1","6","0","6","2","9"
"f","l","h","s","u",".","7","1",".","5"
"i","e","s","n",".","6",".","2"
"d","e","n","g","s","l",".","6","2",".","2"
"a","e","k","o","s",".","o","r","g",".","a","u","/","c","o","l","l","e","c","t","i","o","n","/","n","s","w",".","g","o","v",".","a","u","/","n","s","w","_","a","t","l","a","s","/","v","i","s","_","f","l","o","r","a","_","m","o","d","u","l","e","/","R","H",".","2","0","1","5","0","5","1","5"
"f","c","h",".","6",".","4"
"j","o","s","e","p","h","w","a","n","g","2","3",".","6",".","4"
"h","y","l","i","n",".","3",".","2","0"
"i","e","s","n",".","2","6",".","1"
"i","e","s","n",".","1","4",".","3"
"i","e","s","n",".","7",".","3"
"i","e","s","n",".","1","1",".","5"
"y","h","w","a","n","g","_","t","f","r","i",".","3",".","6"
"i","e","s","n",".","2","0",".","6"
"i","e","s","n",".","2","5",".","2"
"s","h","c","h","a","n","g",".","5","8",".","7"
"c","h","i","e","n",".","5","9",".","1","2"
"y","j","c",".","2","3",".","7"
"i","e","s","n",".","2","1",".","6"
"i","e","s","n",".","2","2",".","6"
"i","e","s","n",".","1","2",".","3"
"i","e","s","n",".","2","9",".","1"
"i","e","s","n",".","1","6",".","1"
"d","f","3","5","j",".","2","9",".","4"
"d","f","3","5","f",".","2","2",".","1","2"
"d","f","3","5","j",".","2","6",".","7"
"d","f","3","5","r",".","7",".","7"
"d","f","3","5","j",".","2","6",".","1","1"
"d","f","3","5","d",".","3","1","7",".","1","2"
"a","e","k","o","s",".","o","r","g",".","a","u","/","c","o","l","l","e","c","t","i","o","n","/","n","s","w",".","g","o","v",".","a","u","/","n","s","w","_","a","t","l","a","s","/","v","i","s","_","f","l","o","r","a","_","m","o","d","u","l","e","/","D","R","P","_","2","0","0","0",".","2","0","1","6","0","6","2","9"
"w","w","w",".","l","t","e","r","n",".","o","r","g",".","a","u","/","k","n","b","/","m","e","t","a","c","a","t","/","l","t","e","r","n","2",".","2","8",".","5","5","/","h","t","m","l"
"w","w","w",".","l","t","e","r","n",".","o","r","g",".","a","u","/","k","n","b","/","m","e","t","a","c","a","t","/","l","t","e","r","n","2",".","2","8","3",".","2","7","/","h","t","m","l"
"w","w","w",".","l","t","e","r","n",".","o","r","g",".","a","u","/","k","n","b","/","m","e","t","a","c","a","t","/","l","t","e","r","n","2",".","4","0","0",".","5","/","h","t","m","l"
"a","e","k","o","s",".","o","r","g",".","a","u","/","c","o","l","l","e","c","t","i","o","n","/","n","s","w",".","g","o","v",".","a","u","/","n","s","w","_","a","t","l","a","s","/","v","i","s","_","f","l","o","r","a","_","m","o","d","u","l","e","/","C","P","_","R","E","S","T","O","R","E",".","2","0","1","7","0","3","2","0"
"a","e","k","o","s",".","o","r","g",".","a","u","/","c","o","l","l","e","c","t","i","o","n","/","n","s","w",".","g","o","v",".","a","u","/","n","s","w","_","a","t","l","a","s","/","v","i","s","_","f","l","o","r","a","_","m","o","d","u","l","e","/","H","A","Y","R","S","_","R","E","P",".","2","0","1","6","1","1","2","4"
"a","e","k","o","s",".","o","r","g",".","a","u","/","c","o","l","l","e","c","t","i","o","n","/","n","s","w",".","g","o","v",".","a","u","/","n","s","w","_","a","t","l","a","s","/","v","i","s","_","f","l","o","r","a","_","m","o","d","u","l","e","/","J","T","H","_","U","B",".","2","0","1","6","1","1","2","4"
"a","e","k","o","s",".","o","r","g",".","a","u","/","c","o","l","l","e","c","t","i","o","n","/","n","s","w",".","g","o","v",".","a","u","/","n","s","w","_","a","t","l","a","s","/","v","i","s","_","f","l","o","r","a","_","m","o","d","u","l","e","/","J","T","H","_","L","A",".","2","0","1","6","0","8","0","4"
"a","e","k","o","s",".","o","r","g",".","a","u","/","c","o","l","l","e","c","t","i","o","n","/","n","s","w",".","g","o","v",".","a","u","/","n","s","w","_","a","t","l","a","s","/","v","i","s","_","f","l","o","r","a","_","m","o","d","u","l","e","/","M","E","R","_","W",".","2","0","1","7","0","3","2","0"
"a","e","k","o","s",".","o","r","g",".","a","u","/","c","o","l","l","e","c","t","i","o","n","/","n","s","w",".","g","o","v",".","a","u","/","n","s","w","_","a","t","l","a","s","/","v","i","s","_","f","l","o","r","a","_","m","o","d","u","l","e","/","R","E","M","S","W","Y",".","2","0","1","6","0","8","0","4"
"a","e","k","o","s",".","o","r","g",".","a","u","/","c","o","l","l","e","c","t","i","o","n","/","n","s","w",".","g","o","v",".","a","u","/","n","s","w","_","a","t","l","a","s","/","v","i","s","_","f","l","o","r","a","_","m","o","d","u","l","e","/","U","M","C","7",".","2","0","1","6","1","1","2","4"
"a","e","k","o","s",".","o","r","g",".","a","u","/","c","o","l","l","e","c","t","i","o","n","/","n","s","w",".","g","o","v",".","a","u","/","n","s","w","_","a","t","l","a","s","/","v","i","s","_","f","l","o","r","a","_","m","o","d","u","l","e","/","N","A","T","T","A","I",".","2","0","1","6","0","8","0","4"
"a","e","k","o","s",".","o","r","g",".","a","u","/","c","o","l","l","e","c","t","i","o","n","/","s","a",".","g","o","v",".","a","u","/","b","d","b","s","a","_","v","e","g","/","s","u","r","v","e","y","_","2","8",".","2","0","1","6","0","8","0","1"
"a","e","k","o","s",".","o","r","g",".","a","u","/","c","o","l","l","e","c","t","i","o","n","/","n","s","w",".","g","o","v",".","a","u","/","n","s","w","_","a","t","l","a","s","/","v","i","s","_","f","l","o","r","a","_","m","o","d","u","l","e","/","J","T","H","_","B","I","D",".","2","0","1","6","1","1","2","4"
"a","e","k","o","s",".","o","r","g",".","a","u","/","c","o","l","l","e","c","t","i","o","n","/","n","s","w",".","g","o","v",".","a","u","/","n","s","w","_","a","t","l","a","s","/","v","i","s","_","f","l","o","r","a","_","m","o","d","u","l","e","/","C","O","P","P","E","R","9","9",".","2","0","1","6","0","6","2","9"
"a","e","k","o","s",".","o","r","g",".","a","u","/","c","o","l","l","e","c","t","i","o","n","/","n","s","w",".","g","o","v",".","a","u","/","n","s","w","_","a","t","l","a","s","/","v","i","s","_","f","l","o","r","a","_","m","o","d","u","l","e","/","J","T","H","_","K","W",".","2","0","1","5","0","5","1","5"
"a","e","k","o","s",".","o","r","g",".","a","u","/","c","o","l","l","e","c","t","i","o","n","/","n","s","w",".","g","o","v",".","a","u","/","n","s","w","_","a","t","l","a","s","/","v","i","s","_","f","l","o","r","a","_","m","o","d","u","l","e","/","J","T","H","_","D","P",".","2","0","1","6","1","1","2","4"
"a","e","k","o","s",".","o","r","g",".","a","u","/","c","o","l","l","e","c","t","i","o","n","/","n","s","w",".","g","o","v",".","a","u","/","n","s","w","_","a","t","l","a","s","/","v","i","s","_","f","l","o","r","a","_","m","o","d","u","l","e","/","P","C","C","O","A","S","T",".","2","0","1","6","0","8","0","4"
"e","s","a",".","9","0",".","3"
"e","s","a",".","6","8",".","3"
"e","s","a",".","9","2",".","2"
"e","s","a",".","5","5",".","3"
"e","s","a",".","1","9",".","1"
"e","s","a",".","5","3",".","2"
"e","s","a",".","1","0","5",".","2"
"e","s","a",".","8","4",".","2"
"e","s","a",".","9",".","3"
"e","s","a",".","1","9",".","2"
"e","s","a",".","3","5",".","3"
"e","s","a",".","6","9",".","4"
"e","s","a",".","9","8",".","1"
"e","s","a",".","1","0","1",".","2"
"e","s","a",".","9","9",".","2"
"e","s","a",".","8",".","7"
"e","s","a",".","5","1",".","3"
"e","s","a",".","9","5",".","1"
"e","s","a",".","3","2",".","6"
"e","s","a",".","1","0","0",".","2"
"e","s","a",".","9","1",".","3"
"e","s","a",".","4","6",".","5"
"e","s","a",".","9",".","5"
"e","s","a",".","5","3",".","1"
"e","s","a",".","9","3",".","1"
"e","s","a",".","7",".","8"
"e","s","a",".","6","5",".","1"
"e","s","a",".","7",".","2"
"e","s","a",".","3","4",".","3"
"e","s","a",".","3","0",".","2"
"s","e","a","d","v","a","-","E","s","s","a","w","y","B","a","k","i","n","a","m","c","8","e","5","3","3","6","6","-","8","7","4","5","-","4","0","0","9","-","b","b","3","8","-","7","8","6","e","e","4","9","c","d","6","f","e"
"s","e","a","d","-","b","o","d","e","-","0","b","f","5","a","0","a","7","-","8","3","1","d","-","4","e","1","1","-","b","f","5","b","-","2","7","f","9","c","6","0","2","2","c","8","5"
"s","e","a","d","v","a","-","A","a","r","o","n","B","u","f","e","-","c","5","4","6","6","5","6","b","-","6","5","8","0","-","4","d","f","2","-","9","0","a","d","-","c","7","e","3","2","d","9","9","9","1","b","4"
"s","e","a","d","v","a","-","L","e","s","l","i","e","H","s","u","-","c","1","d","d","0","8","6","d","-","3","e","3","a","-","4","7","c","c","-","a","f","0","f","-","0","1","d","d","5","a","2","d","e","5","f","3"
"s","e","a","d","v","a","-","b","f","a","a","5","4","9","3","-","4","d","2","2","-","4","4","6","9","-","8","6","3","6","-","b","4","7","8","5","9","7","9","e","8","3","a"
"s","e","a","d","v","a","-","E","s","s","a","w","y","B","a","k","i","n","a","m","0","6","6","d","e","0","b","8","-","a","0","c","9","-","4","7","2","4","-","9","1","3","a","-","9","0","6","0","f","8","2","1","4","8","f","1"
"s","e","a","d","v","a","-","n","o","n","e","e","9","0","3","e","4","7","6","-","9","b","d","d","-","4","3","3","2","-","8","2","3","a","-","a","a","b","e","a","1","6","2","a","c","d","6"
"s","e","a","d","v","a","-","L","e","s","l","i","e","H","s","u","-","b","2","9","a","4","4","b","8","-","b","6","e","0","-","4","0","0","f","-","b","5","3","6","-","8","0","4","2","4","6","e","a","1","2","9","c"
"s","e","a","d","v","a","-","d","e","6","4","e","b","2","b","-","c","f","f","1","-","4","d","f","4","-","b","b","b","4","-","9","0","c","7","7","1","3","b","e","7","c","2"
"s","e","a","d","v","a","-","2","e","a","5","2","a","9","f","-","1","8","1","a","-","4","3","d","6","-","b","3","b","2","-","9","c","2","7","d","2","6","0","3","e","8","c"
"s","e","a","d","v","a","-","M","i","r","z","a","B","i","l","l","a","h","-","b","6","c","2","f","9","1","4","-","c","a","9","4","-","4","d","2","6","-","9","7","c","f","-","3","1","4","5","c","9","8","e","9","8","2","7"
"s","e","a","d","v","a","-","B","a","k","i","n","a","m","E","s","s","a","w","y","-","b","c","3","0","4","1","9","4","-","a","c","b","8","-","4","8","8","5","-","b","b","a","0","-","6","f","5","6","6","e","c","f","e","b","c","a"
"s","e","a","d","v","a","-","0","6","6","a","5","d","9","8","-","e","9","3","7","-","4","4","5","8","-","a","d","c","7","-","3","1","5","9","c","c","8","2","7","8","6","d"
"s","e","a","d","v","a","-","1","5","b","5","1","3","d","d","-","a","f","6","d","-","4","0","7","7","-","8","f","b","2","-","5","5","4","b","7","c","b","6","9","9","a","0"
"s","e","a","d","v","a","-","3","9","c","2","f","d","0","9","-","1","8","5","d","-","4","3","c","d","-","8","9","7","7","-","9","8","5","e","5","b","a","1","b","9","4","c"
"s","e","a","d","v","a","-","b","6","a","7","e","d","2","2","-","7","d","b","7","-","4","2","3","e","-","a","d","9","7","-","1","e","e","4","a","8","7","d","3","e","f","9"
"s","e","a","d","v","a","-","5","9","9","8","2","2","4","e","-","3","f","2","4","-","4","0","8","0","-","9","7","7","4","-","8","5","d","e","9","e","2","9","e","6","b","2"
"s","e","a","d","v","a","-","5","b","b","a","3","d","d","b","-","8","e","7","7","-","4","b","c","c","-","9","6","f","7","-","b","0","1","0","8","d","c","5","b","3","5","d"
"s","e","a","d","v","a","-","3","9","9","f","a","f","e","d","-","f","a","4","e","-","4","7","f","1","-","b","a","8","e","-","a","1","e","c","5","f","5","8","a","b","c","7"
"s","e","a","d","v","a","-","2","0","e","f","8","e","4","e","-","1","2","f","d","-","4","2","4","4","-","b","e","1","9","-","7","a","7","9","c","8","2","7","e","8","5","f"
"s","e","a","d","v","a","-","L","e","s","l","i","e","H","s","u","-","e","d","c","8","6","5","4","0","-","e","1","8","f","-","4","e","5","1","-","9","e","4","6","-","8","f","2","f","3","d","2","f","e","2","2","b"
"s","e","a","d","v","a","-","b","8","4","a","3","c","8","a","-","0","7","3","2","-","4","8","9","1","-","b","9","5","0","-","3","c","4","8","d","1","9","c","0","7","8","b"
"s","e","a","d","v","a","-","c","4","5","6","d","f","f","3","-","1","f","2","5","-","4","6","b","d","-","9","2","6","c","-","c","7","f","8","e","1","3","8","9","6","c","6"
"s","e","a","d","v","a","-","b","a","9","7","5","f","8","b","-","b","8","b","5","-","4","a","3","f","-","9","f","7","3","-","a","0","9","0","a","a","5","a","b","5","1","f"
"s","e","a","d","v","a","-","4","5","f","2","b","1","d","d","-","b","4","0","6","-","4","b","c","1","-","9","2","6","f","-","a","d","0","7","1","9","1","2","9","c","5","d"
"s","e","a","d","-","S","i","n","g","h","-","A","r","v","i","n","d","-","2","f","f","1","5","a","1","b","-","f","9","b","e","-","4","3","b","8","-","a","4","0","8","-","c","1","d","c","6","4","7","d","1","2","e","a"
"s","e","a","d","-","B","o","d","e","-","C","o","l","l","i","n","-","c","9","1","3","8","c","f","9","-","0","e","e","e","-","4","5","1","1","-","8","3","0","c","-","3","d","3","f","8","b","8","c","a","7","8","5"
"s","e","a","d","v","a","-","A","a","r","o","n","B","u","f","e","-","d","5","8","9","8","2","a","3","-","f","b","e","4","-","4","2","d","9","-","b","e","3","b","-","3","4","b","8","3","2","6","0","6","4","5","3"
"s","e","a","d","v","a","-","e","f","d","7","e","c","6","7","-","3","4","e","d","-","4","6","6","c","-","8","b","1","a","-","b","6","3","2","2","b","e","d","c","8","a","3"
"s","e","a","d","v","a","-","a","7","5","a","8","b","4","f","-","7","d","3","5","-","4","c","9","a","-","b","9","4","a","-","6","e","0","f","8","1","9","4","e","6","f","9"
"a","e","k","o","s",".","o","r","g",".","a","u","/","c","o","l","l","e","c","t","i","o","n","/","n","s","w",".","g","o","v",".","a","u","/","n","s","w","_","a","t","l","a","s","/","v","i","s","_","f","l","o","r","a","_","m","o","d","u","l","e","/","S","F","M","O","N",".","2","0","1","6","0","8","0","4"
"a","e","k","o","s",".","o","r","g",".","a","u","/","c","o","l","l","e","c","t","i","o","n","/","n","s","w",".","g","o","v",".","a","u","/","n","s","w","_","a","t","l","a","s","/","v","i","s","_","f","l","o","r","a","_","m","o","d","u","l","e","/","J","T","H","_","W","O","R",".","2","0","1","6","0","8","0","4"
"a","e","k","o","s",".","o","r","g",".","a","u","/","c","o","l","l","e","c","t","i","o","n","/","n","s","w",".","g","o","v",".","a","u","/","n","s","w","_","a","t","l","a","s","/","v","i","s","_","f","l","o","r","a","_","m","o","d","u","l","e","/","K","I","N","C","H","E","G","A",".","2","0","1","6","0","8","0","4"
"a","e","k","o","s",".","o","r","g",".","a","u","/","c","o","l","l","e","c","t","i","o","n","/","n","s","w",".","g","o","v",".","a","u","/","n","s","w","_","a","t","l","a","s","/","v","i","s","_","f","l","o","r","a","_","m","o","d","u","l","e","/","N","D","W",".","2","0","1","6","0","8","0","4"
"a","e","k","o","s",".","o","r","g",".","a","u","/","c","o","l","l","e","c","t","i","o","n","/","n","s","w",".","g","o","v",".","a","u","/","n","s","w","_","a","t","l","a","s","/","v","i","s","_","f","l","o","r","a","_","m","o","d","u","l","e","/","J","T","H","_","I","M",".","2","0","1","6","1","1","2","4"
"a","e","k","o","s",".","o","r","g",".","a","u","/","c","o","l","l","e","c","t","i","o","n","/","n","s","w",".","g","o","v",".","a","u","/","n","s","w","_","a","t","l","a","s","/","v","i","s","_","f","l","o","r","a","_","m","o","d","u","l","e","/","N","A","B","I","A","C",".","2","0","1","7","0","3","2","0"
"a","e","k","o","s",".","o","r","g",".","a","u","/","c","o","l","l","e","c","t","i","o","n","/","s","a",".","g","o","v",".","a","u","/","D","E","W","N","R","_","R","O","A","D","S","I","D","E","V","E","G","/","4","5",".","2","0","1","7","0","3","1","7"
"a","e","k","o","s",".","o","r","g",".","a","u","/","c","o","l","l","e","c","t","i","o","n","/","n","s","w",".","g","o","v",".","a","u","/","n","s","w","_","a","t","l","a","s","/","v","i","s","_","f","l","o","r","a","_","m","o","d","u","l","e","/","N","P","_","W","A","D","B","I","L",".","2","0","1","6","1","1","2","4"
"w","w","w",".","l","t","e","r","n",".","o","r","g",".","a","u","/","k","n","b","/","m","e","t","a","c","a","t","/","l","t","e","r","n","2",".","4","8","3",".","6","/","h","t","m","l"
"w","w","w",".","l","t","e","r","n",".","o","r","g",".","a","u","/","k","n","b","/","m","e","t","a","c","a","t","/","l","t","e","r","n","2",".","5","5","1",".","4","/","h","t","m","l"
"w","w","w",".","s","u","p","e","r","s","i","t","e","s",".","n","e","t",".","a","u","/","k","n","b","/","m","e","t","a","c","a","t","/","s","u","p","e","r","s","i","t","e",".","7","1",".","1","2","/","h","t","m","l"
"w","w","w",".","l","t","e","r","n",".","o","r","g",".","a","u","/","k","n","b","/","m","e","t","a","c","a","t","/","l","t","e","r","n","2",".","4","8","5",".","8","/","h","t","m","l"
"a","e","k","o","s",".","o","r","g",".","a","u","/","c","o","l","l","e","c","t","i","o","n","/","n","s","w",".","g","o","v",".","a","u","/","n","s","w","_","a","t","l","a","s","/","v","i","s","_","f","l","o","r","a","_","m","o","d","u","l","e","/","S","c","h","e","y","v","i","l","l","e",".","2","0","1","6","0","8","0","4"
"d","o","i",":","1","0",".","5","0","6","3","/","A","A","/","o","b","f","s",".","1","1","1",".","1"
"d","o","i",":","1","0",".","5","0","6","3","/","A","A","/","n","r","s",".","9",".","2"
"d","o","i",":","1","0",".","5","0","6","3","/","A","A","/","n","r","s",".","6","3",".","1"
"d","o","i",":","1","0",".","5","0","6","3","/","A","A","/","n","c","e","a","s",".","9","7","4",".","2"
"d","o","i",":","1","0",".","5","0","6","3","/","A","A","/","n","r","s",".","1","2","7",".","2"
"d","o","i",":","1","0",".","5","0","6","3","/","A","A","/","o","b","f","s",".","2","6","5",".","1"
"d","o","i",":","1","0",".","5","0","6","3","/","A","A","/","j","b","r","u","n","t",".","8",".","3"
"d","o","i",":","1","0",".","5","0","6","3","/","A","A","/","t","o","n","e","l","o","w","1","3",".","1","0","8","6",".","1"
"d","o","i",":","1","0",".","5","0","6","3","/","A","A","/","n","r","s",".","7","9","5",".","1"
"d","o","i",":","1","0",".","5","0","6","3","/","A","A","/","n","c","e","a","s",".","9","8","4",".","1"
"d","o","i",":","1","0",".","5","0","6","3","/","A","A","/","k","n","b",".","2","8","0",".","1"
"e","s","a",".","1",".","2"
"d","o","i",":","1","0",".","5","0","6","3","/","A","A","/","k","n","b",".","2","5","3",".","1"
"d","o","i",":","1","0",".","5","0","6","3","/","A","A","/","o","b","f","s",".","9","0",".","3"
"d","o","i",":","1","0",".","5","0","6","3","/","A","A","/","n","r","s",".","1","0","0",".","1"
"d","o","i",":","1","0",".","5","0","6","3","/","A","A","/","n","r","s",".","3","2",".","1"
"d","o","i",":","1","0",".","5","0","6","3","/","A","A","/","n","r","s",".","1","6","8",".","1"
"d","o","i",":","1","0",".","5","0","6","3","/","A","A","/","b","m","a","r","d","i","a","n",".","8",".","3"
"d","o","i",":","1","0",".","5","0","6","3","/","A","A","/","b","m","a","r","d","i","a","n",".","3",".","1"
"d","o","i",":","1","0",".","5","0","6","3","/","A","A","/","n","c","e","a","s",".","9","8","0",".","1"
"d","o","i",":","1","0",".","5","0","6","3","/","A","A","/","S","a","r","t","w","e","l","l",".","8","7",".","1"
"d","o","i",":","1","0",".","5","0","6","3","/","A","A","/","n","r","s",".","1","0","7",".","2"
"d","o","i",":","1","0",".","5","0","6","3","/","A","A","/","o","b","f","s",".","9","0",".","2"
"d","o","i",":","1","0",".","5","0","6","3","/","A","A","/","n","c","e","a","s",".","9","1","3",".","3"
"d","o","i",":","1","0",".","5","0","6","3","/","A","A","/","o","b","f","s",".","2","2","2",".","3"
"d","o","i",":","1","0",".","5","0","6","3","/","A","A","/","n","c","e","a","s",".","9","7","8",".","1"
"d","o","i",":","1","0",".","5","0","6","3","/","A","A","/","o","b","f","s",".","2","6","3",".","1"
"d","o","i",":","1","0",".","5","0","6","3","/","A","A","/","o","b","f","s",".","2","6","4",".","2"
"e","s","a",".","1",".","1"
"d","o","i",":","1","0",".","6","0","6","7",":","X","C","V","8","D","B","8","0","0","4","_","m","e","t","a"
"d","o","i",":","1","0",".","6","0","6","7",":","X","C","V","8","3","N","2","2","5","9","_","m","e","t","a"
"d","o","i",":","1","0",".","6","0","6","7",":","X","C","V","8","T","1","5","1","V","1","_","m","e","t","a"
"d","o","i",":","1","0",".","6","0","6","7",":","X","C","V","8","X","W","4","H","Q","R","_","m","e","t","a"
"d","o","i",":","1","0",".","6","0","6","7",":","X","C","V","8","J","3","8","R","H","4","_","m","e","t","a"
"d","o","i",":","1","0",".","6","0","6","7",":","X","C","V","8","F","F","3","Q","X","M","_","m","e","t","a"
"d","o","i",":","1","0",".","6","0","6","7",":","X","C","V","8","Q","8","1","C","1","D","_","m","e","t","a"
"d","o","i",":","1","0",".","6","0","6","7",":","X","C","V","8","6","H","4","K","6","F","_","m","e","t","a"
"d","o","i",":","1","0",".","6","0","6","7",":","X","C","V","8","Q","8","1","B","1","X","_","m","e","t","a"
"d","o","i",":","1","0",".","6","0","6","7",":","X","C","V","8","6","W","9","8","D","0","_","m","e","t","a"
"d","o","i",":","1","0",".","6","0","6","7",":","X","C","V","8","T","D","9","V","G","8","_","m","e","t","a"
"d","o","i",":","1","0",".","6","0","6","7",":","X","C","V","8","7","P","8","X","9","2","_","m","e","t","a"
"d","o","i",":","1","0",".","6","0","6","7",":","X","C","V","8","F","X","7","8","0","Z","_","m","e","t","a"
"d","o","i",":","1","0",".","6","0","6","7",":","X","C","V","8","D","N","4","4","2","1","_","m","e","t","a"
"d","o","i",":","1","0",".","6","0","6","7",":","X","C","V","8","5","Q","4","T","8","Z","_","m","e","t","a"
"d","o","i",":","1","0",".","6","0","6","7",":","X","C","V","8","B","5","6","H","8","S","_","m","e","t","a"
"d","o","i",":","1","0",".","6","0","6","7",":","X","C","V","8","3","1","9","T","K","T","_","m","e","t","a"
"d","o","i",":","1","0",".","6","0","6","7",":","X","C","V","8","M","9","0","7","9","F","_","m","e","t","a"
"d","o","i",":","1","0",".","6","0","6","7",":","X","C","V","8","J","H","3","J","C","W","_","m","e","t","a"
"d","o","i",":","1","0",".","6","0","6","7",":","X","C","V","8","9","W","0","D","K","M","_","m","e","t","a"
"d","o","i",":","1","0",".","6","0","6","7",":","X","C","V","8","N","2","9","V","G","7","_","m","e","t","a"
"d","o","i",":","1","0",".","6","0","6","7",":","X","C","V","8","3","X","8","4","R","2","_","m","e","t","a"
"d","o","i",":","1","0",".","6","0","6","7",":","X","C","V","8","M","0","4","4","D","M","_","m","e","t","a"
"d","o","i",":","1","0",".","6","0","6","7",":","X","C","V","8","8","0","5","0","Q","0","_","m","e","t","a"
"d","o","i",":","1","0",".","6","0","6","7",":","X","C","V","8","5","7","1","9","N","8","_","m","e","t","a"
"d","o","i",":","1","0",".","6","0","6","7",":","X","C","V","8","W","3","7","V","B","B","_","m","e","t","a"
"d","o","i",":","1","0",".","6","0","6","7",":","X","C","V","8","X","0","6","6","3","7","_","m","e","t","a"
"d","o","i",":","1","0",".","6","0","6","7",":","X","C","V","8","K","W","5","H","4","M","_","m","e","t","a"
"d","o","i",":","1","0",".","6","0","6","7",":","X","C","V","8","3","J","3","B","V","Q","_","m","e","t","a"
"d","o","i",":","1","0",".","6","0","6","7",":","X","C","V","8","4","B","3","0","7","G","_","m","e","t","a"
"a","r","k",":","/","c","5","1","4","6","/","r","3","t","p","4","d","/","1","/","m","r","t","-","d","a","t","a","c","i","t","e",".","x","m","l"
"a","e","k","o","s",".","o","r","g",".","a","u","/","c","o","l","l","e","c","t","i","o","n","/","s","a",".","g","o","v",".","a","u","/","b","d","b","s","a","_","v","e","g","/","s","u","r","v","e","y","_","5","4",".","2","0","1","6","0","8","0","1"
"w","w","w",".","l","t","e","r","n",".","o","r","g",".","a","u","/","k","n","b","/","m","e","t","a","c","a","t","/","l","t","e","r","n","2",".","5","4","9",".","4","/","h","t","m","l"
"a","e","k","o","s",".","o","r","g",".","a","u","/","c","o","l","l","e","c","t","i","o","n","/","n","s","w",".","g","o","v",".","a","u","/","n","s","w","_","a","t","l","a","s","/","v","i","s","_","f","l","o","r","a","_","m","o","d","u","l","e","/","S","Y","D","W","A","T","E","R","_","A",".","2","0","1","6","0","6","2","9"
"a","e","k","o","s",".","o","r","g",".","a","u","/","c","o","l","l","e","c","t","i","o","n","/","n","s","w",".","g","o","v",".","a","u","/","n","s","w","_","a","t","l","a","s","/","v","i","s","_","f","l","o","r","a","_","m","o","d","u","l","e","/","G","I","B","R","A","L","T","A","N","R",".","2","0","1","6","0","2","0","2"
"a","e","k","o","s",".","o","r","g",".","a","u","/","c","o","l","l","e","c","t","i","o","n","/","s","a",".","g","o","v",".","a","u","/","b","d","b","s","a","_","v","e","g","/","s","u","r","v","e","y","_","8","6",".","2","0","1","6","0","8","0","1"
"a","e","k","o","s",".","o","r","g",".","a","u","/","c","o","l","l","e","c","t","i","o","n","/","n","s","w",".","g","o","v",".","a","u","/","n","s","w","_","a","t","l","a","s","/","v","i","s","_","f","l","o","r","a","_","m","o","d","u","l","e","/","E","D","E","N","V","I",".","2","0","1","7","0","3","2","0"
"a","e","k","o","s",".","o","r","g",".","a","u","/","c","o","l","l","e","c","t","i","o","n","/","n","s","w",".","g","o","v",".","a","u","/","n","s","w","_","a","t","l","a","s","/","v","i","s","_","f","l","o","r","a","_","m","o","d","u","l","e","/","V","_","I","L","L","A","W","D","B","3",".","2","0","1","6","0","2","0","2"
"a","e","k","o","s",".","o","r","g",".","a","u","/","c","o","l","l","e","c","t","i","o","n","/","n","s","w",".","g","o","v",".","a","u","/","n","s","w","_","a","t","l","a","s","/","v","i","s","_","f","l","o","r","a","_","m","o","d","u","l","e","/","L","M","D","C","M","A","_","V","E","G",".","2","0","1","7","0","3","2","0"
"a","e","k","o","s",".","o","r","g",".","a","u","/","c","o","l","l","e","c","t","i","o","n","/","n","s","w",".","g","o","v",".","a","u","/","n","s","w","_","a","t","l","a","s","/","v","i","s","_","f","l","o","r","a","_","m","o","d","u","l","e","/","J","T","H","_","B","M","W",".","2","0","1","7","0","3","2","0"
"a","e","k","o","s",".","o","r","g",".","a","u","/","c","o","l","l","e","c","t","i","o","n","/","n","s","w",".","g","o","v",".","a","u","/","n","s","w","_","a","t","l","a","s","/","v","i","s","_","f","l","o","r","a","_","m","o","d","u","l","e","/","T","U","G","G","E","R","A","H",".","2","0","1","7","0","3","2","0"
"a","e","k","o","s",".","o","r","g",".","a","u","/","c","o","l","l","e","c","t","i","o","n","/","n","s","w",".","g","o","v",".","a","u","/","n","s","w","_","a","t","l","a","s","/","v","i","s","_","f","l","o","r","a","_","m","o","d","u","l","e","/","K","L","M","R","I","V",".","2","0","1","5","0","5","1","5"
"w","w","w",".","s","u","p","e","r","s","i","t","e","s",".","n","e","t",".","a","u","/","k","n","b","/","m","e","t","a","c","a","t","/","s","u","p","e","r","s","i","t","e",".","1","2","6",".","6","/","h","t","m","l"
"w","w","w",".","s","u","p","e","r","s","i","t","e","s",".","n","e","t",".","a","u","/","k","n","b","/","m","e","t","a","c","a","t","/","s","u","p","e","r","s","i","t","e",".","1","6","2",".","6","/","h","t","m","l"
"w","w","w",".","s","u","p","e","r","s","i","t","e","s",".","n","e","t",".","a","u","/","k","n","b","/","m","e","t","a","c","a","t","/","s","u","p","e","r","s","i","t","e",".","1","1","6",".","1","1","/","h","t","m","l"
"w","w","w",".","s","u","p","e","r","s","i","t","e","s",".","n","e","t",".","a","u","/","k","n","b","/","m","e","t","a","c","a","t","/","l","l","o","y","d",".","1","7","8",".","2","2","/","h","t","m","l"
"w","w","w",".","s","u","p","e","r","s","i","t","e","s",".","n","e","t",".","a","u","/","k","n","b","/","m","e","t","a","c","a","t","/","s","u","p","e","r","s","i","t","e",".","3","2","5",".","2","/","h","t","m","l"
"w","w","w",".","l","t","e","r","n",".","o","r","g",".","a","u","/","k","n","b","/","m","e","t","a","c","a","t","/","l","t","e","r","n","2",".","4","1","0",".","6","/","h","t","m","l"
"w","w","w",".","l","t","e","r","n",".","o","r","g",".","a","u","/","k","n","b","/","m","e","t","a","c","a","t","/","l","t","e","r","n","2",".","3","2",".","7","1","/","h","t","m","l"
"w","w","w",".","l","t","e","r","n",".","o","r","g",".","a","u","/","k","n","b","/","m","e","t","a","c","a","t","/","l","t","e","r","n",".","1","9","7",".","1","6","/","h","t","m","l"
"w","w","w",".","s","u","p","e","r","s","i","t","e","s",".","n","e","t",".","a","u","/","k","n","b","/","m","e","t","a","c","a","t","/","s","u","p","e","r","s","i","t","e",".","2","1","6",".","9","/","h","t","m","l"
"w","w","w",".","l","t","e","r","n",".","o","r","g",".","a","u","/","k","n","b","/","m","e","t","a","c","a","t","/","l","t","e","r","n","2",".","1","5","7",".","3","5","/","h","t","m","l"
"w","w","w",".","l","t","e","r","n",".","o","r","g",".","a","u","/","k","n","b","/","m","e","t","a","c","a","t","/","l","t","e","r","n","2",".","8","4",".","3","0","/","h","t","m","l"
"w","w","w",".","l","t","e","r","n",".","o","r","g",".","a","u","/","k","n","b","/","m","e","t","a","c","a","t","/","l","t","e","r","n","2",".","1","0","4","4",".","1","8","/","h","t","m","l"
"g","l","e","o","n",".","2",".","3"
"k","n","b",".","1",".","1"
"c","g","r","i","e","s",".","2","7",".","2"
"T","i","e","r","T","e","s","t","i","n","g",":","p","o","s","e","i","d","o","n",":","P","u","b","l","i","c","_","R","E","A","D",".","1","4"
"b","e","n",".","1",".","1"
"d","o","i",":","1","0",".","5","0","6","3","/","A","A","/","o","b","f","s",".","5","5",".","2"
"d","o","i",":","1","0",".","5","0","6","3","/","A","A","/","n","r","s",".","1","2","7",".","2"
"d","o","i",":","1","0",".","5","0","6","3","/","A","A","/","n","r","s",".","7","9","5",".","1"
"d","o","i",":","1","0",".","5","0","6","3","/","A","A","/","o","b","f","s",".","1","6","4",".","3"
"d","o","i",":","1","0",".","5","0","6","3","/","A","A","/","j","w","a","l","s","h",".","3","0",".","1"
"d","o","i",":","1","0",".","5","0","6","3","/","A","A","/","j","b","r","u","n","t",".","5",".","2","1"
"d","o","i",":","1","0",".","5","0","6","3","/","A","A","/","j","w","a","l","s","h",".","1","4",".","1"
"d","o","i",":","1","0",".","5","0","6","3","/","A","A","/","n","c","e","a","s",".","9","8","4",".","1"
"d","o","i",":","1","0",".","5","0","6","3","/","A","A","/","k","n","b",".","2","8","0",".","1"
"d","o","i",":","1","0",".","5","0","6","3","/","A","A","/","k","n","b",".","2","5","3",".","1"
"d","o","i",":","1","0",".","5","0","6","3","/","A","A","/","o","b","f","s",".","9","0",".","3"
"d","o","i",":","1","0",".","5","0","6","3","/","A","A","/","n","r","s",".","1","0","0",".","1"
"d","o","i",":","1","0",".","5","0","6","3","/","A","A","/","n","r","s",".","1","4","4",".","4"
"d","o","i",":","1","0",".","5","0","6","3","/","A","A","/","n","r","s",".","3","2",".","1"
"d","o","i",":","1","0",".","5","0","6","3","/","A","A","/","n","r","s",".","1","6","8",".","1"
"d","o","i",":","1","0",".","5","0","6","3","/","A","A","/","o","b","f","s",".","2","2","2",".","1"
"d","o","i",":","1","0",".","5","0","6","3","/","A","A","/","n","c","e","a","s",".","9","8","5",".","1"
"e","s","a",".","1",".","1"
"d","o","i",":","1","0",".","5","0","6","3","/","A","A","/","k","n","b",".","2","4","9",".","1"
"d","o","i",":","1","0",".","5","0","6","3","/","A","A","/","n","c","e","a","s",".","9","7","6",".","1"
"d","o","i",":","1","0",".","5","0","6","3","/","A","A","/","A","r","c","h","i","v","a","l","T","a","g",".","5",".","8"
"d","o","i",":","1","0",".","5","0","6","3","/","A","A","/","k","n","b",".","2","4","8",".","1"
"d","o","i",":","1","0",".","5","0","6","3","/","A","A","/","b","m","a","r","d","i","a","n",".","4",".","3"
"h","t","t","p","s",":","/","/","p","a","s","t","a",".","l","t","e","r","n","e","t",".","e","d","u","/","p","a","c","k","a","g","e","/","m","e","t","a","d","a","t","a","/","e","m","l","/","e","d","i","/","8","/","2"
"h","t","t","p","s",":","/","/","p","a","s","t","a",".","l","t","e","r","n","e","t",".","e","d","u","/","p","a","c","k","a","g","e","/","m","e","t","a","d","a","t","a","/","e","m","l","/","e","d","i","/","8","/","3"
"h","t","t","p","s",":","/","/","p","a","s","t","a",".","l","t","e","r","n","e","t",".","e","d","u","/","p","a","c","k","a","g","e","/","m","e","t","a","d","a","t","a","/","e","m","l","/","e","d","i","/","8","/","1"
"h","t","t","p","s",":","/","/","p","a","s","t","a",".","l","t","e","r","n","e","t",".","e","d","u","/","p","a","c","k","a","g","e","/","m","e","t","a","d","a","t","a","/","e","m","l","/","e","d","i","/","1","0","/","2"
"h","t","t","p","s",":","/","/","p","a","s","t","a",".","l","t","e","r","n","e","t",".","e","d","u","/","p","a","c","k","a","g","e","/","m","e","t","a","d","a","t","a","/","e","m","l","/","e","d","i","/","1","0","/","1"
"h","t","t","p","s",":","/","/","p","a","s","t","a",".","l","t","e","r","n","e","t",".","e","d","u","/","p","a","c","k","a","g","e","/","m","e","t","a","d","a","t","a","/","e","m","l","/","e","d","i","/","8","/","4"
"k","n","b","-","l","t","e","r","-","s","b","c",".","1","0","0","1",".","7"
"k","n","b","-","l","t","e","r","-","s","b","c",".","1","8",".","1","8"
"d","o","i","_","1","0",".","5","0","6","6","_","F","7","1","J","9","7","R","M"
"a","c","e","a","s","d","a","t","a",".","3",".","2"
"p","e","g","g","y","m",".","1","1","0","8",".","1","0","0"
"u","s","g","s","_","d","_","G","a","p","A","n","a","l","y","s","i","s","S","p","e","c","i","e","s","R","a","n","g","e","s",".","x","m","l"
"d","o","i",":","1","0",".","6","0","8","5","/","A","A","/","K","H","L","X","0","0","_","X","X","X","I","T","B","P","X","L","C","R","0","2","_","2","0","0","8","0","4","1","2",".","5","0",".","2"
"d","o","i",":","1","0",".","6","0","7","3","/","A","A","/","k","n","b","-","l","t","e","r","-","f","c","e",".","4","8","7",".","4"
"d","o","i",":","1","0",".","6","0","7","3","/","A","A","/","k","n","b","-","l","t","e","r","-","b","e","s",".","4","2",".","5","0"
"d","o","i",":","1","0",".","6","0","7","3","/","A","A","/","k","n","b","-","l","t","e","r","-","a","n","d",".","3","1","5","9",".","2"
"d","o","i",":","1","0",".","6","0","7","3","/","A","A","/","k","n","b","-","l","t","e","r","-","b","n","z",".","5","2",".","1"
"9","d","d","9","e","9","1","0","-","e","9","4","1","-","4","b","7","f","-","a","8","c","f","-","a","b","3","0","6","c","4","d","a","e","5","f"
"d","o","i",":","1","0",".","6","0","7","3","/","A","A","/","k","n","b","-","l","t","e","r","-","n","w","t",".","2","7",".","2"
"d","o","i",":","1","0",".","6","0","7","3","/","A","A","/","k","n","b","-","l","t","e","r","-","l","u","q",".","1","4","3",".","1","0","1"
"d","o","i",":","1","0",".","6","0","8","5","/","A","A","/","p","i","s","c","o","_","s","m","r","_","s","y","n","t","h","e","s","i","s",".","1",".","2"
"k","n","b","-","l","t","e","r","-","h","f","r",".","1","2","7",".","9"
"k","n","b","-","l","t","e","r","-","c","a","p",".","1","4","8",".","9"
"C","L","O","E","B","D","M","E","T","A","D","A","T","A",".","1","0","2","4","2","0","1","3",".","1"
"d","o","i",":","1","0",".","6","0","7","3","/","A","A","/","k","n","b","-","l","t","e","r","-","f","c","e",".","4","6","5",".","6"
"d","o","i",":","1","0",".","6","0","7","3","/","A","A","/","k","n","b","-","l","t","e","r","-","h","f","r",".","2","7",".","7"
"i","o","e",".","1","0",".","1"
"i","o","e",".","9",".","1"
"i","o","e",".","8",".","1"
"i","o","e",".","6",".","1"
"i","o","e",".","7",".","1"
"i","o","e",".","1","3",".","1"
"i","o","e",".","2",".","1"
"i","o","e",".","1","2",".","1"
"i","o","e",".","1","1",".","1"
"i","o","e",".","3",".","1"
"i","o","e",".","1","4",".","1"
"i","o","e",".","5",".","1"
"N","o","r","t","h","_","A","m","e","r","i","c","a","n","_","D","r","o","u","g","h","t","_","A","t","l","a","s","_","A","_","H","i","s","t","o","r","y","_","o","f","_","M","e","t","e","o","r","o","l","o","g","i","c","a","l","_","D","r","o","u","g","h","t","_","R","e","c","o","n","s","t","r","u","c","t","e","d","_","f","r","o","m","_","8","3","5","_","T","r","e","e","-","R","i","n","g","_","C","h","r","o","n","o","l","o","g","i","e","s","_","f","o","r","_","t","h","e","_","P","a","s","t","_","2",",","0","0","5","_","Y","e","a","r","s",".","x","m","l"
"N","o","r","t","h","_","A","m","e","r","i","c","a","n","_","E","n","v","i","r","o","n","m","e","n","t","a","l","_","A","t","l","a","s",".","x","m","l"
"A","r","e","a","_","a","n","d","_","C","a","r","b","o","n","_","C","o","n","t","e","n","t","_","o","f","_","S","p","h","a","g","n","u","m","_","P","e","a","t","l","a","n","d","s","_","i","n","_","N","o","r","t","h","_","A","m","e","r","i","c","a","_","a","n","d","_","E","u","r","a","s","i","a","_","S","i","n","c","e","_","t","h","e","_","L","a","s","t","_","G","l","a","c","i","a","l","_","M","a","x","i","m","u","m",".","x","m","l"
"G","l","o","b","a","l",",","_","R","e","g","i","o","n","a","l",",","_","a","n","d","_","N","a","t","i","o","n","a","l","_","C","O","2","_","E","m","i","s","s","i","o","n","_","E","s","t","i","m","a","t","e","s","_","f","r","o","m","_","F","o","s","s","i","l","_","F","u","e","l","_","B","u","r","n","i","n","g",",","_","C","e","m","e","n","t","_","P","r","o","d","u","c","t","i","o","n",",","_","a","n","d","_","G","a","s","_","F","l","a","r","i","n","g",".","x","m","l"
"G","l","o","b","a","l","_","E","n","v","i","r","o","n","m","e","n","t","a","l","_","M","o","n","i","t","o","r","i","n","g","_","S","y","s","t","e","m","_","(","G","E","M","S",")","_","G","l","o","b","a","l","_","W","a","t","e","r","_","Q","u","a","l","i","t","y","_","M","o","n","i","t","o","r","i","n","g","_","N","e","t","w","o","r","k","_","D","a","t","a","_","a","n","d","_","S","t","a","t","i","s","t","i","c","s","_","(","G","E","M","S","t","a","t",")",".","x","m","l"
"G","r","a","s","s","l","a","n","d","_","M","a","n","a","g","e","m","e","n","t","_","a","n","d","_","C","o","n","v","e","r","s","i","o","n","_","i","n","t","o","_","G","r","a","s","s","l","a","n","d","_","(","E","f","f","e","c","t","s","_","o","n","_","S","o","i","l","_","C","a","r","b","o","n",")",".","x","m","l"
"K","o","r","e","a","_","F","l","u","x","_","N","e","t","w","o","r","k","_","(","K","o","F","l","u","x",")",".","x","m","l"
"N","a","t","i","o","n","a","l","_","W","a","t","e","r","_","I","n","f","o","r","m","a","t","i","o","n","_","S","y","s","t","e","m","_","(","N","W","I","S","W","e","b",")",".","x","m","l"
"W","a","l","k","e","r","_","B","r","a","n","c","h","_","W","a","t","e","r","s","h","e","d","_","V","e","g","e","t","a","t","i","o","n","_","I","n","v","e","n","t","o","r","y",",","_","1","9","6","7","-","2","0","0","6",".","x","m","l"
