urn:node:R2R,cfb9c2432b5f76b13ea23ba25675704aba9763a6
urn:node:R2R,6dcf4caa1e4a33fae25505e20beadc5487401250
urn:node:R2R,3eeed8381ed3f5c721810d5cddfad7c4a60af642
urn:node:R2R,7340dc98dd6ce412d7882fcaeea678b68879520b
urn:node:R2R,816a53ea393d1640832cfaf3b81e45531b33e8b3
urn:node:R2R,6dd3070cacbced15d25cabb961f8f7f1d5182653
urn:node:R2R,5d8665781298bbcc855b904b0e439f82ddcd5c43
urn:node:R2R,ac524ac31d2112bec8880d719fbd8007e94d2134
urn:node:R2R,d4d24992518c66abf984e5deaac0355bda94a0c5
urn:node:R2R,374cd7c7fc156aaba6d009758939cec3b417e3e8
urn:node:R2R,75d10bc30e8ab83d030a93990b3c4d5b3f8281e6
urn:node:R2R,d2c48a692d975eaaf20ba22737eb1ffb021e3f1f
urn:node:R2R,a1b0b0f1b436f30e09e90f188195b78be4449a1e
urn:node:R2R,444f390a35c7b018a2218c0e0cba89062c913b3f
urn:node:R2R,416143aea8f47bb7467b65a578dfc7eb5f10f36f
urn:node:R2R,8e053a3e220c068a4f7f7bec2441d768f629c243
urn:node:R2R,c189ebd17f8ad2819ce2b09e344c818d2302b9df
urn:node:R2R,c0b8ea22b22cf1d9f768baf1385f8bb076085f23
urn:node:R2R,a7eeb5eb335a6bf80e8e918d640fd7f0d252ee6d
urn:node:R2R,7a2eb41a63c5e924ad7d121a38565d24426b544a
urn:node:R2R,6e56ba79509296ef8c8b4ec0e0c387b1766691db
urn:node:R2R,f2c440b971ca0e8c1aacceef7ecba8fc6ec6ff8e
urn:node:R2R,47352734875820590aa7a30b7a8ea57b7cb86dd3
urn:node:R2R,4f0bde15e07ea2d9c063ab4de5cd33a44c1f6bd2
urn:node:R2R,fda5e26c6a9387cd84532b85337758322d6d1ff5
urn:node:R2R,67f99100876bb2315189eab1708b0da0b07e8f7c
urn:node:R2R,b3e630573fbd6a74c48be52a6581ed271bee6920
urn:node:R2R,89127311c926c5e4cd6e8521fa95c34b43cf1354
urn:node:R2R,7ad1edf94c46c481b7527d33b4287f2107ae1700
urn:node:R2R,56bb5b92f7c8cda38b4c2be75a230a7442bb2356
urn:node:CNUCSB1,doi:10.6085/AA/WRK001_024MXTI014R00_20041004.50.4
urn:node:CNUCSB1,{009E0E3D-D1EA-4B84-90E3-D21FC7F467AD}
urn:node:CNUCSB1,CLOEODMETADATA.05192014.1
urn:node:CNUCSB1,doi:10.6085/AA/SMSXXX_015MTBD009R00_20030904.50.2
urn:node:CNUCSB1,http://dx.doi.org/10.5061/dryad.4fn4g.2/7.2?ver=2014-12-08T19:17:28.928-05:00
urn:node:CNUCSB1,doi:10.6085/AA/GHVX00_XXXITBDXLSR02_20040421.50.4
urn:node:CNUCSB1,https://pasta.lternet.edu/package/metadata/eml/knb-lter-fce/1094/7
urn:node:CNUCSB1,doi:10.6085/AA/BEAXXX_015MTBD014R00_20060617.50.2
urn:node:CNUCSB1,doi:10.6085/AA/BIG001_026MHP2015R00_20090315.50.1
urn:node:CNUCSB1,https://pasta.lternet.edu/package/metadata/eml/ecotrends/12174/2
urn:node:CNUCSB1,{0318F829-D4CC-4C4D-90F9-74815635F1D2}
urn:node:CNUCSB1,doi:10.5063/AA/klr.24.2
urn:node:CNUCSB1,doi:10.6073/AA/knb-lter-fce.42.1
urn:node:CNUCSB1,doi:10.6085/AA/SMGXXX_015MTBD003R00_20030912.50.5
urn:node:CNUCSB1,aekos.org.au/collection/nsw.gov.au/nsw_atlas/vis_flora_module/HILLV.20150515
urn:node:CNUCSB1,aekos.org.au/collection/nsw.gov.au/nsw_atlas/vis_flora_module/JTH_UB.20150723
urn:node:CNUCSB1,doi:10.6085/AA/ARGXXX_015MTBD014R00_20060514.50.2
urn:node:CNUCSB1,doi:10.5063/F1JW8BSV
urn:node:CNUCSB1,yswang.6.7
urn:node:CNUCSB1,http://dx.doi.org/10.5061/dryad.0db3f/3?ver=2015-09-21T10:34:30.851-04:00
urn:node:CNUCSB1,doi:10.6073/AA/knb-lter-fce.72.1
urn:node:CNUCSB1,{91755AEA-FDB8-4C5F-BDE4-CA7AB63B1E70}
urn:node:CNUCSB1,{2D6F19E8-370B-4BA8-B032-E73194D022C1}
urn:node:CNUCSB1,https://pasta.lternet.edu/package/metadata/eml/lter-landsat/3065/1
urn:node:CNUCSB1,doi:10.6085/AA/FCKX00_XXXITBDXHSR01_20080408.50.1
urn:node:CNUCSB1,doi:10.6085/AA/HAZXXX_015MTBD009R00_20020223.50.5
urn:node:CNUCSB1,b917c2f9-2393-4a14-adb5-6682841bf80d
urn:node:CNUCSB1,https://pasta.lternet.edu/package/metadata/eml/ecotrends/37/2
urn:node:CNUCSB1,https://pasta.lternet.edu/package/metadata/eml/lter-landsat/5755/1
urn:node:CNUCSB1,{70A6A72E-92A7-457C-ACF8-B7E9F9CEF165}
urn:node:KNB,doi:10.6085/AA/CARX00_XXXIBTNXHSR01_20040721.50.1
urn:node:KNB,doi:10.5063/AA/klr.40.8
urn:node:KNB,doi:10.6085/AA/TPT003_019MXTI010R00_20020906.50.2
urn:node:KNB,doi:10.5063/AA/bowdish.279.1
urn:node:KNB,doi:10.6085/AA/CBLX00_XXXITBDXLSR02_20000409.50.3
urn:node:KNB,doi:10.6073/AA/knb-lter-gce.190.11
urn:node:KNB,doi:10.5063/AA/nceas.951.27
urn:node:KNB,doi:10.5063/AA/nceas.263.1
urn:node:KNB,nceas.987.2
urn:node:KNB,knb.1071.2
urn:node:KNB,doi:10.5063/AA/stoms.10.5
urn:node:KNB,doi:10.5063/AA/nceas.908.13
urn:node:KNB,doi:10.5063/AA/nceas.965.1
urn:node:KNB,doi:10.5063/AA/mbauer.1007.5
urn:node:KNB,doi:10.5063/AA/bowdish.53.5
urn:node:KNB,Blandy.95.3
urn:node:KNB,doi:10.5063/AA/knb.245.9
urn:node:KNB,doi:10.5063/AA/klr.36.6
urn:node:KNB,doi:10.5063/AA/nceas.900.2
urn:node:KNB,doi:10.6085/AA/CA042X_042MTBD041R00_20060817.50.2
urn:node:KNB,doi:10.6085/AA/BBYX00_XXXITBDXMMR01_20030601.50.3
urn:node:KNB,doi:10.6085/AA/CA065X_065MTBD015R00_20060606.50.5
urn:node:KNB,doi:10.5063/AA/tao.1.1
urn:node:KNB,doi:10.6085/AA/YH15XX_015MXTI013R00_19990813.50.1
urn:node:KNB,doi:10.6085/AA/ALEXXX_015MTBD009R00_19990520.50.2
urn:node:KNB,doi:10.6085/AA/ALEXXX_015MTBD009R00_20000302.50.2
urn:node:KNB,doi:10.6085/AA/CBLX00_XXXIBTNXMBR11_20100520.50.2
urn:node:KNB,doi:10.6085/AA/CA100X_100MTBD010R00_20060606.50.2
urn:node:KNB,knb-csun-usvi.10700.1
urn:node:KNB,doi:10.6085/AA/TMBX00_XXXITBDXMSR01_20011015.50.1
urn:node:LTER,doi:10.6073/AA/knb-lter-pal.96.1
urn:node:LTER,doi:10.6073/AA/knb-lter-nwt.145.1
urn:node:LTER,doi:10.6073/AA/knb-lter-hfr.15.8
urn:node:LTER,doi:10.6073/AA/knb-lter-gce.103.28
urn:node:LTER,doi:10.6073/AA/knb-lter-gce.330.11
urn:node:LTER,doi:10.6073/AA/knb-lter-ntl.117.2
urn:node:LTER,doi:10.6073/AA/knb-lter-gce.293.7
urn:node:LTER,doi:10.6073/AA/knb-lter-gce.306.5
urn:node:LTER,doi:10.6073/AA/knb-lter-gce.111.5
urn:node:LTER,doi:10.6073/AA/knb-lter-fce.287.4
urn:node:LTER,doi:10.6073/AA/knb-lter-arc.1165.1
urn:node:LTER,doi:10.6073/AA/knb-lter-cdr.28052.123
urn:node:LTER,doi:10.6073/AA/knb-lter-bes.321.48
urn:node:LTER,doi:10.6073/AA/knb-lter-bes.196.5
urn:node:LTER,doi:10.6073/AA/knb-lter-bes.174.37
urn:node:LTER,doi:10.6073/AA/knb-lter-bes.141.20
urn:node:LTER,doi:10.6073/AA/knb-lter-bes.474.33
urn:node:LTER,doi:10.6073/AA/knb-lter-bes.525.52
urn:node:LTER,doi:10.6073/AA/knb-lter-hfr.122.7
urn:node:LTER,doi:10.6073/AA/knb-lter-gce.298.12
urn:node:LTER,doi:10.6073/AA/knb-lter-hfr.51.2
urn:node:LTER,doi:10.6073/AA/knb-lter-gce.23.8
urn:node:LTER,doi:10.6073/AA/knb-lter-bnz.133.6
urn:node:LTER,doi:10.6073/AA/knb-lter-bes.33.30
urn:node:LTER,doi:10.6073/AA/knb-lter-bes.397.21
urn:node:LTER,doi:10.6073/AA/knb-lter-bes.436.47
urn:node:LTER,doi:10.6073/AA/knb-lter-bes.439.37
urn:node:LTER,doi:10.6073/AA/knb-lter-bes.448.31
urn:node:LTER,doi:10.6073/AA/knb-lter-hfr.87.8
urn:node:LTER,doi:10.6073/AA/knb-lter-and.2728.4
urn:node:USGS_SDC,eaa2d2ff-d4bd-47f3-8a8c-fd5e94461fb8
urn:node:USGS_SDC,a29f078c-5558-4718-b0d5-b2c9001b38ad
urn:node:USGS_SDC,7684ce69-83d9-462c-ab22-dd73af97efbc
urn:node:USGS_SDC,009744a1-8391-4373-9a9b-ed4520371391
urn:node:USGS_SDC,bba4fdd2-a035-40bb-a074-c52145f6b459
urn:node:USGS_SDC,d8ac16a1-69d3-44d9-91f0-6e6edc2887d6
urn:node:USGS_SDC,f1651e9e-48f2-413b-8128-435d060ecb6e
urn:node:USGS_SDC,74fc855c-e993-482a-a97b-fd9988074dde
urn:node:USGS_SDC,e4b229a4-9fe4-4792-98f2-371979e30926
urn:node:USGS_SDC,e778dde8-dece-4c37-944b-080d9834589d
urn:node:USGS_SDC,d05beea8-274d-472f-b251-0ec60b946d23
urn:node:USGS_SDC,ad9bfc1c-c553-48fd-b6ff-a61196876aad
urn:node:USGS_SDC,da42a81e-8d56-43b1-9f3b-d49d6547b571
urn:node:USGS_SDC,df490728-bf6d-4fc5-8c69-c24c4c516357
urn:node:USGS_SDC,c230cff8-315c-4f87-82a3-cca91787dc8f
urn:node:USGS_SDC,afdf69b2-1238-4087-9e3e-d1f16516abf5
urn:node:USGS_SDC,294c2573-2160-451c-a3ab-f01db6d5b83a
urn:node:USGS_SDC,35bf554d-9f1f-4c21-9334-841663be2f6b
urn:node:USGS_SDC,f150314d-9163-441c-897b-d63d41a9db0a
urn:node:USGS_SDC,e2e15b6e-6781-421a-affd-b99310a8ab21
urn:node:USGS_SDC,9da4c3ce-36cb-44de-bdf9-ac590ec31b18
urn:node:USGS_SDC,771ad30b-dd6a-4738-97ca-6e7c2c9a75f9
urn:node:USGS_SDC,3064bfd9-9023-4d0f-9ca7-5e1e88efc0f5
urn:node:USGS_SDC,0fb9db79-6b60-406b-9904-1879e694ea21
urn:node:USGS_SDC,67632700-6b1a-43f4-8541-8e756a7fb6bf
urn:node:USGS_SDC,72b403ba-155f-4039-a260-f3a524322e99
urn:node:USGS_SDC,0c33bf2a-8a9c-40c1-b2f9-64079a845c57
urn:node:USGS_SDC,f991455f-6539-41ae-b50f-b456d0a8f9d6
urn:node:USGS_SDC,e19d9a87-1d4d-45a8-949f-58292b4838ec
urn:node:USGS_SDC,8fcf2e5c-cd7b-4323-b0a2-3b78baab81e1
urn:node:NCEI,{06D41C70-5EC1-4D9A-83B4-F1BA1493EAA2}
urn:node:NCEI,{76605E06-DBF7-4826-97DA-65AB6CED86C2}
urn:node:NCEI,{5ED30EF9-2C4B-41C9-9CEE-F80CFA30B2EF}
urn:node:NCEI,{86CD98E0-D591-48C1-899E-B176099DBB96}
urn:node:NCEI,{80177BD5-441C-41CB-A87B-36A29C31FC72}
urn:node:NCEI,{9899B3A3-9100-4F8E-8BEB-2DC309C07228}
urn:node:NCEI,{E7574074-B90B-4714-950C-7F1CA4816BB8}
urn:node:NCEI,{F489C3D4-5FC2-43A3-9816-4749571A12D2}
urn:node:NCEI,{6EA9318B-A93C-4A20-8DEB-2D74369D7974}
urn:node:NCEI,{EF00AC19-ADE1-40D8-A132-08D7090F73DC}
urn:node:NCEI,{4A763522-1A40-407F-AD56-E7FF79BFEF7F}
urn:node:NCEI,{FD0B41D1-8DAD-46E7-8751-F590D22CD71C}
urn:node:NCEI,{ECD8272B-E7F4-4CC9-99D7-155A0EE8190B}
urn:node:NCEI,{09CA8236-FC7F-4B9E-8E4D-4CAD14D78B7D}
urn:node:NCEI,{59362E94-A374-4E01-B4DA-0E05D9C059E0}
urn:node:NCEI,{67CE761E-D2D3-4337-9EDA-39B0AA6858D4}
urn:node:NCEI,{6B8F68F4-B2E3-4498-AD58-AE2F4D1ED8F0}
urn:node:NCEI,{7031C09D-5C35-4945-BB1A-CB02FEF9FEEC}
urn:node:NCEI,{748AD984-FAF2-4D94-89E7-52114E7CF9C4}
urn:node:NCEI,{36D86D85-6298-435D-A4F8-B453A55D4BDD}
urn:node:NCEI,{3EAE295D-6111-4C6F-8C44-DD29C49F4475}
urn:node:NCEI,{45F80473-485F-4B90-A251-1E10741D4B65}
urn:node:NCEI,{56E8D3EB-96DC-41B6-BE0B-B5B3E72A940D}
urn:node:NCEI,{6927DE10-F273-4009-93B3-80B82CBF1DE5}
urn:node:NCEI,{6EA91A67-A1AF-4A22-8C2B-C66401843339}
urn:node:NCEI,{42FA3564-59F2-4730-A504-13A9F52C6C85}
urn:node:NCEI,{45AC391A-6D6D-43C0-8AC2-DB9086954DBB}
urn:node:NCEI,{615FC6EF-A264-4EC6-A4AC-CA4254994321}
urn:node:NCEI,{36F31B91-80A2-4C4D-A4E3-FF4CA933E5EA}
urn:node:NCEI,{495B22A5-AE34-4536-B547-3FF1DE1BEB08}
urn:node:PISCO,doi:10.6085/AA/SWC001_022MTBD000R00_20080429.50.1
urn:node:PISCO,doi:10.6085/AA/LOP001_026MTBD004R00_20061118.50.4
urn:node:PISCO,doi:10.6085/AA/LAC001_023MTBD023R00_20050903.50.6
urn:node:PISCO,doi:10.6085/AA/TMBX00_XXXITBDXLSR01_20040321.50.4
urn:node:PISCO,doi:10.6085/AA/JALXXX_015MTBD014R00_20061207.50.4
urn:node:PISCO,doi:10.6085/AA/TMBX00_XXXITBDXMSR02_20000122.50.3
urn:node:PISCO,doi:10.6085/AA/TPT001_018ADCP018R00_20040716.50.4
urn:node:PISCO,doi:10.6085/AA/ANSXXX_015MTBD014R00_20070911.50.5
urn:node:PISCO,doi:10.6085/AA/SWC001_022MXTI021R00_20060705.50.5
urn:node:PISCO,doi:10.6085/AA/VALXXX_015MTBD003R00_20051114.50.6
urn:node:PISCO,doi:10.6085/AA/BIG001_026MTBD004R00_20051206.50.9
urn:node:PISCO,doi:10.6085/AA/JHDX00_XXXITBDXLSR01_20020228.50.4
urn:node:PISCO,doi:10.6085/AA/IPIEXX_XXXITBDXLZR01_20010208.50.6
urn:node:PISCO,doi:10.6085/AA/ARGXXX_015MTBD003R00_20040505.50.5
urn:node:PISCO,doi:10.6085/AA/POHX00_XXXIBTNXMBR12_20080615.50.1
urn:node:PISCO,doi:10.6085/AA/LB30XX_030MHP2014R00_20100623.50.1
urn:node:PISCO,doi:10.6085/AA/POHX00_XXXITBPXLCR03_20110717.50.2
urn:node:PISCO,doi:10.6085/AA/CARX00_XXXITV2XLSR03_20140403.50.2
urn:node:PISCO,doi:10.6085/AA/LB15XX_015MTV2014R00_20130418.50.1
urn:node:PISCO,doi:10.6085/AA/SRKX00_XXXITV2XHSR01_20130502.50.2
urn:node:PISCO,doi:10.6085/AA/LB30XX_030MTV2001R00_20120712.50.2
urn:node:PISCO,doi:10.6085/AA/LBN15X_015MTV2014R00_20120819.50.1
urn:node:PISCO,doi:10.6085/AA/CBLS00_XXXITBPXLCR01_20120509.50.2
urn:node:PISCO,doi:10.6085/AA/CBLX00_XXXITBPXLSR01_20120803.50.2
urn:node:PISCO,doi:10.6085/AA/LB30XX_030MTV2009R00_20120712.50.2
urn:node:PISCO,doi:10.6085/AA/BBYX00_XXXITV2XLSR01_20101008.50.1
urn:node:PISCO,doi:10.6085/AA/PELXXX_015MTBD014R00_20041008.50.3
urn:node:PISCO,doi:10.6085/AA/PELXXX_015MTBD014R00_20000803.50.5
urn:node:PISCO,doi:10.6085/AA/ANSXXX_015MTBD009R00_20040928.50.3
urn:node:PISCO,doi:10.6085/AA/LOP001_026MTBD025R00_20050904.50.7
urn:node:GRIIDC,R1-x132-135-0003-004
urn:node:GRIIDC,R1-x132-139-0001-008
urn:node:GRIIDC,R1-x132-134-0058-006
urn:node:GRIIDC,R1-x138-080-0008-002
urn:node:GRIIDC,R1-x138-080-0014-003
urn:node:GRIIDC,R1-x138-080-0011-004
urn:node:GRIIDC,BP-x750-000-0028-002
urn:node:GRIIDC,R3-x174-000-0003-001
urn:node:GRIIDC,R3-x162-000-0001-003
urn:node:GRIIDC,R1-x140-123-0002-003
urn:node:GRIIDC,R1-x141-066-0073-001
urn:node:GRIIDC,R2-x227-000-0008-002
urn:node:GRIIDC,R2-x224-000-0003-001
urn:node:GRIIDC,R2-x229-000-0006-005
urn:node:GRIIDC,R2-x220-000-0002
urn:node:GRIIDC,R1-x138-079-0004-008
urn:node:GRIIDC,Y1-x014-000-0002-002
urn:node:GRIIDC,Y1-x029-000-0005-004
urn:node:GRIIDC,Y1-x035-000-0003-005
urn:node:GRIIDC,Y1-x107-000-0001-001
urn:node:GRIIDC,Y1-x133-007-0002-005
urn:node:GRIIDC,Y1-x063-000-0001-002
urn:node:GRIIDC,Y1-x029-000-0001-004
urn:node:GRIIDC,Y1-x045-000-0002-002
urn:node:GRIIDC,Y1-x049-000-0007-003
urn:node:GRIIDC,Y1-x253-000-0001-003
urn:node:GRIIDC,R4-x260-204-0018-001
urn:node:GRIIDC,R4-x265-000-0011-002
urn:node:GRIIDC,Y1-x030-000-0001-002
urn:node:GRIIDC,Y1-x040-000-0007-001
urn:node:TERN,aekos.org.au/collection/nsw.gov.au/nsw_atlas/vis_flora_module/SFMON.20160804
urn:node:TERN,aekos.org.au/collection/nsw.gov.au/nsw_atlas/vis_flora_module/V_COOLUFB4.20160629
urn:node:TERN,www.ltern.org.au/knb/metacat/datalibrarian.61.40/html
urn:node:TERN,aekos.org.au/collection/nsw.gov.au/nsw_atlas/vis_flora_module/GREENAPLOT.20160629
urn:node:TERN,aekos.org.au/collection/nsw.gov.au/nsw_atlas/vis_flora_module/JTH_SN.20161124
urn:node:TERN,www.ltern.org.au/knb/metacat/ltern.57.35/html
urn:node:TERN,aekos.org.au/collection/nsw.gov.au/nsw_atlas/vis_flora_module/REMSGO.20161124
urn:node:TERN,www.ltern.org.au/knb/metacat/ltern2.85.45/html
urn:node:TERN,www.ltern.org.au/knb/metacat/ltern.52.42/html
urn:node:TERN,aekos.org.au/collection/sa.gov.au/DEWNR_ROADSIDEVEG/75.20161121
urn:node:TERN,aekos.org.au/collection/sa.gov.au/bdbsa_veg/survey_100.20161121
urn:node:TERN,aekos.org.au/collection/nsw.gov.au/nsw_atlas/vis_flora_module/SKILLYARR.20160629
urn:node:TERN,aekos.org.au/collection/nsw.gov.au/nsw_atlas/vis_flora_module/CAMP.20160629
urn:node:TERN,aekos.org.au/collection/nsw.gov.au/nsw_atlas/vis_flora_module/PITTWATER.20160804
urn:node:TERN,aekos.org.au/collection/nsw.gov.au/nsw_atlas/vis_flora_module/BH_SNAKE.20170320
urn:node:TERN,aekos.org.au/collection/nsw.gov.au/nsw_atlas/vis_flora_module/KM_CONJ.20160629
urn:node:TERN,aekos.org.au/collection/sa.gov.au/bdbsa_veg/survey_16.20161121
urn:node:TERN,aekos.org.au/collection/nsw.gov.au/nsw_atlas/vis_flora_module/BARRAL.20161124
urn:node:TERN,aekos.org.au/collection/nsw.gov.au/nsw_atlas/vis_flora_module/HILLTRANS.20170320
urn:node:TERN,aekos.org.au/collection/nsw.gov.au/nsw_atlas/vis_flora_module/REMSGO.20160629
urn:node:TERN,aekos.org.au/collection/nsw.gov.au/nsw_atlas/vis_flora_module/JTH_CSH.20160629
urn:node:TERN,aekos.org.au/collection/nsw.gov.au/nsw_atlas/vis_flora_module/KIAMA.20160804
urn:node:TERN,aekos.org.au/collection/nsw.gov.au/nsw_atlas/vis_flora_module/JTH_EM.20170320
urn:node:TERN,aekos.org.au/collection/adelaide.edu.au/Koonamore/MyoporumIndividuals.20161121
urn:node:TERN,aekos.org.au/collection/sa.gov.au/bdbsa_veg/survey_194.20170328
urn:node:TERN,aekos.org.au/collection/nsw.gov.au/nsw_atlas/vis_flora_module/BMNP2006.20170320
urn:node:TERN,aekos.org.au/collection/csiro/natt/ants1213.20161121
urn:node:TERN,aekos.org.au/collection/nsw.gov.au/nsw_atlas/vis_flora_module/RIVERINA_M.20160629
urn:node:TERN,aekos.org.au/collection/nsw.gov.au/nsw_atlas/vis_flora_module/NP_REF_FB3.20160629
urn:node:TERN,aekos.org.au/collection/nsw.gov.au/nsw_atlas/vis_flora_module/JTH_DC.20161124
urn:node:CNORC1,doi:10.6085/AA/BEAXXX_015MTBD014R00_20060420.50.5
urn:node:CNORC1,doi:10.6085/AA/BEAXXX_015MTBD014R00_20060503.50.1
urn:node:CNORC1,doi:10.6085/AA/BEAXXX_015MTBD014R00_20060617.50.6
urn:node:CNORC1,doi:10.6085/AA/BEAXXX_015MTBD014R00_20060617.50.4
urn:node:CNORC1,doi:10.6085/AA/BEAXXX_015MTBD014R00_20051014.50.1
urn:node:CNORC1,doi:10.6085/AA/BBYX00_XXXITBDXLSR01_19980428.50.3
urn:node:CNORC1,doi:10.6085/AA/BBYX00_XXXITBDXLSR01_19990414.50.2
urn:node:CNORC1,doi:10.6085/AA/BBYX00_XXXITBDXLSR01_20030504.50.2
urn:node:CNORC1,doi:10.6085/AA/BBYX00_XXXITBDXLSR01_20020325.50.2
urn:node:CNORC1,doi:10.6085/AA/BBYX00_XXXITBDXLSR01_20000406.50.2
urn:node:CNORC1,doi:10.6085/AA/BBYX00_XXXITBDXLSR01_20000927.50.1
urn:node:CNORC1,doi:10.6085/AA/BBYX00_XXXITBDXLSR01_20000927.50.5
urn:node:CNORC1,doi:10.6085/AA/BEAXXX_015MTBD014R00_20060118.50.8
urn:node:CNORC1,doi:10.6085/AA/BBYX00_XXXITBDXLSR01_20060227.50.1
urn:node:CNORC1,doi:10.6085/AA/BBYX00_XXXITV2XMMR03_20100417.50.1
urn:node:CNORC1,doi:10.6085/AA/BBYX00_XXXITBDXLSR01_20060513.50.2
urn:node:CNORC1,doi:10.6085/AA/BBYX00_XXXITV2XMMR03_20090819.50.1
urn:node:CNORC1,doi:10.6085/AA/BBYX00_XXXITV2XMMR03_20090721.50.2
urn:node:CNORC1,doi:10.6085/AA/BBYX00_XXXITV2XMMR03_20090526.50.2
urn:node:CNORC1,doi:10.6085/AA/BBYX00_XXXITBDXLSR01_20031125.50.3
urn:node:CNORC1,doi:10.6085/AA/BBYX00_XXXITBDXLSR01_20040422.50.5
urn:node:CNORC1,doi:10.6085/AA/BEAXXX_015MTBD014R00_20060907.50.1
urn:node:CNORC1,doi:10.6085/AA/BEAXXX_015MTBD014R00_20061012.50.8
urn:node:CNORC1,doi:10.6085/AA/BEAXXX_015MTBD014R00_20061012.50.9
urn:node:CNORC1,doi:10.6085/AA/BEAXXX_015MTBD014R00_20061031.50.9
urn:node:CNORC1,doi:10.6085/AA/BEAXXX_015MTBD014R00_20061031.50.3
urn:node:CNORC1,doi:10.6085/AA/ANSXXX_015MTBD003R00_20031205.50.2
urn:node:CNORC1,doi:10.6085/AA/ALEXXX_015MTBD014R00_20010724.50.2
urn:node:CNORC1,doi:10.6085/AA/ALEXXX_015MTBD014R00_20010907.50.2
urn:node:CNORC1,doi:10.6085/AA/ANSXXX_015MTBD003R00_20040514.50.1
urn:node:mnUCSB1,doi:10.5063/AA/nceas.936.3
urn:node:mnUCSB1,doi:10.5063/AA/nrs.64.4
urn:node:mnUCSB1,doi:10.5063/AA/NERC.13.5
urn:node:mnUCSB1,doi:10.5063/AA/obfs.153.2
urn:node:mnUCSB1,doi:10.5063/AA/obfs.330.1
urn:node:mnUCSB1,doi:10.5063/AA/jwalsh.32.1
urn:node:mnUCSB1,doi:10.5063/AA/jbrunt.5.4
urn:node:mnUCSB1,doi:10.5063/AA/nrs.668.1
urn:node:mnUCSB1,doi:10.5063/AA/nceas.317.4
urn:node:mnUCSB1,doi:10.5063/AA/nceas.884.2
urn:node:mnUCSB1,doi:10.5063/AA/obfs2.465.1
urn:node:mnUCSB1,doi:10.5063/AA/Sartwell.124.4
urn:node:mnUCSB1,doi:10.5063/AA/obfs.346.1
urn:node:mnUCSB1,doi:10.5063/AA/obfs.81.2
urn:node:mnUCSB1,doi:10.5063/AA/rwilliams.4.1
urn:node:mnUCSB1,doi:10.5063/AA/newmang.8.1
urn:node:mnUCSB1,doi:10.5063/AA/kgordon.4.24
urn:node:mnUCSB1,doi:10.5063/AA/nrs.36.1
urn:node:mnUCSB1,doi:10.5063/AA/tonelow13.1024.6
urn:node:mnUCSB1,doi:10.5063/AA/jwalsh.18.1
urn:node:mnUCSB1,doi:10.5063/AA/6000141086_2.3.4
urn:node:mnUCSB1,doi:10.5063/AA/nceas.167.5
urn:node:mnUCSB1,doi:10.5063/AA/nceas.980.1
urn:node:mnUCSB1,doi:10.5063/AA/nrs.40.1
urn:node:mnUCSB1,doi:10.5063/AA/nrs.169.1
urn:node:mnUCSB1,doi:10.5063/AA/umatilla.30.1
urn:node:mnUCSB1,doi:10.5063/AA/nrs.135.1
urn:node:mnUCSB1,doi:10.5063/AA/nrs.142.3
urn:node:mnUCSB1,doi:10.5063/AA/ArchivalTag.16.3
urn:node:mnUCSB1,doi:10.5063/AA/nrs.180.4
urn:node:PPBIO,liliandias.33.5
urn:node:PPBIO,menger.187.1
urn:node:PPBIO,menger.268.3
urn:node:PPBIO,menger.271.3
urn:node:PPBIO,naman.423.2
urn:node:PPBIO,pezzini.92.3
urn:node:PPBIO,naman.594.1
urn:node:PPBIO,menger.74.1
urn:node:PPBIO,menger.182.1
urn:node:PPBIO,liliandias.117.2
urn:node:PPBIO,PPBioAmOc.59.3
urn:node:PPBIO,kamelgaco.6.9
urn:node:PPBIO,liliandias.36.5
urn:node:PPBIO,naman.544.4
urn:node:PPBIO,liliandias.38.1
urn:node:PPBIO,menger.32.1
urn:node:PPBIO,PPBioAmOc.23.5
urn:node:PPBIO,PPBioAmOc.59.10
urn:node:PPBIO,menger.321.3
urn:node:PPBIO,menger.48.2
urn:node:PPBIO,liliandias.51.2
urn:node:PPBIO,naman.464.2
urn:node:PPBIO,liliandias.125.2
urn:node:PPBIO,menger.35.3
urn:node:PPBIO,menger.302.4
urn:node:PPBIO,kamelgaco.6.7
urn:node:PPBIO,menger.115.2
urn:node:PPBIO,naman.15.8
urn:node:PPBIO,naman.402.2
urn:node:PPBIO,naman.222.3
urn:node:NMEPSCOR,cf602e9a-8127-4550-ad4a-6dcbdde2ca85-20160620-sajddh-tray16_9-222-9-Pre-3-CR3000_2_RawData.xml
urn:node:NMEPSCOR,dc40a190-9003-4a6e-a5d6-fe29089ef05d-20160614-sajddh-tray6_7-222-6-Post-3-CR3000_2_RawData.xml
urn:node:NMEPSCOR,c181519b-4cec-48af-b070-07652417bab9-20160610-sajddh-tray9-121-9-Enr-1-Rla_summary_Calc_last.xml
urn:node:NMEPSCOR,4c64b191-b3c7-4da8-8d3c-b1bc5fef32b1-PRISM-Precip-mm-LosAlamos.xml
urn:node:NMEPSCOR,faf91fb7-474f-4840-9ea3-1cc97857639a-20160621-sajddh-tray4_6-222-4-Post-4-Rla_summary_Calc_last.xml
urn:node:NMEPSCOR,db79af55-7648-433a-acf7-87328df1dc26-TAG_Nanno_Lipid_Samples.xml
urn:node:NMEPSCOR,b2a98aa9-6a89-4381-bc4b-ade8ee4c2493-PRISM-AgT-max-celcius-Chaves.xml
urn:node:NMEPSCOR,6bc84b48-cb91-429b-a8f8-4c6f03c84ad1-20160614-sajddh-tray6_7-222-7-Post-3-Rla_summary_Calc_last.xml
urn:node:NMEPSCOR,3974cbc7-c7d2-4e42-afdc-420c931f86d9-PRISM-T-min-celcius-Socorro.xml
urn:node:NMEPSCOR,b53c0dae-4e7e-4386-8b5c-31aa4b70228f-20160607-sajddh-tray1-121-1-Enr-2-Rla_summary_Calc_last.xml
urn:node:NMEPSCOR,bc3df782-f246-4c9f-8243-efd826b34613-PRISM-T-min-celcius-Taos.xml
urn:node:NMEPSCOR,8a2823c1-1b85-4871-a582-779905739a87-Introduction.xml
urn:node:NMEPSCOR,5fdd30a1-d0ab-4e8e-bd0c-8e7b6396e404-20160615-sajddh-tray12-121-12-Enr-1-CR3000_2_RawData.xml
urn:node:NMEPSCOR,04b24318-377d-4774-a6cb-79231f528d02-Reservoirs.xml
urn:node:NMEPSCOR,4b6156f3-4642-488f-a7c9-6434c9dac058-PRISM-Precip-mm-Harding.xml
urn:node:NMEPSCOR,aekos.org.au/collection/nsw.gov.au/nsw_atlas/vis_flora_module/V_MIMORFB4.20170320
urn:node:NMEPSCOR,aekos.org.au/collection/nsw.gov.au/nsw_atlas/vis_flora_module/HILLV.20170320
urn:node:NMEPSCOR,aekos.org.au/collection/sa.gov.au/DEWNR_ROADSIDEVEG/30.20161121
urn:node:NMEPSCOR,aekos.org.au/collection/nsw.gov.au/nsw_atlas/vis_flora_module/TSRESERVE.20160804
urn:node:NMEPSCOR,b3d97343-51c8-49ef-b9be-017332eba251-20160612-sajddh-tray1_2-222-2-Pre-3-CR3000_2_RawData.xml
urn:node:NMEPSCOR,3d2a3bd7-4b65-45fc-a0e9-b8e929e8bd09-225_3_Nanno_Pos.xml
urn:node:NMEPSCOR,23546fb6-aa25-438a-b723-6cd316525a94-275_3_Nanno_neg.xml
urn:node:NMEPSCOR,aekos.org.au/collection/nsw.gov.au/nsw_atlas/vis_flora_module/P_TOWAMFB4.20161124
urn:node:NMEPSCOR,aekos.org.au/collection/nsw.gov.au/nsw_atlas/vis_flora_module/V_WAALIFB4.20170320
urn:node:NMEPSCOR,dcx_8ff58405-7be0-40f3-ba62-5e91978fba8a_2
urn:node:NMEPSCOR,aekos.org.au/collection/nsw.gov.au/nsw_atlas/vis_flora_module/V_MIMORDB3.20161124
urn:node:NMEPSCOR,dcx_2f944e3e-f083-4bbb-8e78-bfba11f5db82_2
urn:node:NMEPSCOR,8882bc20-6774-4510-b9c2-d50b56ac8fcf-Nanno_High_2_neg.xml
urn:node:NMEPSCOR,aekos.org.au/collection/nsw.gov.au/nsw_atlas/vis_flora_module/NANDE_WRA.20160629
urn:node:NMEPSCOR,dcx_a2850363-45a1-496d-96a3-e2c8441e3467_2
urn:node:TFRI,frog.9.1
urn:node:TFRI,flhsu.71.5
urn:node:TFRI,hhwang.41.8
urn:node:TFRI,chin.42.3
urn:node:TFRI,iesn.6.2
urn:node:TFRI,dengsl.62.2
urn:node:TFRI,aekos.org.au/collection/nsw.gov.au/nsw_atlas/vis_flora_module/RH.20150515
urn:node:TFRI,fch.6.4
urn:node:TFRI,thchen.116.6
urn:node:TFRI,dhwang.24.1
urn:node:TFRI,cpwang.64.6
urn:node:TFRI,thchen.127.16
urn:node:TFRI,chiann.13.8
urn:node:TFRI,josephwang23.6.4
urn:node:TFRI,hylin.3.20
urn:node:TFRI,iesn.26.1
urn:node:TFRI,iesn.14.3
urn:node:TFRI,iesn.7.3
urn:node:TFRI,iesn.11.5
urn:node:TFRI,yhwang_tfri.3.6
urn:node:TFRI,iesn.20.6
urn:node:TFRI,iesn.25.2
urn:node:TFRI,shchang.58.7
urn:node:TFRI,chien.59.12
urn:node:TFRI,yjc.23.7
urn:node:TFRI,iesn.21.6
urn:node:TFRI,iesn.22.6
urn:node:TFRI,iesn.12.3
urn:node:TFRI,iesn.29.1
urn:node:TFRI,iesn.16.1
urn:node:GOA,doi:10.5063/F1G44N67
urn:node:GOA,jstocking.4.9
urn:node:GOA,df35f.22.16
urn:node:GOA,df35f.37.10
urn:node:GOA,doi:10.5063/F100001W
urn:node:GOA,df35b.273.7
urn:node:GOA,doi:10.5063/F15H7D6G
urn:node:GOA,df35b.298.15
urn:node:GOA,doi:10.5063/F12R3PM4
urn:node:GOA,doi:10.5063/F19884XS
urn:node:GOA,df35j.29.4
urn:node:GOA,df35j.26.3
urn:node:GOA,df35j.63.19
urn:node:GOA,df35f.22.12
urn:node:GOA,df35j.67.11
urn:node:GOA,df35j.67.3
urn:node:GOA,df35j.26.7
urn:node:GOA,df35r.7.7
urn:node:GOA,df35b.55.17
urn:node:GOA,df35j.26.11
urn:node:GOA,df35b.298.9
urn:node:GOA,df35j.75.5
urn:node:GOA,df35f.3.17
urn:node:GOA,doi:10.5063/F15Q4T14
urn:node:GOA,df35b.44.13
urn:node:GOA,df35d.317.12
urn:node:GOA,df35l.13.12
urn:node:GOA,doi:10.5063/F1V985ZZ
urn:node:GOA,df35d.210.6
urn:node:GOA,df35d.195.12
urn:node:IARC,aekos.org.au/collection/nsw.gov.au/nsw_atlas/vis_flora_module/DRP_2000.20160629
urn:node:IARC,www.ltern.org.au/knb/metacat/ltern2.28.55/html
urn:node:IARC,cab9be16-b402-487b-bde1-7af0f712f2e6-20160608-sajddh-tray1_3-222-3-Pre-1-Rla_summary_Calc_last.xml
urn:node:IARC,www.ltern.org.au/knb/metacat/ltern2.283.27/html
urn:node:IARC,www.ltern.org.au/knb/metacat/ltern2.400.5/html
urn:node:IARC,29146ea2-3ed9-4c86-8f57-f6f4e01552be-PRISM-AgPrecip-mm-McKinley.xml
urn:node:IARC,533d377e-81a4-4e89-b3a1-fef53b7804e4-20160608-sajddh-tray1_3-121-1-Enr-2-CR3000_2_RawData.xml
urn:node:IARC,b53c0dae-4e7e-4386-8b5c-31aa4b70228f-20160607-sajddh-tray1-121-1-Enr-2-Rla_summary_Calc_last.xml
urn:node:IARC,21f1e651-e911-4a57-b123-5c024768dafc-PRISM-T-max-celcius-Torrance.xml
urn:node:IARC,fbf38c8f-5603-48f2-9859-87fd3523c760-20160607-sajddh-tray2-121-2-Enr-1-Rla_summary_Calc_last.xml
urn:node:IARC,58aeb95c-2d3a-47e7-95b7-e06b7e283abf-PRISM-AgT-mean-celcius-LosAlamos.xml
urn:node:IARC,aekos.org.au/collection/nsw.gov.au/nsw_atlas/vis_flora_module/CP_RESTORE.20170320
urn:node:IARC,aekos.org.au/collection/nsw.gov.au/nsw_atlas/vis_flora_module/HAYRS_REP.20161124
urn:node:IARC,aekos.org.au/collection/nsw.gov.au/nsw_atlas/vis_flora_module/JTH_UB.20161124
urn:node:IARC,aekos.org.au/collection/nsw.gov.au/nsw_atlas/vis_flora_module/JTH_LA.20160804
urn:node:IARC,aekos.org.au/collection/nsw.gov.au/nsw_atlas/vis_flora_module/MER_W.20170320
urn:node:IARC,aekos.org.au/collection/nsw.gov.au/nsw_atlas/vis_flora_module/REMSWY.20160804
urn:node:IARC,aekos.org.au/collection/nsw.gov.au/nsw_atlas/vis_flora_module/UMC7.20161124
urn:node:IARC,aekos.org.au/collection/nsw.gov.au/nsw_atlas/vis_flora_module/NATTAI.20160804
urn:node:IARC,aekos.org.au/collection/sa.gov.au/bdbsa_veg/survey_28.20160801
urn:node:IARC,aekos.org.au/collection/nsw.gov.au/nsw_atlas/vis_flora_module/JTH_BID.20161124
urn:node:IARC,dcx_05ca6e56-3044-4aa4-8f17-f89d9919e978_2
urn:node:IARC,dcx_185381b7-146c-410d-8002-e089d7bf34de_2
urn:node:IARC,dcx_66cc4ef7-7893-4a37-acf2-e8713e6737ba_2
urn:node:IARC,aekos.org.au/collection/nsw.gov.au/nsw_atlas/vis_flora_module/COPPER99.20160629
urn:node:IARC,aekos.org.au/collection/nsw.gov.au/nsw_atlas/vis_flora_module/JTH_KW.20150515
urn:node:IARC,dcx_84638d89-19fc-4f22-8b49-350471e3e522_2
urn:node:IARC,aekos.org.au/collection/nsw.gov.au/nsw_atlas/vis_flora_module/JTH_DP.20161124
urn:node:IARC,aekos.org.au/collection/nsw.gov.au/nsw_atlas/vis_flora_module/PCCOAST.20160804
urn:node:IARC,dcx_71be2eb7-6e0c-441d-9696-90769a6f0020_2
urn:node:ESA,esa.90.3
urn:node:ESA,esa.68.3
urn:node:ESA,esa.92.2
urn:node:ESA,esa.55.3
urn:node:ESA,esa.19.1
urn:node:ESA,esa.53.2
urn:node:ESA,esa.105.2
urn:node:ESA,esa.84.2
urn:node:ESA,esa.9.3
urn:node:ESA,esa.19.2
urn:node:ESA,esa.35.3
urn:node:ESA,esa.69.4
urn:node:ESA,esa.98.1
urn:node:ESA,esa.101.2
urn:node:ESA,esa.99.2
urn:node:ESA,esa.8.7
urn:node:ESA,esa.51.3
urn:node:ESA,esa.95.1
urn:node:ESA,esa.32.6
urn:node:ESA,esa.100.2
urn:node:ESA,esa.91.3
urn:node:ESA,esa.46.5
urn:node:ESA,esa.9.5
urn:node:ESA,esa.53.1
urn:node:ESA,esa.93.1
urn:node:ESA,esa.7.8
urn:node:ESA,esa.65.1
urn:node:ESA,esa.7.2
urn:node:ESA,esa.34.3
urn:node:ESA,esa.30.2
urn:node:SEAD,seadva-EssawyBakinamc8e53366-8745-4009-bb38-786ee49cd6fe
urn:node:SEAD,sead-bode-0bf5a0a7-831d-4e11-bf5b-27f9c6022c85
urn:node:SEAD,seadva-AaronBufe-c546656b-6580-4df2-90ad-c7e32d9991b4
urn:node:SEAD,seadva-LeslieHsu-c1dd086d-3e3a-47cc-af0f-01dd5a2de5f3
urn:node:SEAD,seadva-bfaa5493-4d22-4469-8636-b4785979e83a
urn:node:SEAD,seadva-EssawyBakinam066de0b8-a0c9-4724-913a-9060f82148f1
urn:node:SEAD,seadva-nonee903e476-9bdd-4332-823a-aabea162acd6
urn:node:SEAD,seadva-LeslieHsu-b29a44b8-b6e0-400f-b536-804246ea129c
urn:node:SEAD,seadva-de64eb2b-cff1-4df4-bbb4-90c7713be7c2
urn:node:SEAD,seadva-2ea52a9f-181a-43d6-b3b2-9c27d2603e8c
urn:node:SEAD,seadva-MirzaBillah-b6c2f914-ca94-4d26-97cf-3145c98e9827
urn:node:SEAD,seadva-BakinamEssawy-bc304194-acb8-4885-bba0-6f566ecfebca
urn:node:SEAD,seadva-066a5d98-e937-4458-adc7-3159cc82786d
urn:node:SEAD,seadva-15b513dd-af6d-4077-8fb2-554b7cb699a0
urn:node:SEAD,seadva-39c2fd09-185d-43cd-8977-985e5ba1b94c
urn:node:SEAD,seadva-b6a7ed22-7db7-423e-ad97-1ee4a87d3ef9
urn:node:SEAD,seadva-5998224e-3f24-4080-9774-85de9e29e6b2
urn:node:SEAD,seadva-5bba3ddb-8e77-4bcc-96f7-b0108dc5b35d
urn:node:SEAD,seadva-399fafed-fa4e-47f1-ba8e-a1ec5f58abc7
urn:node:SEAD,seadva-20ef8e4e-12fd-4244-be19-7a79c827e85f
urn:node:SEAD,seadva-LeslieHsu-edc86540-e18f-4e51-9e46-8f2f3d2fe22b
urn:node:SEAD,seadva-b84a3c8a-0732-4891-b950-3c48d19c078b
urn:node:SEAD,seadva-c456dff3-1f25-46bd-926c-c7f8e13896c6
urn:node:SEAD,seadva-ba975f8b-b8b5-4a3f-9f73-a090aa5ab51f
urn:node:SEAD,seadva-45f2b1dd-b406-4bc1-926f-ad0719129c5d
urn:node:SEAD,sead-Singh-Arvind-2ff15a1b-f9be-43b8-a408-c1dc647d12ea
urn:node:SEAD,sead-Bode-Collin-c9138cf9-0eee-4511-830c-3d3f8b8ca785
urn:node:SEAD,seadva-AaronBufe-d58982a3-fbe4-42d9-be3b-34b832606453
urn:node:SEAD,seadva-efd7ec67-34ed-466c-8b1a-b6322bedc8a3
urn:node:SEAD,seadva-a75a8b4f-7d35-4c9a-b94a-6e0f8194e6f9
urn:node:NKN,aekos.org.au/collection/nsw.gov.au/nsw_atlas/vis_flora_module/SFMON.20160804
urn:node:NKN,dddbf655-1ffd-4973-baf8-fb492b73cb9f-PRISM-AgT-mean-celcius-Torrance.xml
urn:node:NKN,aekos.org.au/collection/nsw.gov.au/nsw_atlas/vis_flora_module/JTH_WOR.20160804
urn:node:NKN,aekos.org.au/collection/nsw.gov.au/nsw_atlas/vis_flora_module/KINCHEGA.20160804
urn:node:NKN,042c4d13-89bc-4443-8f18-0e82cc987860-20160614-sajddh-tray10-222-10-Pre-2-Rla_summary_Calc_last.xml
urn:node:NKN,72a5cb33-09f8-44b1-a90b-95cbda229290-20160615-sajddh-tray12-222-12-Pre-1-Rla_summary_Calc_last.xml
urn:node:NKN,a8515012-6b69-48b1-8861-ab5ce07b591c-20160607-sajddh-tray2-222-2-Pre-1-Rla_summary_Calc_last.xml
urn:node:NKN,6568954d-f9ea-4b96-af6c-8d7b55df39a9-PRISM-AgPrecip-mm-SantaFe.xml
urn:node:NKN,533d377e-81a4-4e89-b3a1-fef53b7804e4-20160608-sajddh-tray1_3-121-1-Enr-2-CR3000_2_RawData.xml
urn:node:NKN,5cf1e7ca-a5d7-44d5-97de-d13922c83cd7-HM_Baro_1_5_13.xml
urn:node:NKN,b8d806fa-24d9-4669-a8ff-3ea7ffa8c663-PRISM-T-min-celcius-Chaves.xml
urn:node:NKN,7fcaf172-acad-4e61-b74f-1da87dfcd6d0-PRISM-T-max-celcius-RioArriba.xml
urn:node:NKN,08d43bf9-d4a6-4afb-92e6-293684da78ee-20160612-sajddh-tray3_4-121-3-Enr-3-Rla_summary_Calc_last.xml
urn:node:NKN,bc3df782-f246-4c9f-8243-efd826b34613-PRISM-T-min-celcius-Taos.xml
urn:node:NKN,39266aba-29a3-4969-9d01-baf0b69a85a9-PRISM-AgT-max-celcius-Lea.xml
urn:node:NKN,04429e80-be6e-461b-8e6b-0a2bbc546e2b-20160616-sajddh-tray9_11-121-11-Enr-3-Rla_summary_Calc_last.xml
urn:node:NKN,97d36a6c-3384-45a7-b738-3ca1be4d5b55-PRISM-T-min-celcius-DonaAna.xml
urn:node:NKN,d4974155-d692-4480-be0d-f95ccaa22b26-20160620-sajddh-tray16-222-16-Pre-2-Rla_summary_Calc_last.xml
urn:node:NKN,aekos.org.au/collection/nsw.gov.au/nsw_atlas/vis_flora_module/NDW.20160804
urn:node:NKN,aekos.org.au/collection/nsw.gov.au/nsw_atlas/vis_flora_module/JTH_IM.20161124
urn:node:NKN,aekos.org.au/collection/nsw.gov.au/nsw_atlas/vis_flora_module/NABIAC.20170320
urn:node:NKN,aekos.org.au/collection/sa.gov.au/DEWNR_ROADSIDEVEG/45.20170317
urn:node:NKN,dcx_0e6561e3-33bf-46d6-aba4-745be63c0e19_0
urn:node:NKN,aekos.org.au/collection/nsw.gov.au/nsw_atlas/vis_flora_module/NP_WADBIL.20161124
urn:node:NKN,www.ltern.org.au/knb/metacat/ltern2.483.6/html
urn:node:NKN,www.ltern.org.au/knb/metacat/ltern2.551.4/html
urn:node:NKN,www.supersites.net.au/knb/metacat/supersite.71.12/html
urn:node:NKN,doi:10.1575/1912/bco-dmo.661345
urn:node:NKN,www.ltern.org.au/knb/metacat/ltern2.485.8/html
urn:node:NKN,aekos.org.au/collection/nsw.gov.au/nsw_atlas/vis_flora_module/Scheyville.20160804
urn:node:mnORC1,doi:10.5063/AA/obfs.111.1
urn:node:mnORC1,doi:10.5063/AA/nrs.9.2
urn:node:mnORC1,doi:10.5063/AA/nrs.63.1
urn:node:mnORC1,doi:10.5063/AA/nceas.974.2
urn:node:mnORC1,doi:10.5063/AA/nrs.127.2
urn:node:mnORC1,doi:10.5063/AA/obfs.265.1
urn:node:mnORC1,doi:10.5063/AA/jbrunt.8.3
urn:node:mnORC1,doi:10.5063/AA/tonelow13.1086.1
urn:node:mnORC1,doi:10.5063/AA/nrs.795.1
urn:node:mnORC1,doi:10.5063/AA/nceas.984.1
urn:node:mnORC1,doi:10.5063/AA/knb.280.1
urn:node:mnORC1,esa.1.2
urn:node:mnORC1,doi:10.5063/AA/knb.253.1
urn:node:mnORC1,doi:10.5063/AA/obfs.90.3
urn:node:mnORC1,doi:10.5063/AA/nrs.100.1
urn:node:mnORC1,doi:10.5063/AA/nrs.32.1
urn:node:mnORC1,doi:10.5063/AA/nrs.168.1
urn:node:mnORC1,doi:10.5063/AA/bmardian.8.3
urn:node:mnORC1,doi:10.5063/AA/bmardian.3.1
urn:node:mnORC1,doi:10.5063/AA/nceas.980.1
urn:node:mnORC1,doi:10.5063/AA/knb.275.1
urn:node:mnORC1,doi:10.5063/AA/Sartwell.87.1
urn:node:mnORC1,doi:10.5063/AA/nrs.107.2
urn:node:mnORC1,doi:10.5063/AA/obfs.90.2
urn:node:mnORC1,doi:10.5063/AA/nceas.913.3
urn:node:mnORC1,doi:10.5063/AA/obfs.222.3
urn:node:mnORC1,doi:10.5063/AA/nceas.978.1
urn:node:mnORC1,doi:10.5063/AA/obfs.263.1
urn:node:mnORC1,doi:10.5063/AA/obfs.264.2
urn:node:mnORC1,esa.1.1
urn:node:TDAR,doi:10.6067:XCV8DB8004_meta
urn:node:TDAR,doi:10.6067:XCV83N2259_meta
urn:node:TDAR,doi:10.6067:XCV8T151V1_meta
urn:node:TDAR,doi:10.6067:XCV8XW4HQR_meta
urn:node:TDAR,doi:10.6067:XCV8J38RH4_meta
urn:node:TDAR,doi:10.6067:XCV8FF3QXM_meta
urn:node:TDAR,doi:10.6067:XCV8Q81C1D_meta
urn:node:TDAR,doi:10.6067:XCV86H4K6F_meta
urn:node:TDAR,doi:10.6067:XCV8Q81B1X_meta
urn:node:TDAR,doi:10.6067:XCV86W98D0_meta
urn:node:TDAR,doi:10.6067:XCV8TD9VG8_meta
urn:node:TDAR,doi:10.6067:XCV87P8X92_meta
urn:node:TDAR,doi:10.6067:XCV8FX780Z_meta
urn:node:TDAR,doi:10.6067:XCV8DN4421_meta
urn:node:TDAR,doi:10.6067:XCV85Q4T8Z_meta
urn:node:TDAR,doi:10.6067:XCV8B56H8S_meta
urn:node:TDAR,doi:10.6067:XCV8319TKT_meta
urn:node:TDAR,doi:10.6067:XCV8M9079F_meta
urn:node:TDAR,doi:10.6067:XCV8JH3JCW_meta
urn:node:TDAR,doi:10.6067:XCV89W0DKM_meta
urn:node:TDAR,doi:10.6067:XCV8N29VG7_meta
urn:node:TDAR,doi:10.6067:XCV83X84R2_meta
urn:node:TDAR,doi:10.6067:XCV8M044DM_meta
urn:node:TDAR,doi:10.6067:XCV88050Q0_meta
urn:node:TDAR,doi:10.6067:XCV85719N8_meta
urn:node:TDAR,doi:10.6067:XCV8W37VBB_meta
urn:node:TDAR,doi:10.6067:XCV8X06637_meta
urn:node:TDAR,doi:10.6067:XCV8KW5H4M_meta
urn:node:TDAR,doi:10.6067:XCV83J3BVQ_meta
urn:node:TDAR,doi:10.6067:XCV84B307G_meta
urn:node:ONEShare,ark:/90135/q11g0j7x/2/mrt-eml.xml
urn:node:ONEShare,ark:/90135/q1f769jn/2/mrt-eml.xml
urn:node:ONEShare,ark:/90135/q1gh9fw0/1/mrt-eml.xml
urn:node:ONEShare,ark:/90135/q1m61h6z/1/mrt-eml.xml
urn:node:ONEShare,ark:/90135/q1wd3xjq/2/mrt-eml.xml
urn:node:ONEShare,ark:/90135/q16t0jmv/1/mrt-eml.xml
urn:node:ONEShare,ark:/90135/q1416v1p/1/mrt-eml.xml
urn:node:ONEShare,ark:/90135/q13776pg/1/mrt-eml.xml
urn:node:ONEShare,ark:/90135/q1057cwm/2/mrt-eml.xml
urn:node:ONEShare,ark:/90135/q11834fq/2/mrt-eml.xml
urn:node:ONEShare,ark:/90135/q12805jn/2/mrt-eml.xml
urn:node:ONEShare,ark:/90135/q13776pg/2/mrt-eml.xml
urn:node:ONEShare,ark:/90135/q18k771c/5/mrt-eml.xml
urn:node:ONEShare,ark:/90135/q19s1p0d/2/mrt-eml.xml
urn:node:ONEShare,ark:/90135/q1dv1gt9/3/mrt-eml.xml
urn:node:ONEShare,ark:/90135/q1fb50w2/2/mrt-eml.xml
urn:node:ONEShare,ark:/90135/q1h41pd3/2/mrt-eml.xml
urn:node:ONEShare,ark:/90135/q1h9935p/2/mrt-eml.xml
urn:node:ONEShare,ark:/90135/q1m32srs/2/mrt-eml.xml
urn:node:ONEShare,ark:/90135/q1nv9g6f/2/mrt-eml.xml
urn:node:ONEShare,ark:/90135/q1sf2t5k/4/mrt-eml.xml
urn:node:ONEShare,ark:/90135/q1sq8xcj/2/mrt-eml.xml
urn:node:ONEShare,ark:/90135/q1tx3cbz/2/mrt-eml.xml
urn:node:ONEShare,ark:/90135/q1xg9p38/2/mrt-eml.xml
urn:node:ONEShare,ark:/90135/q18p5xgr/2/mrt-eml.xml
urn:node:ONEShare,ark:/90135/q1f769jn/3/mrt-eml.xml
urn:node:ONEShare,ark:/90135/q1p26w2v/2/mrt-eml.xml
urn:node:ONEShare,ark:/c5146/r3tp4d/1/mrt-datacite.xml
urn:node:ONEShare,ark:/90135/q1251g5s/2/mrt-eml.xml
urn:node:ONEShare,ark:/90135/q1vm497c/2/mrt-eml.xml
urn:node:US_MPC,aekos.org.au/collection/sa.gov.au/bdbsa_veg/survey_54.20160801
urn:node:US_MPC,www.ltern.org.au/knb/metacat/ltern2.549.4/html
urn:node:US_MPC,7b109290-5c98-4e86-ace4-ee09bb384339-NH_12_13_13.xml
urn:node:US_MPC,db3f2965-49d1-4b48-8cb4-c8ba6fd881b2-PRISM-AgT-max-celcius-SanMiguel.xml
urn:node:US_MPC,aekos.org.au/collection/nsw.gov.au/nsw_atlas/vis_flora_module/SYDWATER_A.20160629
urn:node:US_MPC,5566ea30-7971-4b94-b89f-02b5c714ad67-PRISM-AgT-min-celcius-Mora.xml
urn:node:US_MPC,bca62e3b-94c6-4c12-b09f-197c2f15b9ff-Stream_Gages.xml
urn:node:US_MPC,1f6eba0c-cf07-4c65-a9a8-7a965edfbd7b-TAG_Distribution_Soybean.xml
urn:node:US_MPC,9ad6965c-4e25-4edb-890f-a921649d4fc6-20160616-sajddh-tray12-222-12-Pre-3-CR3000_2_RawData.xml
urn:node:US_MPC,8d63e693-176d-495f-8ecf-11ae7eaeabbd-PRISM-T-max-celcius-Roosevelt.xml
urn:node:US_MPC,aekos.org.au/collection/nsw.gov.au/nsw_atlas/vis_flora_module/GIBRALTANR.20160202
urn:node:US_MPC,aekos.org.au/collection/sa.gov.au/bdbsa_veg/survey_86.20160801
urn:node:US_MPC,aekos.org.au/collection/nsw.gov.au/nsw_atlas/vis_flora_module/EDENVI.20170320
urn:node:US_MPC,aekos.org.au/collection/nsw.gov.au/nsw_atlas/vis_flora_module/V_ILLAWDB3.20160202
urn:node:US_MPC,aekos.org.au/collection/nsw.gov.au/nsw_atlas/vis_flora_module/LMDCMA_VEG.20170320
urn:node:US_MPC,aekos.org.au/collection/nsw.gov.au/nsw_atlas/vis_flora_module/JTH_BMW.20170320
urn:node:US_MPC,aekos.org.au/collection/nsw.gov.au/nsw_atlas/vis_flora_module/TUGGERAH.20170320
urn:node:US_MPC,aekos.org.au/collection/nsw.gov.au/nsw_atlas/vis_flora_module/KLMRIV.20150515
urn:node:US_MPC,www.supersites.net.au/knb/metacat/supersite.126.6/html
urn:node:US_MPC,www.supersites.net.au/knb/metacat/supersite.162.6/html
urn:node:US_MPC,www.supersites.net.au/knb/metacat/supersite.116.11/html
urn:node:US_MPC,www.supersites.net.au/knb/metacat/lloyd.178.22/html
urn:node:US_MPC,www.supersites.net.au/knb/metacat/supersite.325.2/html
urn:node:US_MPC,www.ltern.org.au/knb/metacat/ltern2.410.6/html
urn:node:US_MPC,www.ltern.org.au/knb/metacat/ltern2.32.71/html
urn:node:US_MPC,www.ltern.org.au/knb/metacat/ltern.197.16/html
urn:node:US_MPC,www.supersites.net.au/knb/metacat/supersite.216.9/html
urn:node:US_MPC,www.ltern.org.au/knb/metacat/ltern2.157.35/html
urn:node:US_MPC,www.ltern.org.au/knb/metacat/ltern2.84.30/html
urn:node:US_MPC,www.ltern.org.au/knb/metacat/ltern2.1044.18/html
urn:node:GLEON,knb.22.1
urn:node:GLEON,knb.3.2
urn:node:GLEON,gleon.2.3
urn:node:GLEON,knb.11.1
urn:node:GLEON,knb.20.1
urn:node:GLEON,knb.13.1
urn:node:GLEON,gleon.1.9
urn:node:GLEON,cgries.27.3
urn:node:GLEON,knb.1.1
urn:node:GLEON,cgries.27.2
urn:node:GLEON,cgries.13.1
urn:node:GLEON,TierTesting:poseidon:Public_READ.14
urn:node:GLEON,knb.5.1
urn:node:GLEON,knb.7.1
urn:node:GLEON,knb.1.3
urn:node:GLEON,ben.1.1
urn:node:GLEON,knb.15.1
urn:node:GLEON,knb.9.1
urn:node:GLEON,knb.18.1
urn:node:GLEON,knb.24.1
urn:node:GLEON,tao.12934.1
urn:node:GLEON,gleon.2.4
urn:node:GLEON,cgries.16.1
urn:node:mnUNM1,doi:10.5063/AA/obfs.55.2
urn:node:mnUNM1,doi:10.5063/AA/nrs.127.2
urn:node:mnUNM1,doi:10.5063/AA/wtyburczy.53.5
urn:node:mnUNM1,doi:10.5063/AA/nrs.795.1
urn:node:mnUNM1,doi:10.5063/AA/obfs.164.3
urn:node:mnUNM1,doi:10.5063/AA/jwalsh.30.1
urn:node:mnUNM1,doi:10.5063/AA/jbrunt.5.21
urn:node:mnUNM1,doi:10.5063/AA/jwalsh.14.1
urn:node:mnUNM1,doi:10.5063/AA/nceas.984.1
urn:node:mnUNM1,doi:10.5063/AA/knb.280.1
urn:node:mnUNM1,doi:10.5063/AA/knb.253.1
urn:node:mnUNM1,doi:10.5063/AA/obfs.90.3
urn:node:mnUNM1,doi:10.5063/AA/nrs.100.1
urn:node:mnUNM1,doi:10.5063/AA/nrs.144.4
urn:node:mnUNM1,doi:10.5063/AA/nrs.32.1
urn:node:mnUNM1,doi:10.5063/AA/nrs.168.1
urn:node:mnUNM1,01e9af40-5f48-4d21-a5d2-3a62e6c84dbf-PRISM-T-max-celcius-Grant.xml
urn:node:mnUNM1,doi:10.5063/AA/knb.275.1
urn:node:mnUNM1,doi:10.5063/AA/obfs.222.1
urn:node:mnUNM1,doi:10.5063/AA/nceas.985.1
urn:node:mnUNM1,esa.1.1
urn:node:mnUNM1,doi:10.5063/AA/knb.249.1
urn:node:mnUNM1,doi:10.5063/AA/dpennington.162.4
urn:node:mnUNM1,doi:10.5063/AA/knb.242.1
urn:node:mnUNM1,doi:10.5063/AA/knb.277.1
urn:node:mnUNM1,doi:10.5063/AA/knb.285.1
urn:node:mnUNM1,doi:10.5063/AA/nceas.976.1
urn:node:mnUNM1,doi:10.5063/AA/ArchivalTag.5.8
urn:node:mnUNM1,doi:10.5063/AA/knb.248.1
urn:node:mnUNM1,doi:10.5063/AA/bmardian.4.3
urn:node:EDI,https://pasta.lternet.edu/package/metadata/eml/edi/8/2
urn:node:EDI,https://pasta.lternet.edu/package/metadata/eml/edi/8/3
urn:node:EDI,https://pasta.lternet.edu/package/metadata/eml/edi/6/1
urn:node:EDI,https://pasta.lternet.edu/package/metadata/eml/edi/8/1
urn:node:EDI,https://pasta.lternet.edu/package/metadata/eml/edi/10/2
urn:node:EDI,https://pasta.lternet.edu/package/metadata/eml/edi/4/1
urn:node:EDI,https://pasta.lternet.edu/package/metadata/eml/edi/9/3
urn:node:EDI,https://pasta.lternet.edu/package/metadata/eml/edi/9/1
urn:node:EDI,https://pasta.lternet.edu/package/metadata/eml/edi/2/1
urn:node:EDI,https://pasta.lternet.edu/package/metadata/eml/edi/15/2
urn:node:EDI,https://pasta.lternet.edu/package/metadata/eml/edi/3/1
urn:node:EDI,https://pasta.lternet.edu/package/metadata/eml/edi/5/1
urn:node:EDI,https://pasta.lternet.edu/package/metadata/eml/edi/10/1
urn:node:EDI,https://pasta.lternet.edu/package/metadata/eml/edi/8/4
urn:node:EDI,https://pasta.lternet.edu/package/metadata/eml/edi/1/1
urn:node:EDI,https://pasta.lternet.edu/package/metadata/eml/edi/15/1
urn:node:EDI,https://pasta.lternet.edu/package/metadata/eml/edi/4/3
urn:node:EDI,https://pasta.lternet.edu/package/metadata/eml/edi/4/2
urn:node:EDI,https://pasta.lternet.edu/package/metadata/eml/edi/4/4
urn:node:EDI,https://pasta.lternet.edu/package/metadata/eml/edi/16/1
urn:node:EDI,https://pasta.lternet.edu/package/metadata/eml/edi/7/1
urn:node:EDI,https://pasta.lternet.edu/package/metadata/eml/edi/9/2
urn:node:CNUNM1,knb-lter-sbc.1001.7
urn:node:CNUNM1,knb-lter-sbc.18.18
urn:node:CNUNM1,doi_10.5066_F71J97RM
urn:node:CNUNM1,aceasdata.3.2
urn:node:CNUNM1,peggym.1108.100
urn:node:CNUNM1,usgs_d_GapAnalysisSpeciesRanges.xml
urn:node:CNUNM1,doi:10.6085/AA/MBYX00_XXXITBPXLCR01_20120520.50.2
urn:node:CNUNM1,doi:10.6085/AA/KHLX00_XXXITBPXLCR02_20080412.50.2
urn:node:CNUNM1,doi:10.6085/AA/LBS15X_015MTV2004R00_20090722.50.1
urn:node:CNUNM1,doi:10.6073/AA/knb-lter-fce.487.4
urn:node:CNUNM1,doi:10.6073/AA/knb-lter-bes.42.50
urn:node:CNUNM1,doi:10.6073/AA/knb-lter-and.3159.2
urn:node:CNUNM1,doi:10.6073/AA/knb-lter-bnz.52.1
urn:node:CNUNM1,c1c7d441-d7ac-4d67-8437-0dfda0860ceb
urn:node:CNUNM1,9dd9e910-e941-4b7f-a8cf-ab306c4dae5f
urn:node:CNUNM1,doi:10.6085/AA/MBYX00_XXXITBPXLCR01_20110512.50.2
urn:node:CNUNM1,doi:10.6073/AA/knb-lter-nwt.27.2
urn:node:CNUNM1,cgries.27.3
urn:node:CNUNM1,doi:10.6073/AA/knb-lter-luq.143.101
urn:node:CNUNM1,ark:/13030/m5qc02mk/3/cadwsap-s2400076-001.xml
urn:node:CNUNM1,doi:10.6085/AA/pisco_smr_synthesis.1.2
urn:node:CNUNM1,doi:10.5063/F10V89RP
urn:node:CNUNM1,knb-lter-hfr.127.9
urn:node:CNUNM1,knb-lter-cap.148.9
urn:node:CNUNM1,doi:10.5063/AA/tao.1.1
urn:node:CNUNM1,CLOEBDMETADATA.10242013.1
urn:node:CNUNM1,doi:10.6073/AA/knb-lter-fce.465.6
urn:node:CNUNM1,doi:10.6073/AA/knb-lter-hfr.27.7
urn:node:CNUNM1,doi:10.6085/AA/pisco_mussel_growth_UCSC.74.3
urn:node:CNUNM1,doi:10.6085/AA/pisco_subtidal.152.1
urn:node:IOE,MontanaIOE.112.2
urn:node:IOE,MontanaIOE.108.2
urn:node:IOE,ioe.10.1
urn:node:IOE,ioe.9.1
urn:node:IOE,MontanaIOE.120.2
urn:node:IOE,ioe.8.1
urn:node:IOE,ioe.6.1
urn:node:IOE,ioe.7.1
urn:node:IOE,ioe.13.1
urn:node:IOE,ioe.2.1
urn:node:IOE,ioe.12.1
urn:node:IOE,ioe.11.1
urn:node:IOE,MontanaIOE.126.2
urn:node:IOE,ioe.3.1
urn:node:IOE,MontanaIOE.124.2
urn:node:IOE,ioe.14.1
urn:node:IOE,MontanaIOE.89.3
urn:node:IOE,MontanaIOE.12.8
urn:node:IOE,MontanaIOE.135.4
urn:node:IOE,ioe.5.1
urn:node:IOE,MontanaIOE.92.3
urn:node:IOE,MontanaIOE.114.2
urn:node:IOE,MontanaIOE.116.2
urn:node:IOE,MontanaIOE.128.2
urn:node:IOE,MontanaIOE.145.6
urn:node:IOE,MontanaIOE.137.7
urn:node:IOE,MontanaIOE.191.4
urn:node:IOE,MontanaIOE.200.6
urn:node:IOE,MontanaIOE.172.8
urn:node:IOE,MontanaIOE.122.2
urn:node:EDACGSTORE,9d95ab7c-3743-488a-ad40-f700fb140371
urn:node:EDACGSTORE,bcdd58b6-a071-4406-9ecc-0fe468d60a81
urn:node:EDACGSTORE,f4ba7881-9c93-4f8b-8e26-d1e43d0d4280
urn:node:EDACGSTORE,1772d995-2dfb-49c2-a0d1-e726aa48e556
urn:node:EDACGSTORE,bbca1854-8d17-48bd-be75-9c8cdfd436f3
urn:node:EDACGSTORE,eec2f497-fcf4-4a5c-9640-93d4ec0b7dff
urn:node:EDACGSTORE,e03d3f19-1a2e-4ddb-99a2-0d6a2d2fb894
urn:node:EDACGSTORE,6132306c-29e2-4b12-9e47-9389ccfacb4c
urn:node:EDACGSTORE,3f034be3-0a34-409b-9923-47ecbecc17b1
urn:node:EDACGSTORE,42af870c-a0d4-4cdc-a405-946d275b0ece
urn:node:EDACGSTORE,522c1dbf-3951-4bf7-bc81-8982eab65d57
urn:node:EDACGSTORE,6274f6f3-fc45-4525-9d10-e6a6a789dd21
urn:node:EDACGSTORE,64379771-0f8c-4ec2-afb9-2e268ef52cc3
urn:node:EDACGSTORE,816993a3-aab1-433f-a453-83c6fb2330c3
urn:node:EDACGSTORE,823665c9-750d-415d-ac25-c7561e2e8661
urn:node:EDACGSTORE,1a07a334-3846-4b2b-8d2f-691b1e94d519
urn:node:EDACGSTORE,06aedc96-cac5-436d-9e99-ed45db8eb287
urn:node:EDACGSTORE,16def5bb-3176-4c2f-b47a-1594638f224f
urn:node:EDACGSTORE,17925256-572a-41e3-84d9-4cb97473b222
urn:node:EDACGSTORE,c370d612-9248-4e8f-8294-98b182059830
urn:node:EDACGSTORE,b76fd98b-91be-428d-b69e-874f6b85efcd
urn:node:EDACGSTORE,fb8669d0-1a00-4217-9e15-18d6a8bf145e
urn:node:EDACGSTORE,c7ab1421-046d-4616-adec-93dc9bfae5bf
urn:node:EDACGSTORE,effc24b6-ef26-4c2b-ba95-a49a58cc2b73
urn:node:EDACGSTORE,0766506d-b890-4472-911f-f79c91dc7ff7
urn:node:EDACGSTORE,e802b4eb-be32-4949-84cd-778bdc15c41a
urn:node:EDACGSTORE,cefe5657-453a-4ab9-91d8-293f89ab0441
urn:node:EDACGSTORE,8196bb01-a690-4a35-8471-19ccdb365250
urn:node:EDACGSTORE,c4f401d7-0792-47a6-9d4f-262a52c92742
urn:node:EDACGSTORE,f716f023-31dd-47cb-b401-8037edd4b09d
urn:node:BCODMO,doi:10.1575/1912/bco-dmo.661339
urn:node:BCODMO,doi:10.1575/1912/bco-dmo.661345
urn:node:BCODMO,doi:10.1575/1912/bco-dmo.661343
urn:node:BCODMO,doi:10.1575/1912/bco-dmo.652124
urn:node:BCODMO,doi:10.1575/1912/bco-dmo.661344
urn:node:BCODMO,doi:10.1575/1912/bco-dmo.649882
urn:node:BCODMO,doi:10.1575/1912/bco-dmo.660079
urn:node:RGD,"North_American_Drought_Atlas_A_History_of_Meteorological_Drought_Reconstructed_from_835_Tree-Ring_Chronologies_for_the_Past_2,005_Years.xml"
urn:node:RGD,North_American_Environmental_Atlas.xml
urn:node:RGD,Area_and_Carbon_Content_of_Sphagnum_Peatlands_in_North_America_and_Eurasia_Since_the_Last_Glacial_Maximum.xml
urn:node:RGD,"Global,_Regional,_and_National_CO2_Emission_Estimates_from_Fossil_Fuel_Burning,_Cement_Production,_and_Gas_Flaring.xml"
urn:node:RGD,Global_Environmental_Monitoring_System_(GEMS)_Global_Water_Quality_Monitoring_Network_Data_and_Statistics_(GEMStat).xml
urn:node:RGD,Grassland_Management_and_Conversion_into_Grassland_(Effects_on_Soil_Carbon).xml
urn:node:RGD,Korea_Flux_Network_(KoFlux).xml
urn:node:RGD,National_Water_Information_System_(NWISWeb).xml
urn:node:EDORA,"Walker_Branch_Watershed_Vegetation_Inventory,_1967-2006.xml"
urn:node:KUBI,kubi.lifemapper.sdm.layers.615.eml
