"fa5bdd09-c784-4490-bc60-7feb06b3e603-PRISM-Precip-mm-Luna.xml","0","0","0","35"
"d66aefe8-74ae-46e0-b2ec-8f9d1d69cbff-20160612-sajddh-tray5-222-5-Post-3-Rla_summary_Calc_last.xml","0","0","0","35"
"dcx_4a79ef87-4a64-40aa-87be-c73f4546ac25_2","0","0","0","35"
"fe7e5d6c-d095-4d23-b9e9-69f794799410-20160609-sajddh-tray5_6-222-6-Pre-1-Rla_summary_Calc_last.xml","0","0","0","35"
"441f6c81-b99c-464d-a42c-5750d6c2440b-PRISM-T-max-celcius-DonaAna.xml","0","0","0","35"
"6d17a429-ea02-428a-8936-bb0778f98a0b-225_1_Chlor_Neg.xml","0","0","0","35"
"dc586dbf-e5be-439f-9b8b-ab8930e8708b-20160621-sajddh-tray10_11-222-10-Post-4-Rla_summary_Calc_last.xml","0","0","0","35"
"b776c8cd-cd23-4463-a3bb-9fde813a068b-PRISM-AgT-max-celcius-SantaFe.xml","0","0","0","35"
"6282d9a0-5ad3-4f89-973d-e88164cf3cea-PRISM-AgT-min-celcius-Chaves.xml","0","0","0","35"
"1ba9e48b-a938-434d-997b-d60452e8b04f-PRISM-AgT-min-celcius-Eddy.xml","0","0","0","35"
"ceaec04a-b89c-49ca-af4e-653f3d5455e7-20160607-sajddh-tray2-222-2-Post-2-CR3000_2_RawData.xml","0","0","0","35"
"8a2823c1-1b85-4871-a582-779905739a87-Introduction.xml","0","0","0","35"
"c4f401d7-0792-47a6-9d4f-262a52c92742","0","0","0","35"
"4ef5ddf1-2411-443e-a51c-50e1c0c49834-20160609-sajddh-tray5_6-121-6-Enr-1-Rla_summary_Calc_last.xml","0","0","0","35"
"5cf1e7ca-a5d7-44d5-97de-d13922c83cd7-HM_Baro_1_5_13.xml","0","0","0","35"
"d2cdb8d9-280a-4a21-ac6c-82a04696fd5d-HM_Baro_5_9_13.xml","0","0","0","35"
"909dbbba-0112-4694-acbe-a0d1dde03e27-USDA_CROP_MATRIX.xml","0","0","0","35"
"74f49ae8-d66c-403b-ba51-8dade1b2ab9c-PRISM-Precip-mm-Guadalupe.xml","0","0","0","35"
"b37e7b48-f7df-4863-be53-b30aad1eaffb-20160608-sajddh-tray1_3-121-1-Enr-2-Rla_summary_Calc_last.xml","0","0","0","35"
"1b6979b8-7806-426c-8aa5-f2e01ab1e454-PRISM-AgT-min-celcius-Sandoval.xml","0","0","0","35"
"f8136d0e-c128-4aa9-bb99-675a7fd53fd2-PRISM-T-mean-celcius-Lincoln.xml","0","0","0","35"
"dcx_20d84847-f248-4fdc-9891-6e5100b26103_2","0","0","0","35"
"d4974155-d692-4480-be0d-f95ccaa22b26-20160620-sajddh-tray16-222-16-Pre-2-Rla_summary_Calc_last.xml","0","0","0","35"
"b536ef4a-5654-4485-8c41-1649efdfa54e-PRISM-AgT-min-celcius-DonaAna.xml","0","0","0","35"
"96b7ee32-fe6b-4973-b10e-539a1eafbf0c-20160614-sajddh-tray6_7-222-7-Pre-3-Rla_summary_Calc_last.xml","0","0","0","35"
"73b20c21-c45d-4eba-958f-4ea87a9e0425-20160620-sajddh-tray16_9-121-9-Enr-3-Rla_summary_Calc_last.xml","0","0","0","35"
"d63edeaf-42c4-4d4e-a05a-0185103e3335-PRISM-AgT-mean-celcius-Catron.xml","0","0","0","35"
"69f5f9b5-ab79-4628-ab4e-b54be3c9a37c-PRISM-AgPrecip-mm-Torrance.xml","0","0","0","35"
"9453073e-cfb4-4e06-b6a0-f6d8fe806154-20160614-sajddh-tray6_7-222-6-Post-3-Rla_summary_Calc_last.xml","0","0","0","35"
"dcx_27624bab-9316-4884-a14b-eff15797c2bc_0","0","0","0","35"
"dcx_97bdced0-30ac-4ebf-91b8-94c7a871f5f0_0","0","0","0","35"
"9a61716e-e27d-46d2-8470-ba754f4a71e0-20160612-sajddh-tray3_4-222-3-Post-3-Rla_summary_Calc_last.xml","0","0","0","35"
"cefe5657-453a-4ab9-91d8-293f89ab0441","0","0","0","35"
"2c3f4838-b786-44e4-bf86-87a2e9dad24d-20160615-sajddh-tray12-222-12-Pre-2-Rla_summary_Calc_last.xml","0","0","0","35"
"68f5430f-fbf4-4326-ae69-aa01feb1d400-PRISM-AgPrecip-mm-RioArriba.xml","0","0","0","35"
"9391b95d-fece-4e5c-bd3c-4ff06812e2f8-PRISM-AgPrecip-mm-Catron.xml","0","0","0","35"
"6264c3a7-a367-4096-a55c-cc627f7cc528-PRISM-T-min-celcius-Curry.xml","0","0","0","35"
"44ac8586-5725-45d0-bc92-92c523702e88-NH_3_9_13.xml","0","0","0","35"
"25dad8b3-f22c-4daf-8c3a-01b0d2f94afc-PRISM-Precip-mm-Grant.xml","0","0","0","35"
"604a6594-1d3c-418f-9b68-2f16ae33588b-PRISM-T-mean-celcius-Colfax.xml","0","0","0","35"
"c1c7d441-d7ac-4d67-8437-0dfda0860ceb","0","0","0","35"
"dcx_a9a09131-0f21-4b3a-81a9-392b25f9a641_0","0","0","0","35"
"951cf4f1-68d5-43bf-aa0e-5b1b7ab67992-20160608-sajddh-tray3_4-121-3-Enr-2-Rla_summary_Calc_last.xml","0","0","0","35"
"0c9b1730-e487-4fe4-b4e9-07b00f6dfded-PRISM-AgPrecip-mm-Chaves.xml","0","0","0","35"
"be9d823b-95c4-4172-a016-9cfe4d631994-Guard_Column_Test.xml","0","0","0","35"
"5133fb25-729e-4e11-8721-858841951a27-PRISM-T-mean-celcius-McKinley.xml","0","0","0","35"
"dcx_935ff350-f471-4723-be15-7c793ba5901a_2","0","0","0","35"
"e988e209-cee5-457b-a201-8ffa67e733b1-PRISM-T-max-celcius-Mora.xml","0","0","0","35"
"119dc0f9-df6f-470b-94ca-0001792d00ee-PRISM-T-mean-celcius-Otero.xml","0","0","0","35"
"96f7fd0a-9a26-4de1-b780-1fd7245b0e3b-20160610-sajddh-tray10-222-10-Pre-1-Rla_summary_Calc_last.xml","0","0","0","35"
"e83ddddb-73aa-41aa-b064-ae4dae744fbc-HM_Baro_11_7_13.xml","0","0","0","35"
"a076e0e7-8338-44fe-bbe7-d1afc46871d0-SNSNmetadata8_22_2014_OilNaturalGasWater.xml","0","0","0","35"
"89e305e1-2c54-40c3-b6ae-df4d38b9ba24-PRISM-T-max-celcius-Sandoval.xml","0","0","0","35"
"3ea1167c-6869-488d-b597-8eb8740f9210-PRISM-T-min-celcius-Harding.xml","0","0","0","35"
"dcx_15f8ac93-37f2-4045-b45b-35d078b82b46_0","0","0","0","35"
"eec2f497-fcf4-4a5c-9640-93d4ec0b7dff","0","0","0","35"
"dcx_0e6561e3-33bf-46d6-aba4-745be63c0e19_0","0","0","0","35"
"aecddbc3-eb93-43ea-b575-145747429596-20160620-sajddh-tray16-222-16-Pre-2-CR3000_2_RawData.xml","0","0","0","35"
"d9c5fd2a-be96-4dc8-a4c0-2a60f70ad1d8-20160612-sajddh-tray5-121-5-Enr-3-Rla_summary_Calc_last.xml","0","0","0","35"
"db19468a-32bf-4ca4-9a85-ab1ef5c4f780-PRISM-AgT-min-celcius-Quay.xml","0","0","0","35"
"93d4e16e-a9fc-4efc-86a9-5ff75b75c10e-PRISM-AgT-mean-celcius-Grant.xml","0","0","0","35"
"4423b38e-6567-4f00-b962-e39e0e3d9584-PRISM-AgPrecip-mm-Colfax.xml","0","0","0","35"
"3d981a26-c8d3-475e-a4db-8cb4ffbf4639-20160615-sajddh-tray12-121-12-Enr-2-CR3000_2_RawData.xml","0","0","0","35"
"dcx_f13013ce-087e-491c-84d0-d0dc1fc03cc7_2","0","0","0","35"
"d3f3436e-c03c-461c-b214-7c13c912f95c-20160607-sajddh-tray1-121-1-Enr-2-CR3000_2_RawData.xml","0","0","0","35"
"8f0bd5a6-2dbc-4ea9-b2b9-970df2a5329b-20160621-sajddh-tray7-121-7-Enr-4-CR3000_2_RawData.xml","0","0","0","35"
"dddbf655-1ffd-4973-baf8-fb492b73cb9f-PRISM-AgT-mean-celcius-Torrance.xml","0","0","0","35"
"7642c340-9709-4dcc-ad50-ff7a17f77388-20160621-sajddh-tray10_11-121-10-Enr-4-CR3000_2_RawData.xml","0","0","0","35"
"dcx_d030cf8a-90c4-49ce-bbc5-b9808b9a5eb6_2","0","0","0","35"
"4eef5968-a008-4e05-900d-b1ed2c1c3c9f-PRISM-T-mean-celcius-Luna.xml","0","0","0","35"
"08bd6795-5868-4de9-9ebb-937f2cd77a7f-Conclusion.xml","0","0","0","35"
"a6cb05bd-755a-41d4-810f-b5967896a2c1-20160615-sajddh-tray10-121-10-Enr-3-CR3000_2_RawData.xml","0","0","0","35"
"cf602e9a-8127-4550-ad4a-6dcbdde2ca85-20160620-sajddh-tray16_9-222-9-Pre-3-CR3000_2_RawData.xml","0","0","0","35"
"819781aa-9562-4d26-941a-842ea1bb00cb-20160614-sajddh-tray6_7-121-6-Enr-3-CR3000_2_RawData.xml","0","0","0","35"
"8340706c-def0-447d-ac0f-080687b3381a-20160620-sajddh-tray2-121-2-Enr-4-CR3000_2_RawData.xml","0","0","0","35"
"533d377e-81a4-4e89-b3a1-fef53b7804e4-20160608-sajddh-tray1_3-121-1-Enr-2-CR3000_2_RawData.xml","0","0","0","35"
"a3e01a7a-410b-44db-8b02-5be0989beac9-PRISM-Precip-mm-Chaves.xml","0","0","0","35"
"60141edd-4f04-4b24-8de1-22cddc662912-20160616-sajddh-tray12-222-12-Pre-3-Rla_summary_Calc_last.xml","0","0","0","35"
"dcx_26a98c04-9512-404d-92f1-b9aedb6379dd_2","0","0","0","35"
"575bd680-d3d5-4f89-9eb8-bc184ba833b8-PRISM-T-mean-celcius-Curry.xml","0","0","0","35"
"ed06a1ff-9fe7-4e0d-9dc6-c827af69497d-PRISM-Precip-mm-McKinley.xml","0","0","0","35"
"b5fd0e07-cf13-4a6a-9507-82afb04f6336-PRISM-T-max-celcius-Luna.xml","0","0","0","35"
"ipumsi_6.3_us_2000_DC.xml","0","0","0","35"
"cba82db3-b97a-43c1-9093-4a79b7b9aa8a-20160610-sajddh-tray8-222-8-Post-2-Rla_summary_Calc_last.xml","0","0","0","35"
"fcc7b533-d0e9-4bb9-ab77-97fe450d1971-20160612-sajddh-tray1_2-222-2-Post-3-CR3000_2_RawData.xml","0","0","0","35"
"bdc83d95-9908-423e-9abb-4beb94f26b48-20160612-sajddh-tray1_2-121-2-Enr-3-CR3000_2_RawData.xml","0","0","0","35"
"97d36a6c-3384-45a7-b738-3ca1be4d5b55-PRISM-T-min-celcius-DonaAna.xml","0","0","0","35"
"4360c8a9-e420-4de6-8437-9844dcf4e250-PRISM-T-max-celcius-McKinley.xml","0","0","0","35"
"5aa4824b-b636-44f0-93b1-dd92660706d6-PRISM-AgT-max-celcius-Colfax.xml","0","0","0","35"
"3e51076e-7432-43a3-acc0-052692948cf8-PRISM-AgT-max-celcius-Mora.xml","0","0","0","35"
"f6896f96-b3a3-4b5d-8460-1cec45181a84-PRISM-AgPrecip-mm-Guadalupe.xml","0","0","0","35"
"39266aba-29a3-4969-9d01-baf0b69a85a9-PRISM-AgT-max-celcius-Lea.xml","0","0","0","35"
"91836c8d-7d3c-4b93-9162-1dd2777a5ab4-Concentrate_Test_06102015.xml","0","0","0","35"
"655930aa-a891-48ad-8060-5a13f7814a18","0","0","0","35"
"6cc8dcbc-4012-44e5-9acf-fc8dcd84d031-20160621-sajddh-tray10_11-222-10-Pre-4-Rla_summary_Calc_last.xml","0","0","0","35"
"bf06b33a-ff6c-4614-a65a-f6d7d854878d-PRISM_WPR_Headwaters.xml","0","0","0","35"
"dcx_09803170-604c-412a-bb37-d03a5e32d488_2","0","0","0","35"
"58a39635-464b-4c2b-8046-2c8ff06d92d1-PRISM-T-max-celcius-Curry.xml","0","0","0","35"
"1c733f94-634f-4223-825d-16e49fe65f94-20160608-sajddh-tray1_3-222-3-Pre-1-CR3000_2_RawData.xml","0","0","0","35"
"d1de7802-f88a-4cba-b921-56ac0a25e849-PRISM-T-min-celcius-Otero.xml","0","0","0","35"
"ebf7c2bd-f21f-47e0-a3ce-8494a7161e46-PRISM-AgT-min-celcius-SanJuan.xml","0","0","0","35"
"489225d9-fada-40d7-8ddb-38d19ea22063-20160610-sajddh-tray10-222-10-Post-1-Rla_summary_Calc_last.xml","0","0","0","35"
"4877c408-f00d-4baa-afd0-00f0942a53c3-20160609-sajddh-tray7-222-7-Post-2-Rla_summary_Calc_last.xml","0","0","0","35"
"4bebf7e8-500b-4951-a053-1bd3b8befbf2-PRISM-AgT-mean-celcius-Lea.xml","0","0","0","35"
"392386fd-c199-43e5-8d79-03d21a56e49a-20160612-sajddh-tray1_2-222-1-Pre-3-Rla_summary_Calc_last.xml","0","0","0","35"
"16275314-e9cb-4589-a4e9-ad4c61e5f29c-PRISM-AgT-mean-celcius-DeBaca.xml","0","0","0","35"
"97265147-068b-46df-ba63-576c97387cfc-PRISM-Precip-mm-Lincoln.xml","0","0","0","35"
"0edf39b1-a6e8-498e-8a1d-859038b54e16-PRISM-AgT-max-celcius-DeBaca.xml","0","0","0","35"
"f1e09603-64b1-412c-8859-4dc656a3fc8b-PRISM-Precip-mm-Union.xml","0","0","0","35"
"a6edf9fe-cebe-482f-90b3-bf85cf702ae6-PRISM-T-min-celcius-Catron.xml","0","0","0","35"
"efb4314d-4fb3-4765-b265-a5fb596a2bf0-20160620-sajddh-tray16_9-121-16-Enr-3-Rla_summary_Calc_last.xml","0","0","0","35"
"dcx_84b3a66d-14bb-4ad9-be17-a36d4f4cbc54_1","0","0","0","35"
"0ca967d2-bbd9-444d-946d-d043aba74fc2-PRISM-AgT-min-celcius-SanMiguel.xml","0","0","0","35"
"334459f0-1e55-46b1-84a8-9b41a20a54d2-PRISM-AgT-mean-celcius-Curry.xml","0","0","0","35"
"5566ea30-7971-4b94-b89f-02b5c714ad67-PRISM-AgT-min-celcius-Mora.xml","0","0","0","35"
"f3a885b7-85bc-4353-81de-437e6dabac2e-PRISM-AgPrecip-mm-Grant.xml","0","0","0","35"
"dcx_ebc2a5d3-99ac-486c-be77-885f52584548_2","0","0","0","35"
"e20ad144-e16d-4544-8beb-9a073666501e-20160608-sajddh-tray3_4-222-3-Pre-2-Rla_summary_Calc_last.xml","0","0","0","35"
"dcx_38fe53fd-7e32-4164-9d2c-2610fc389e4b_0","0","0","0","35"
"3e7c8879-2578-4679-98f6-0431d7454439-20160608-sajddh-tray1_3-121-3-Enr-1-Rla_summary_Calc_last.xml","0","0","0","35"
"2815486e-f768-4468-8c89-79f9bc3c7044-PRISM-Precip-mm-RioArriba.xml","0","0","0","35"
"dcx_e6239e61-f070-49fc-b399-95160f5d9a4d_2","0","0","0","35"
"bf930c6c-7dd1-445d-bef7-a094220faeeb-20160608-sajddh-tray4_5-222-4-Post-2-CR3000_2_RawData.xml","0","0","0","35"
"d6ea4073-e309-4dc3-b851-c1413f3d244e-PRISM-Precip-mm-Colfax.xml","0","0","0","35"
"8cf9ca14-7f71-4547-943d-aafd4e8feaa0-PRISM-Precip-mm-DonaAna.xml","0","0","0","35"
"dcx_8bd65007-f4b7-4b6e-8e71-05d7cf48a620_2","0","0","0","35"
"ff0c9dfd-3171-416d-beb1-34ae497678e2-PRISM-AgT-max-celcius-Roosevelt.xml","0","0","0","35"
"9e527932-4c68-43bd-876f-e2db6dbb4dbc-PRISM-AgPrecip-mm-Roosevelt.xml","0","0","0","35"
"777da99e-ac4d-4854-9903-85e0ffe3ad63-True_Permeance.xml","0","0","0","35"
"96281afe-6696-45bf-9cb4-af0e7d928202-OPD_membrane_fabrication_20140918.xml","0","0","0","35"
"c0b689eb-8984-4d99-a6e9-e2d3cb0498cf-PRISM-T-mean-celcius-RioArriba.xml","0","0","0","35"
"518405ad-c22a-4d8a-a7ec-e963a0b19126-PRISM-AgT-min-celcius-McKinley.xml","0","0","0","35"
"79beebe4-6c55-415f-80aa-c45adddfaf67-20160621-sajddh-tray10_11-121-10-Enr-4-Rla_summary_Calc_last.xml","0","0","0","35"
"1a07a334-3846-4b2b-8d2f-691b1e94d519","0","0","0","35"
"13f387b3-8aa6-4e65-b7a8-23c4d81d3bef-20160620-sajddh-tray16-121-16-Enr-2-Rla_summary_Calc_last.xml","0","0","0","35"
"ipumsi_6.3_us_2005_DC.xml","0","0","0","35"
"dcx_6317154d-5de8-400b-bace-3df1cf8e8bb8_2","0","0","0","35"
"b76fd98b-91be-428d-b69e-874f6b85efcd","0","0","0","35"
"44accbdd-569c-482f-896e-57265b7d08e1-20160614-sajddh-tray10-222-10-Post-2-Rla_summary_Calc_last.xml","0","0","0","35"
"48e9a524-bea7-40e0-82cc-18345c8937e2-PRISM-AgPrecip-mm-Harding.xml","0","0","0","35"
"dcx_1f0c9630-1fd5-4eb7-8129-90195451bdf3_2","0","0","0","35"
"0100ced0-e8ae-47d6-90fd-bfcaeb236224-PRISM-T-min-celcius-Torrance.xml","0","0","0","35"
"a74a7fbe-2d3b-4c39-afa9-d3eebf978f71-NM_POPULATION_DATA.xml","0","0","0","35"
"5cc7b5de-2db5-40dc-917e-2d27864d0142-PRISM-AgPrecip-mm-Sandoval.xml","0","0","0","35"
"1df762fa-19f3-4904-8ee0-ca354ff77910-20160615-sajddh-tray11-222-11-Post-1-Rla_summary_Calc_last.xml","0","0","0","35"
"98494e4f-0147-418e-bff8-1785e4e07d7e-PRISM-AgPrecip-mm-LosAlamos.xml","0","0","0","35"
"d3bb1059-ac50-4c00-8233-ddaa14ae4506-20160608-sajddh-tray1_3-222-1-Pre-2-Rla_summary_Calc_last.xml","0","0","0","35"
"0887b97f-7327-4a01-933e-e81ae24628e4-20160621-sajddh-tray10_11-121-11-Enr-4-Rla_summary_Calc_last.xml","0","0","0","35"
"b2a98aa9-6a89-4381-bc4b-ade8ee4c2493-PRISM-AgT-max-celcius-Chaves.xml","0","0","0","35"
"53c87e78-2caf-4382-8527-cd5e7494a4bf-20160614-sajddh-tray8_9-222-8-Post-3-Rla_summary_Calc_last.xml","0","0","0","35"
"8013be42-22d5-44c9-8467-95565090a5a1-Seawater_Test_Increased_Flow.xml","0","0","0","35"
"86d61558-b283-4804-8a5c-5d4719aaf855-PRISM-T-min-celcius-DeBaca.xml","0","0","0","35"
"54c6e493-4f41-4c71-aaa5-8e8e210bea03-20160608-sajddh-tray4_5-222-5-Post-1-Rla_summary_Calc_last.xml","0","0","0","35"
"2e2f3f95-09e5-4660-be86-6dd97dbe6faf-Lipid_Assignment_Nanno_Pos.xml","0","0","0","35"
"087727ba-22ac-4253-9877-89a9d12692d8-SNSNmetadata8_22_2014_NaturalGas.xml","0","0","0","35"
"042c4d13-89bc-4443-8f18-0e82cc987860-20160614-sajddh-tray10-222-10-Pre-2-Rla_summary_Calc_last.xml","0","0","0","35"
"f805f524-ba21-40f3-91c9-3d0435d579d4-PRISM-AgT-mean-celcius-Mora.xml","0","0","0","35"
"19fb52d0-aeb2-4ed4-8d75-452c622d2e3d-PRISM-AgT-mean-celcius-Roosevelt.xml","0","0","0","35"
"338b4f38-7e02-4a46-a949-83b4cbdc1856-20160610-sajddh-tray8-121-8-Enr-2-Rla_summary_Calc_last.xml","0","0","0","35"
"2440d0e5-5fe0-49a4-8fff-21273df58da8-20160614-sajddh-tray8_9-121-9-Enr-3-Rla_summary_Calc_last.xml","0","0","0","35"
"67276d65-76f4-48aa-9de1-eb24ce80a1a7-PRISM-T-min-celcius-Colfax.xml","0","0","0","35"
"f917c8ff-9b17-4cb8-84cf-477132e0aacb-20160614-sajddh-tray10-121-10-Enr-2-Rla_summary_Calc_last.xml","0","0","0","35"
"30d02898-34e5-45c2-9a37-f23b0821fc77-20160609-sajddh-tray6_7-121-6-Enr-2-Rla_summary_Calc_last.xml","0","0","0","35"
"2c82cd3c-2138-4984-89e5-93c46f156123-20160621-sajddh-tray7-222-7-Pre-4-Rla_summary_Calc_last.xml","0","0","0","35"
"08d43bf9-d4a6-4afb-92e6-293684da78ee-20160612-sajddh-tray3_4-121-3-Enr-3-Rla_summary_Calc_last.xml","0","0","0","35"
"5fdd30a1-d0ab-4e8e-bd0c-8e7b6396e404-20160615-sajddh-tray12-121-12-Enr-1-CR3000_2_RawData.xml","0","0","0","35"
"16500c50-af67-4137-904d-8dc379555841","0","0","0","35"
"e29b86d9-34d0-4fef-acbb-bbc896e7a8c9-NLCD_WPR_County_Matrix.xml","0","0","0","35"
"dcx_3531b59c-e2a4-45e5-aeb4-b9bd1cf1d0f9_2","0","0","0","35"
"20f699bf-d979-402b-8771-a009fef8449d-PRISM-AgT-min-celcius-DeBaca.xml","0","0","0","35"
"1b946616-1739-428f-ac56-22e3a57cc4fe-PRISM-AgT-mean-celcius-Colfax.xml","0","0","0","35"
"fb8669d0-1a00-4217-9e15-18d6a8bf145e","0","0","0","35"
"f716f023-31dd-47cb-b401-8037edd4b09d","0","0","0","35"
"4c64b191-b3c7-4da8-8d3c-b1bc5fef32b1-PRISM-Precip-mm-LosAlamos.xml","0","0","0","35"
"b80fd992-9731-42d9-a033-3fbbeee7abb6-20160614-sajddh-tray8_9-222-8-Pre-3-Rla_summary_Calc_last.xml","0","0","0","35"
"2860c615-1d3c-430c-93e7-ad9ac56d88db-20160616-sajddh-tray9_11-222-9-Pre-3-Rla_summary_Calc_last.xml","0","0","0","35"
"466ec497-957d-4d96-b59f-e262eba57862-20160612-sajddh-tray3_4-121-4-Enr-3-CR3000_2_RawData.xml","0","0","0","35"
"ae59287f-2584-4499-b6b8-0a7269867aff-20160607-sajddh-tray1-222-1-Pre-1-Rla_summary_Calc_last.xml","0","0","0","35"
"33c0ffe7-773a-4741-b232-dc54fd07a655-PRISM-T-min-celcius-Guadalupe.xml","0","0","0","35"
"3269921b-a9d1-4407-93f3-79352f17465e-PRISM-T-mean-celcius-Eddy.xml","0","0","0","35"
"dcx_6b770fb9-81d3-464c-a762-f14cdef3edfd_2","0","0","0","35"
"ef24219b-16c7-4d80-93e0-8c5a38700ae3-20160610-sajddh-tray8-222-8-Pre-2-Rla_summary_Calc_last.xml","0","0","0","35"
"61f8f54b-05d7-4bbe-b8f8-09166e5833c8-20160612-sajddh-tray3_4-222-3-Pre-3-Rla_summary_Calc_last.xml","0","0","0","35"
"4fd331e6-9d1f-4643-a0a3-919c1dc5e508-20160620-sajddh-tray16_9-222-16-Post-3-Rla_summary_Calc_last.xml","0","0","0","35"
"7f0ae582-586f-4ff9-a027-b5aa6053d435-20140826_15_PBR1.xml","0","0","0","35"
"500ab6b9-5a4a-4998-8048-deb9f92a2ad7-20160612-sajddh-tray1_2-121-1-Enr-3-CR3000_2_RawData.xml","0","0","0","35"
"3d2c0756-5a14-4db3-9787-cc1bb11ea369-NH_9_20_13.xml","0","0","0","35"
"ipumsi_6.3_ma_1994_DC.xml","0","0","0","35"
"816993a3-aab1-433f-a453-83c6fb2330c3","0","0","0","35"
"dcx_4ba420e0-f6f0-4d9a-8c78-8ea9a2009b0f_2","0","0","0","35"
"b4c43ed4-68a9-4ae9-8e69-1fe26e05a9d5-PRISM-T-min-celcius-Union.xml","0","0","0","35"
"76e1e380-3e69-42e3-8029-fb5e58a300c4-Nitrate_verification.xml","0","0","0","35"
"aefd3056-2668-4818-a641-b383f8087973-20160608-sajddh-tray3_4-222-4-Post-1-Rla_summary_Calc_last.xml","0","0","0","35"
"fe23c124-8494-4d41-bb7f-6ba283409e72-PRISM-AgT-min-celcius-Union.xml","0","0","0","35"
"fbd2ca8f-6a14-46e7-a389-232dd13e14ee-20160609-sajddh-tray5_6-121-5-Enr-2-Rla_summary_Calc_last.xml","0","0","0","35"
"42a9efbb-5eca-4b32-a3bf-f5d368448f37-20160615-sajddh-tray11-121-11-Enr-2-Rla_summary_Calc_last.xml","0","0","0","35"
"da01f77a-198b-4d8b-8e0b-0624717111b0-20160610-sajddh-tray9-222-9-Pre-1-Rla_summary_Calc_last.xml","0","0","0","35"
"3e580aef-e86f-4cc6-8c76-6cbaf40982a3-20160615-sajddh-tray11-222-11-Pre-2-Rla_summary_Calc_last.xml","0","0","0","35"
"dcx_0007f892-0d8f-4451-94e9-94d02ba5dd0d_2","0","0","0","35"
"627cd76c-8067-4877-becf-ef1fe3e23966-PRISM-AgPrecip-mm-Luna.xml","0","0","0","35"
"dcx_d73738df-9da3-4523-b1b9-2fcebf754718_2","0","0","0","35"
"6d089884-6301-4fa0-a702-cbc9f3f95463-PRISM-T-mean-celcius-Taos.xml","0","0","0","35"
"c7b19210-0934-4994-a86f-656c4283ec0b-20160607-sajddh-tray1-222-1-Pre-2-Rla_summary_Calc_last.xml","0","0","0","35"
"ce212447-dce1-4d51-915e-fd18a5331aa6-PRISM-AgT-max-celcius-Bernalillo.xml","0","0","0","35"
"3c1c0983-3dcd-4b1b-8c94-132867a5805f-PRISM-AgT-min-celcius-Guadalupe.xml","0","0","0","35"
"243fe390-290a-4887-b3eb-a6e00535a274-PRISM-AgT-min-celcius-LosAlamos.xml","0","0","0","35"
"6444955f-d86d-491a-b1a5-dbc39bb4c697-20160610-sajddh-tray9-222-9-Post-1-Rla_summary_Calc_last.xml","0","0","0","35"
"7b992279-bb16-4a6a-802c-234bc6d97c6d-PRISM-AgT-max-celcius-SanJuan.xml","0","0","0","35"
"ee7dfed8-00fd-4392-9239-bd053d3ff67b-20160620-sajddh-tray16-222-16-Post-1-Rla_summary_Calc_last.xml","0","0","0","35"
"f21eba59-9c42-4062-b78c-7bca9f936234-Seawater_Test_06182015.xml","0","0","0","35"
"d33fe74e-a1f5-4989-bf5e-9cee18dc0764-20160615-sajddh-tray10-121-10-Enr-3-Rla_summary_Calc_last.xml","0","0","0","35"
"7d5f2c0b-43dd-4b83-b731-b12faaa8a6b2-20160614-sajddh-tray6_7-121-7-Enr-3-CR3000_2_RawData.xml","0","0","0","35"
"b23b196b-3f89-4fa5-99c1-cc85d96d5504-TAG_Distribution_Lipid_samples.xml","0","0","0","35"
"29c54d0f-9eb9-47b8-bb53-c4e968da60f4-Test_TSKG3000_PWXL.xml","0","0","0","35"
"24976302-8c45-4fa2-ad37-5c6e03d41612-PRISM-T-mean-celcius-Hidalgo.xml","0","0","0","35"
"dcx_0024e77f-000e-4b38-8a80-215fab398905_2","0","0","0","35"
"619bcf9c-ad5c-4d7d-8ba1-fd6660e96850-PRISM-AgT-min-celcius-Roosevelt.xml","0","0","0","35"
"848091be-c953-41b4-ba1a-5a49c6d66d0a-PRISM-T-min-celcius-Lincoln.xml","0","0","0","35"
"b425c7ba-c981-41fc-9354-24702068e3ff-20160607-sajddh-tray1-121-1-Enr-1-Rla_summary_Calc_last.xml","0","0","0","35"
"0a438f7f-054e-4158-ac23-54f49f084816-20160610-sajddh-tray9-222-9-Pre-2-Rla_summary_Calc_last.xml","0","0","0","35"
"68e9c83c-d6d1-455f-b47f-45ebc93d207d-PRISM-Precip-mm-DeBaca.xml","0","0","0","35"
"2c3a0237-ded1-4cf9-b0ce-8a6b16ab3d7e-20160614-sajddh-tray6_7-121-7-Enr-3-Rla_summary_Calc_last.xml","0","0","0","35"
"3f689fdc-a97a-406a-8352-1bdbdd826108-PRISM-Precip-mm-SantaFe.xml","0","0","0","35"
"dbb550fd-632b-4e6b-b950-7a8addb9d625-20160615-sajddh-tray10-222-10-Pre-3-Rla_summary_Calc_last.xml","0","0","0","35"
"008830c8-a3bf-4bed-847d-493ad426984b-20160615-sajddh-tray12-222-12-Post-1-Rla_summary_Calc_last.xml","0","0","0","35"
"62de33e6-39da-4c76-bebe-9b3f30b5c7ed-PRISM-AgPrecip-mm-SanMiguel.xml","0","0","0","35"
"519e97cb-3771-4e41-8c17-879232cbe8f1-20160621-sajddh-tray4_6-121-6-Enr-4-Rla_summary_Calc_last.xml","0","0","0","35"
"f2bc5770-9f22-4e54-a3f3-6ff75bbf59aa-PRISM-Precip-mm-Cibola.xml","0","0","0","35"
"f4ba7881-9c93-4f8b-8e26-d1e43d0d4280","0","0","0","35"
"c5e6ab89-5a04-416a-87b6-fae577c345ed-20160609-sajddh-tray7-121-7-Enr-2-Rla_summary_Calc_last.xml","0","0","0","35"
"65f63b7c-56bb-441d-9a35-fcdf0faa7d99-20160609-sajddh-tray6_7-222-7-Post-1-Rla_summary_Calc_last.xml","0","0","0","35"
"7d4dcab2-530a-4348-8ec2-81d2d77f75fc-PRISM-AgT-max-celcius-Hidalgo.xml","0","0","0","35"
"dcx_e0fe4d12-2949-404e-a58a-396bd12af02c_0","0","0","0","35"
"a5c69783-c562-469b-82c9-4050014968a7-20160608-sajddh-tray4_5-121-4-Enr-2-CR3000_2_RawData.xml","0","0","0","35"
"c88d4b57-c7d1-473b-88b0-f6edb01809eb-PRISM-T-max-celcius-Bernalillo.xml","0","0","0","35"
"ce227962-e07d-41c4-9efe-7bb53687608c-20160614-sajddh-tray6_7-121-6-Enr-3-Rla_summary_Calc_last.xml","0","0","0","35"
"b7c4e79e-2f16-4adb-88de-1304b6e613b6-PRISM-AgT-max-celcius-Grant.xml","0","0","0","35"
"1e1ef875-3205-4e6a-b715-55939a578e58-20160610-sajddh-tray8-222-8-Pre-1-Rla_summary_Calc_last.xml","0","0","0","35"
"0766506d-b890-4472-911f-f79c91dc7ff7","0","0","0","35"
"dcx_22dc7cfd-27da-4c18-9bf2-98e31bc0bdc0_2","0","0","0","35"
"dcx_0487914d-e1d1-4295-8e35-d592271d87a8_2","0","0","0","35"
"22f52656-2bb2-4d26-8de8-5dcae2563b41-PRISM-AgT-max-celcius-Taos.xml","0","0","0","35"
"2a060771-f51b-4399-8b4d-ec8a409c7d4f-20160614-sajddh-tray8_9-222-9-Pre-3-Rla_summary_Calc_last.xml","0","0","0","35"
"a8515012-6b69-48b1-8861-ab5ce07b591c-20160607-sajddh-tray2-222-2-Pre-1-Rla_summary_Calc_last.xml","0","0","0","35"
"fcd72573-00d7-4c06-9e60-79b8173207bd-Final_Result_Lipid_samples.xml","0","0","0","35"
"cd3ee1c4-c0e3-465d-8129-de6f27ba1d9d-PRISM-T-min-celcius-SantaFe.xml","0","0","0","35"
"2ebd5140-4537-45af-a8c2-bae7c0e7210e-20160615-sajddh-tray11-222-11-Pre-1-Rla_summary_Calc_last.xml","0","0","0","35"
"dcx_0f7a5740-df94-487c-b1c2-f9ecfc235f79_2","0","0","0","35"
"f0c1fbf9-7296-4504-ba91-451f7e264ec3-PRISM-T-max-celcius-Cibola.xml","0","0","0","35"
"dcx_00b8fc63-5981-4110-9926-34774cd376d3_2","0","0","0","35"
"5ad43473-7de3-4950-bb7c-e3be4dced2a6-20160620-sajddh-tray16_9-121-9-Enr-3-CR3000_2_RawData.xml","0","0","0","35"
"4b13ba9b-e96e-47fd-a271-dfdb79e23f23-PRISM-AgT-max-celcius-Quay.xml","0","0","0","35"
"89370fc2-4544-4cef-a033-56a5a5760b5c-PRISM-T-max-celcius-Lea.xml","0","0","0","35"
"3eeaa48d-6034-4deb-be22-5d17ee741d1a-PRISM-AgT-mean-celcius-Eddy.xml","0","0","0","35"
"1b2fb0ab-3c13-431a-9f8a-1caf02bb485a-PRISM-AgT-mean-celcius-Guadalupe.xml","0","0","0","35"
"fd211e4f-ba60-4dc8-a0d5-6a1be5922e06-PRISM-AgT-max-celcius-RioArriba.xml","0","0","0","35"
"71321efd-cbc4-46d1-be09-e94241144177-PRISM-AgPrecip-mm-Curry.xml","0","0","0","35"
"17ac4c7e-74f6-40d3-854f-3282cdb43ea3-PRISM-AgT-max-celcius-Sierra.xml","0","0","0","35"
"effc24b6-ef26-4c2b-ba95-a49a58cc2b73","0","0","0","35"
"ipumsi_6.3_tr_1985_DC.xml","0","0","0","35"
"4f5a9438-d77c-40c1-8eb8-1f2018ebb1ae-20160608-sajddh-tray3_4-121-4-Enr-1-Rla_summary_Calc_last.xml","0","0","0","35"
"1f4d3b76-5fd3-48a5-a2d9-eca8c2a04d56-PRISM-Precip-mm-Catron.xml","0","0","0","35"
"8124fa6a-069e-4500-9509-0fc3aab96fd3-PRISM-AgT-max-celcius-Lincoln.xml","0","0","0","35"
"c5ccf90d-d01b-47ea-ba8e-9aed4b0769dc-PRISM-AgT-min-celcius-Colfax.xml","0","0","0","35"
"a2f3eaa1-231a-4b6f-a614-4c8c4bc9edc1-PRISM-T-min-celcius-Quay.xml","0","0","0","35"
"5f8c13d5-29b5-48ed-95af-30c9dcfc9b4a-Soy_Oil_neg.xml","0","0","0","35"
"cf1b7a9c-3bc2-429f-a448-d0839b5c04e2-20160612-sajddh-tray1_2-121-2-Enr-3-Rla_summary_Calc_last.xml","0","0","0","35"
"0e5df88d-11ff-4b4d-82ba-7372a89f3155-NH_5_9_13.xml","0","0","0","35"
"92f06b37-ab35-4c60-a976-b76df5bc6887-20160621-sajddh-tray7-222-7-Post-4-Rla_summary_Calc_last.xml","0","0","0","35"
"c621b75b-78f9-4170-a116-8d7e0c668dfc-20160620-sajddh-tray16-222-16-Post-2-Rla_summary_Calc_last.xml","0","0","0","35"
"58858836-e8d2-4fb6-8194-931d4dc6029e-PRISM-AgT-max-celcius-Cibola.xml","0","0","0","35"
"b9065b41-b3b7-422d-a436-a81d5427a193-PRISM-AgT-max-celcius-Sandoval.xml","0","0","0","35"
"bca62e3b-94c6-4c12-b09f-197c2f15b9ff-Stream_Gages.xml","0","0","0","35"
"58aeb95c-2d3a-47e7-95b7-e06b7e283abf-PRISM-AgT-mean-celcius-LosAlamos.xml","0","0","0","35"
"a8839fae-a31e-4f22-ac4f-c5d4285e239b-PRISM-AgT-min-celcius-Lincoln.xml","0","0","0","35"
"dcx_1c986761-b361-402c-bfa3-ce8f082609aa_2","0","0","0","35"
"3dc3b122-67d7-4b33-8179-d22d9130ecc9-PRISM-T-max-celcius-Guadalupe.xml","0","0","0","35"
"ipumsi_6.3_lr_1974_DC.xml","0","0","0","35"
"4dd80044-d6fb-4bac-be77-5b773a439bf6-PRISM-AgT-mean-celcius-RioArriba.xml","0","0","0","35"
"dcx_990ac077-44a1-4b3e-adf4-54fb6bb90172_2","0","0","0","35"
"ipumsi_6.3_ca_2001_DC.xml","0","0","0","35"
"bc3df782-f246-4c9f-8243-efd826b34613-PRISM-T-min-celcius-Taos.xml","0","0","0","35"
"ipumsi_6.3_co_2005_DC.xml","0","0","0","35"
"27c38570-1681-4a75-b406-edef041b472f-20160621-sajddh-tray4_6-222-6-Pre-4-CR3000_2_RawData.xml","0","0","0","35"
"b19dd551-b7ba-4ce0-95d4-f59c3434af14-PRISM-T-mean-celcius-Harding.xml","0","0","0","35"
"d7bfdb3e-6941-4712-9c2f-ad0db1c63679-PRISM-T-mean-celcius-LosAlamos.xml","0","0","0","35"
"a4f84650-7d67-4edb-a7c0-89d8c1e94a4f-PRISM-T-max-celcius-Harding.xml","0","0","0","35"
"28b06a36-23b4-47bd-b185-3eeebb6b4939-20160614-sajddh-tray6_7-222-6-Pre-3-Rla_summary_Calc_last.xml","0","0","0","35"
"ee9fc547-047c-49a7-829e-7d79abf66008-PRISM-T-mean-celcius-DeBaca.xml","0","0","0","35"
"97a54db2-2a0f-4952-bbb9-e739716ced6a-PRISM-AgT-mean-celcius-Taos.xml","0","0","0","35"
"c3b7a57d-c958-41dc-a316-0e3025596951-SNSNmetadata8_22_2014_WaterUse.xml","0","0","0","35"
"23ff23f7-5dc6-43ad-91d2-41e298db49ec-PRISM-T-mean-celcius-Guadalupe.xml","0","0","0","35"
"20c99341-be22-4fd4-b3a7-b5d66069c418","0","0","0","35"
"d1bf90b5-cc78-4027-9ce0-877b038b5609-RO_Data.xml","0","0","0","35"
"039d22fe-f607-4de4-802e-9429d9576b7d-20160608-sajddh-tray1_3-121-3-Enr-1-CR3000_2_RawData.xml","0","0","0","35"
"1079b3d1-b1f8-4150-b763-325237e88812-PRISM-AgPrecip-mm-Lea.xml","0","0","0","35"
"ipumsi_6.3_zm_2010_DC.xml","0","0","0","35"
"cb548519-4219-4ae9-8fdd-837e3dbd3a54-20160608-sajddh-tray3_4-222-4-Pre-1-Rla_summary_Calc_last.xml","0","0","0","35"
"4bb02e8a-3d32-4d3e-9544-60eea72ad6e1-PRISM-T-max-celcius-Valencia.xml","0","0","0","35"
"ipumsi_6.3_us_1970_DC.xml","0","0","0","35"
"bbca1854-8d17-48bd-be75-9c8cdfd436f3","0","0","0","35"
"c9da1ed0-9537-4127-9368-22863a17b7eb-PRISM-T-max-celcius-SantaFe.xml","0","0","0","35"
"c4bc5cc4-a247-4b0d-bbd1-64c7c84a3620-PRISM-Precip-mm-Sierra.xml","0","0","0","35"
"98c2a3fd-f0fc-4502-a036-deff97f6222f-NH_11_7_13.xml","0","0","0","35"
"7b109290-5c98-4e86-ace4-ee09bb384339-NH_12_13_13.xml","0","0","0","35"
"a15f8686-5ee4-4f28-973e-9c112ca68bee-20160615-sajddh-tray11-121-11-Enr-2-CR3000_2_RawData.xml","0","0","0","35"
"ec605fec-2183-4c91-b90d-b96479f4c8ec-PRISM-AgT-mean-celcius-SantaFe.xml","0","0","0","35"
"000440bc-c10b-46c7-aaa5-63794f1a9eac","0","0","0","35"
"c13cf41d-94f1-487a-ba50-9a3a4f04bfb8-PRISM-T-min-celcius-Grant.xml","0","0","0","35"
"f4aedcbd-5547-4583-aa4c-51dda5aca39c-20160609-sajddh-tray5_6-222-5-Pre-2-Rla_summary_Calc_last.xml","0","0","0","35"
"72491f6e-78a8-49eb-bf68-7de869b83a94-Tache_water_samples.xml","0","0","0","35"
"25d60e90-3ea8-44d7-af53-a8e825ad7f1e-PRISM-AgT-mean-celcius-Lincoln.xml","0","0","0","35"
"ipumsi_6.3_fr_1999_DC.xml","0","0","0","35"
"ad5600fe-4e1c-4806-b22a-d416e98afdc4-20160607-sajddh-tray2-121-2-Enr-2-Rla_summary_Calc_last.xml","0","0","0","35"
"286a8784-e3a2-4516-9ae5-ac6a1134dd67-PRISM-AgT-max-celcius-Otero.xml","0","0","0","35"
"9ffb1aae-c7f2-477e-a7d7-7cc055ba13ed-20160620-sajddh-tray16-121-16-Enr-1-Rla_summary_Calc_last.xml","0","0","0","35"
"bec201bd-5a2f-4304-aff7-aa1d4f40bd60-PRISM-Precip-mm-Valencia.xml","0","0","0","35"
"2882726f-8aae-4083-9a83-28ce749b4739-20160609-sajddh-tray6_7-222-6-Pre-2-Rla_summary_Calc_last.xml","0","0","0","35"
"8196bb01-a690-4a35-8471-19ccdb365250","0","0","0","35"
"dcx_4fba2e5e-a493-40b8-b3ed-b1755f979eb6_2","0","0","0","35"
"dcx_6f190841-383a-4da7-8cae-c2deade50f6c_2","0","0","0","35"
"311fbe65-802f-4ac2-b5f0-7654ce7d3f0e-PRISM-AgPrecip-mm-Eddy.xml","0","0","0","35"
"066f6379-6416-442d-803b-5b4247b3e1f7-20160608-sajddh-tray1_3-222-1-Post-2-CR3000_2_RawData.xml","0","0","0","35"
"8ce12296-0c08-4823-84d3-b030de2105d3-XRF_results_8-2014.xml","0","0","0","35"
"ff05ed6e-5d4a-444c-9a1c-c0215c3032bb-PRISM-AgT-mean-celcius-Otero.xml","0","0","0","35"
"e8ca03c1-cc91-49fa-a098-75e5677f9a42-PRISM-AgT-max-celcius-DonaAna.xml","0","0","0","35"
"581129ea-36a0-4f4b-99e7-6c762942c879-PRISM-Precip-mm-Taos.xml","0","0","0","35"
"2b1d32e6-f9ff-47ce-af7f-67a2485f57c3-PRISM-T-mean-celcius-SantaFe.xml","0","0","0","35"
"6132306c-29e2-4b12-9e47-9389ccfacb4c","0","0","0","35"
"2348d8db-ca9b-4405-a402-cc1694a8bb29-PRISM-T-mean-celcius-Torrance.xml","0","0","0","35"
"c7ab1421-046d-4616-adec-93dc9bfae5bf","0","0","0","35"
"fbf38c8f-5603-48f2-9859-87fd3523c760-20160607-sajddh-tray2-121-2-Enr-1-Rla_summary_Calc_last.xml","0","0","0","35"
"d8843a2e-529c-495a-8da4-a2e0bc5898e5-PRISM-Precip-mm-Socorro.xml","0","0","0","35"
"37200ff3-c7ef-4988-8a4f-03f6ee9cc4e9-PRISM-AgT-min-celcius-Hidalgo.xml","0","0","0","35"
"347247e0-20fd-4115-8f39-370a77d8590b-PRISM-T-max-celcius-Colfax.xml","0","0","0","35"
"44451016-5316-4ded-a58a-fb807c6e0457-LIVESTOCK.xml","0","0","0","35"
"3ce1ea73-d6eb-4de8-a317-beec31c13711-PRISM-AgT-min-celcius-Harding.xml","0","0","0","35"
"ba0147c3-e6cb-478a-99ce-0e7d8165ea5d-PRISM-AgT-min-celcius-Sierra.xml","0","0","0","35"
"dcx_e9bc88fb-6915-455f-817f-b916bcf48cf4_2","0","0","0","35"
"511a6667-4d17-433b-8921-53f887d394ac-SNSNmetadata8_22_2014_Environment.xml","0","0","0","35"
"5116ac4e-d4ae-4dd3-8488-64735c87a943-PRISM-AgT-mean-celcius-SanMiguel.xml","0","0","0","35"
"016528db-6f8c-472b-a557-af6e1b461649-SNSNmetadata8_22_2014_Oil.xml","0","0","0","35"
"bfece1d3-e7fd-45f3-aad1-418c6650710f-PRISM-AgT-mean-celcius-Socorro.xml","0","0","0","35"
"01e9af40-5f48-4d21-a5d2-3a62e6c84dbf-PRISM-T-max-celcius-Grant.xml","0","0","0","35"
"313f13b4-4697-4be3-8bc7-0c755d461052-20160612-sajddh-tray3_4-121-3-Enr-3-CR3000_2_RawData.xml","0","0","0","35"
"7cc14b48-956e-4843-a47d-fde2fdba14f3-180_3_Nanno_neg.xml","0","0","0","35"
"805c7d7b-a305-4bca-a990-4ee5f238c9d4-PRISM-Precip-mm-Quay.xml","0","0","0","35"
"29e42e93-ab76-4a9e-91a9-5195832b9e50-20160607-sajddh-tray1-222-1-Post-2-Rla_summary_Calc_last.xml","0","0","0","35"
"dcx_254a1b0a-fc62-4cf8-bf47-2c84d79a6828_2","0","0","0","35"
"e30c38b4-6bae-430f-a750-7506f39729b8-OSE_data.xml","0","0","0","35"
"c29ad6f0-f7eb-45f6-8c12-344aff16d1d1-NH_2_19_13.xml","0","0","0","35"
"db3f2965-49d1-4b48-8cb4-c8ba6fd881b2-PRISM-AgT-max-celcius-SanMiguel.xml","0","0","0","35"
"ipumsi_6.3_us_1980_DC.xml","0","0","0","35"
"dcx_19bc96ff-66d6-42a9-92d4-632652b584a5_2","0","0","0","35"
"2bbe3121-ac4a-4c8b-9beb-02b599f693e9-PRISM-T-min-celcius-Sandoval.xml","0","0","0","35"
"ipumsi_6.3_id_1985_DC.xml","0","0","0","35"
"ipumsi_6.3_ch_1970_DC.xml","0","0","0","35"
"3749310a-a8f1-4c41-a24a-924764c1b8a2-20160610-sajddh-tray8-121-8-Enr-1-Rla_summary_Calc_last.xml","0","0","0","35"
"a26c76a0-ba18-40e1-8088-82add09aeeb2-PRISM-AgT-min-celcius-Torrance.xml","0","0","0","35"
"b43d65f4-bbe5-4d8b-b22a-0ad03860ece8-PRISM-AgT-mean-celcius-Sierra.xml","0","0","0","35"
"160495c7-60bb-4456-afd8-22e2286b315b-20160614-sajddh-tray8_9-222-9-Post-3-Rla_summary_Calc_last.xml","0","0","0","35"
"c216eab4-620d-4385-9d84-187136b01d99-20160620-sajddh-tray2-222-2-Pre-4-Rla_summary_Calc_last.xml","0","0","0","35"
"c88f7f6c-4dd3-4629-bbcd-6c1c93f57583-PRISM-T-mean-celcius-Sierra.xml","0","0","0","35"
"25d5ed3a-c1ea-4fdf-a4dc-b4592a65567a-PRISM-T-min-celcius-SanJuan.xml","0","0","0","35"
"9cbcf920-db47-4f74-8b5b-2c290b665e23-20160614-sajddh-tray8_9-222-8-Pre-3-CR3000_2_RawData.xml","0","0","0","35"
"62989b0d-2ba6-4752-ae36-c40bb31e77f7-HM_Baro_3_9_13.xml","0","0","0","35"
"a8a10add-83b1-4182-acae-0cb328e19d78-20160609-sajddh-tray6_7-222-6-Post-2-Rla_summary_Calc_last.xml","0","0","0","35"
"e03d3f19-1a2e-4ddb-99a2-0d6a2d2fb894","0","0","0","35"
"dcx_d4bf4bca-4708-4696-81e6-1b34e7334491_2","0","0","0","35"
"59cb7368-d5c8-4cc2-91db-bd2867dd57f7-PRISM-AgPrecip-mm-Lincoln.xml","0","0","0","35"
"ipumsi_6.3_sv_2007_DC.xml","0","0","0","35"
"bd835e92-886e-4f5d-a8a8-caa955aa80d8-PRISM-Precip-mm-Eddy.xml","0","0","0","35"
"bab4f5b0-287b-477c-b8d5-e35f5fc6e640-20160620-sajddh-tray16-121-16-Enr-1-CR3000_2_RawData.xml","0","0","0","35"
"04429e80-be6e-461b-8e6b-0a2bbc546e2b-20160616-sajddh-tray9_11-121-11-Enr-3-Rla_summary_Calc_last.xml","0","0","0","35"
"c181519b-4cec-48af-b070-07652417bab9-20160610-sajddh-tray9-121-9-Enr-1-Rla_summary_Calc_last.xml","0","0","0","35"
"2b90ce91-2540-47b0-92d4-e9fe8fe816b2-PRISM-T-mean-celcius-Mora.xml","0","0","0","35"
"f8260c76-56b8-46b6-8c4d-8d02124289e1-20160612-sajddh-tray5-121-5-Enr-3-CR3000_2_RawData.xml","0","0","0","35"
"579e404b-68e9-4a28-8982-a25db13d7b0c-PRISM-T-min-celcius-Roosevelt.xml","0","0","0","35"
"06aedc96-cac5-436d-9e99-ed45db8eb287","0","0","0","35"
"5c4c6b5c-86ca-46af-82ed-e52f8c1b7092-20160608-sajddh-tray4_5-121-5-Enr-1-Rla_summary_Calc_last.xml","0","0","0","35"
"58c71c0e-6d3e-4b5c-a29f-8c5b591d3130-20160609-sajddh-tray6_7-222-7-Pre-1-Rla_summary_Calc_last.xml","0","0","0","35"
"6e7fe199-1040-46eb-a818-bb1f65dd6496-20160616-sajddh-tray9_11-222-9-Post-3-Rla_summary_Calc_last.xml","0","0","0","35"
"ba4ee4ec-0080-486b-a2c0-efc50173cece-PRISM-AgT-min-celcius-Luna.xml","0","0","0","35"
"f1316f1c-1cf1-4a9d-8dbd-bb3ef1a80f9e-PRISM-AgT-mean-celcius-Cibola.xml","0","0","0","35"
"295c4edf-729e-47ab-a483-689b3220607e-PRISM-AgPrecip-mm-Union.xml","0","0","0","35"
"8ea03ff1-7177-4537-aba5-ea4ca17caac6-20160615-sajddh-tray12-121-12-Enr-1-Rla_summary_Calc_last.xml","0","0","0","35"
"bcdd58b6-a071-4406-9ecc-0fe468d60a81","0","0","0","35"
"4900abfc-9ec3-4c84-a6d4-e9238c00d4b6-PRISM-T-max-celcius-Lincoln.xml","0","0","0","35"
"b53c0dae-4e7e-4386-8b5c-31aa4b70228f-20160607-sajddh-tray1-121-1-Enr-2-Rla_summary_Calc_last.xml","0","0","0","35"
"16bab063-6b4e-4ede-a2fc-c3751fcc4943-MB_Kinetics.xml","0","0","0","35"
"6058d5e7-5a40-4aa7-b1b2-0d9bb801e9b7-PRISM-T-mean-celcius-Chaves.xml","0","0","0","35"
"6bc84b48-cb91-429b-a8f8-4c6f03c84ad1-20160614-sajddh-tray6_7-222-7-Post-3-Rla_summary_Calc_last.xml","0","0","0","35"
"a4e37ab0-6927-4a96-b0ac-fd8e7b8886ab-20160614-sajddh-tray8_9-121-8-Enr-3-CR3000_2_RawData.xml","0","0","0","35"
"36d39f56-9c0f-49d3-a50b-0d9e6c27d711-20160621-sajddh-tray4_6-222-6-Post-4-Rla_summary_Calc_last.xml","0","0","0","35"
"34c25cf0-f432-40b4-ae7d-e4c992c5d23a-20160608-sajddh-tray4_5-222-4-Post-2-Rla_summary_Calc_last.xml","0","0","0","35"
"dacba3ad-b31b-4597-840c-6942ce1531c8-PRISM-AgT-max-celcius-Curry.xml","0","0","0","35"
"9aae417f-799e-4912-ba53-2051403c1398-20160621-sajddh-tray4_6-121-4-Enr-4-CR3000_2_RawData.xml","0","0","0","35"
"522c1dbf-3951-4bf7-bc81-8982eab65d57","0","0","0","35"
"cab9be16-b402-487b-bde1-7af0f712f2e6-20160608-sajddh-tray1_3-222-3-Pre-1-Rla_summary_Calc_last.xml","0","0","0","35"
"a9b16a98-05eb-465e-be4d-dd670e3d75bb-PRISM-T-max-celcius-Taos.xml","0","0","0","35"
"dcx_bcc7e1be-2683-433c-b351-bc061f35ceb8_2","0","0","0","35"
"dcx_d2ddb295-5b74-42e5-8f9c-892844c383e0_1","0","0","0","35"
"e802b4eb-be32-4949-84cd-778bdc15c41a","0","0","0","35"
"f27bfe8f-b8b1-403e-83b1-2dfb0b76a7ac-20160612-sajddh-tray3_4-121-4-Enr-3-Rla_summary_Calc_last.xml","0","0","0","35"
"b8d806fa-24d9-4669-a8ff-3ea7ffa8c663-PRISM-T-min-celcius-Chaves.xml","0","0","0","35"
"30a1543f-5bc2-4a2c-bb76-3b6594a010a1-PRISM-T-mean-celcius-Valencia.xml","0","0","0","35"
"16a868af-5821-46e3-9658-4e83a60d8bf6-PRISM-T-min-celcius-RioArriba.xml","0","0","0","35"
"b11218ae-7238-40ac-ba6e-27aa78106cef-PRISM-T-mean-celcius-Grant.xml","0","0","0","35"
"bce52d5a-347b-42c9-92ac-413bd706a131-PRISM-T-max-celcius-LosAlamos.xml","0","0","0","35"
"bd55d784-850d-4900-8eab-e57d8455427b-Buffer_Comparison.xml","0","0","0","35"
"e4466397-6628-4e89-9a3e-55c81b01da9f-PRISM-T-min-celcius-Bernalillo.xml","0","0","0","35"
"4afbb674-2264-43d4-80c2-1327167d16af-PRISM-T-min-celcius-LosAlamos.xml","0","0","0","35"
"b224ca67-36e2-4008-871b-0e8ab56f4204-PRISM-AgT-mean-celcius-Valencia.xml","0","0","0","35"
"dcx_05ca6e56-3044-4aa4-8f17-f89d9919e978_2","0","0","0","35"
"4a6e23cc-d6b8-4674-b018-5750be98b114-PRISM-AgT-min-celcius-Bernalillo.xml","0","0","0","35"
"b50e7718-ae0d-460f-a7fe-eb81bfb0431d-20160612-sajddh-tray1_2-222-1-Post-3-Rla_summary_Calc_last.xml","0","0","0","35"
"368fc818-b2e4-4145-95ae-00a35f5d6556-20160612-sajddh-tray3_4-222-4-Post-3-Rla_summary_Calc_last.xml","0","0","0","35"
"f9d13951-0ccb-42ca-8ce6-081738f4ad09-20160608-sajddh-tray4_5-222-4-Pre-2-Rla_summary_Calc_last.xml","0","0","0","35"
"dcx_66cc4ef7-7893-4a37-acf2-e8713e6737ba_2","0","0","0","35"
"586ca1a1-656e-4548-a724-bf4f6d3a1ad1-20160607-sajddh-tray2-222-2-Post-2-Rla_summary_Calc_last.xml","0","0","0","35"
"dcx_c6b2308c-ddfe-4163-91a2-583853cefbea_3","0","0","0","35"
"dcx_7ae80fef-ddb3-43b7-9166-be16025496fd_2","0","0","0","35"
"07493ce6-03c4-4c12-95d2-5c353c1754c3-HM_Baro_12_13_13.xml","0","0","0","35"
"1772d995-2dfb-49c2-a0d1-e726aa48e556","0","0","0","35"
"64379771-0f8c-4ec2-afb9-2e268ef52cc3","0","0","0","35"
"9b0d5756-41b8-4c97-9c24-8c63370f9900-PRISM-AgT-min-celcius-SantaFe.xml","0","0","0","35"
"99524c5f-4216-4c35-82e5-47857bd52645-WaterChem_ljc_rev1.xml","0","0","0","35"
"5249e787-b25b-45db-91cc-67e521dbd61d-PRISM-Precip-mm-Torrance.xml","0","0","0","35"
"85b777ae-e3b0-4dcb-9ff2-7902fcb109f4-PRISM-AgT-mean-celcius-McKinley.xml","0","0","0","35"
"92443249-2e8e-4b5e-b082-16b5dab34f1b-20160620-sajddh-tray2-222-2-Post-4-Rla_summary_Calc_last.xml","0","0","0","35"
"ad7abfee-3955-46ec-a42f-b1099840e24c-275_2_Nanno_neg.xml","0","0","0","35"
"ca9b3c94-1dc7-419a-9e5c-19bc3f3e72b4-PRISM-AgT-min-celcius-Grant.xml","0","0","0","35"
"22d4a6d1-0941-4cf1-98be-44fee01a073d-Barium_Test.xml","0","0","0","35"
"f5662193-6dbf-4535-b31b-ddfc83c0616f-20160607-sajddh-tray1-222-1-Post-1-CR3000_2_RawData.xml","0","0","0","35"
"3f034be3-0a34-409b-9923-47ecbecc17b1","0","0","0","35"
"dcx_06d81ca3-22c9-4f50-961b-14b795e02a7d_2","0","0","0","35"
"c7ae1fea-0e97-44f9-b7a6-396f204bf228-PRISM-AgPrecip-mm-Quay.xml","0","0","0","35"
"6e79f605-31a5-4b67-94ed-a7be80e029b6-PRISM-AgT-min-celcius-Socorro.xml","0","0","0","35"
"2675fc47-a695-4afe-974f-d83b9bba4cd5-PRISM-Precip-mm-SanMiguel.xml","0","0","0","35"
"dbb3d429-a2ac-42c8-8d24-9be5b6ab8a79-PRISM-AgT-max-celcius-Union.xml","0","0","0","35"
"6568954d-f9ea-4b96-af6c-8d7b55df39a9-PRISM-AgPrecip-mm-SantaFe.xml","0","0","0","35"
"16def5bb-3176-4c2f-b47a-1594638f224f","0","0","0","35"
"09ade9e1-f708-4e3b-b690-87f71d0e1988-PRISM-T-min-celcius-Hidalgo.xml","0","0","0","35"
"865838f4-a854-4cce-888b-cc1559e460b4-PRISM-AgT-max-celcius-Luna.xml","0","0","0","35"
"1966d1de-479e-4406-9fb9-21e92c5c5056-20160607-sajddh-tray2-222-2-Pre-1-CR3000_2_RawData.xml","0","0","0","35"
"a2d0f32c-78cc-47b9-a1f9-9863d4cc4103-20160609-sajddh-tray6_7-121-7-Enr-1-Rla_summary_Calc_last.xml","0","0","0","35"
"04b24318-377d-4774-a6cb-79231f528d02-Reservoirs.xml","0","0","0","35"
"93889128-1845-4501-acb6-d4241d499bae-20160612-sajddh-tray3_4-222-4-Pre-3-Rla_summary_Calc_last.xml","0","0","0","35"
"90b8dd2c-6610-47cc-b3a3-eea8014c19df-PRISM-AgPrecip-mm-Sierra.xml","0","0","0","35"
"dcx_1023c04b-9972-4f2d-8c50-b2c264b9f7bb_2","0","0","0","35"
"48192527-86cd-4827-9840-23e0b9cc90df-20160620-sajddh-tray16-222-16-Pre-1-CR3000_2_RawData.xml","0","0","0","35"
"6cb3beab-e39a-443b-9602-5bfec3ac1471-20160607-sajddh-tray2-222-2-Pre-2-CR3000_2_RawData.xml","0","0","0","35"
"dcx_633c8c16-97da-4d72-99c5-722b18394c2b_2","0","0","0","35"
"e0d76c19-5111-4679-a639-85d3dec6805c-20160608-sajddh-tray3_4-121-3-Enr-2-CR3000_2_RawData.xml","0","0","0","35"
"2949991d-3ef7-463a-b9b2-cdf606b6ad81-20160610-sajddh-tray8-121-8-Enr-1-CR3000_2_RawData.xml","0","0","0","35"
"29146ea2-3ed9-4c86-8f57-f6f4e01552be-PRISM-AgPrecip-mm-McKinley.xml","0","0","0","35"
"21f1e651-e911-4a57-b123-5c024768dafc-PRISM-T-max-celcius-Torrance.xml","0","0","0","35"
"1f6eba0c-cf07-4c65-a9a8-7a965edfbd7b-TAG_Distribution_Soybean.xml","0","0","0","35"
"dcx_1bbb9d6c-9f94-4a15-9696-02ae94a0454d_2","0","0","0","35"
"dcx_16913ec3-5e08-45ba-a4d0-77cc94886842_2","0","0","0","35"
"48d4eb56-9743-4328-b7e3-c31a5504f735-PRISM_NMISC_SubBasins.xml","0","0","0","35"
"7a5de507-5566-46be-a568-b8fc57e5546b-PRISM-T-mean-celcius-SanJuan.xml","0","0","0","35"
"421a8456-82c7-438e-957b-afb4ef06878d-PRISM-AgT-min-celcius-Cibola.xml","0","0","0","35"
"90431e30-3da9-4f8a-aab1-f4f50bb6fe4b-Power_Generation_Model.xml","0","0","0","35"
"42af870c-a0d4-4cdc-a405-946d275b0ece","0","0","0","35"
"66395c66-de09-4c6b-bec5-358a22bb6866-20160608-sajddh-tray3_4-222-3-Post-2-CR3000_2_RawData.xml","0","0","0","35"
"6274f6f3-fc45-4525-9d10-e6a6a789dd21","0","0","0","35"
"41c815ca-dc50-4612-8115-1803f307d711-20160612-sajddh-tray1_2-121-1-Enr-3-Rla_summary_Calc_last.xml","0","0","0","35"
"a1eeb367-553b-4974-b7e5-a9410de5549e-20160616-sajddh-tray12-121-12-Enr-3-Rla_summary_Calc_last.xml","0","0","0","35"
"c9e522f6-fe48-402d-a205-edf856f2b0ad-PRISM_NMISC_Major_Basins.xml","0","0","0","35"
"dd4c3c4a-c3e7-4f89-9e26-7cd99dd56308-PRISM-T-mean-celcius-Sandoval.xml","0","0","0","35"
"024c9ce8-4f37-4d7f-948a-968e40fe073e-PRISM-Precip-mm-Lea.xml","0","0","0","35"
"dcx_e0408d75-adc5-441a-a802-6ecf6669f25e_2","0","0","0","35"
"66edb80b-0bfa-47e0-b40f-4e7fba47662c-20160609-sajddh-tray5_6-222-5-Post-2-Rla_summary_Calc_last.xml","0","0","0","35"
"ipumsi_6.3_si_2002_DC.xml","0","0","0","35"
"ac52af1c-fa0c-4f7a-9464-fa23998e5f9a-NH_8_1_13.xml","0","0","0","35"
"db79af55-7648-433a-acf7-87328df1dc26-TAG_Nanno_Lipid_Samples.xml","0","0","0","35"
"9013f2e1-c42a-4608-86b9-e6446450a37b-Soy_Oil_pos.xml","0","0","0","35"
"72a5cb33-09f8-44b1-a90b-95cbda229290-20160615-sajddh-tray12-222-12-Pre-1-Rla_summary_Calc_last.xml","0","0","0","35"
"b591c51c-43c8-464b-befb-f9663ecd85d1-20160612-sajddh-tray5-222-5-Pre-3-Rla_summary_Calc_last.xml","0","0","0","35"
"dc278353-3f82-41e6-9115-ae05800e6991-PRISM-T-mean-celcius-Socorro.xml","0","0","0","35"
"5043f04d-0ddd-4455-b738-328264a1e31a-20160620-sajddh-tray2-121-2-Enr-4-Rla_summary_Calc_last.xml","0","0","0","35"
"a384eaf8-44b0-4fa4-be82-aa014f69328c-20160609-sajddh-tray5_6-121-5-Enr-2-CR3000_2_RawData.xml","0","0","0","35"
"dcx_9b15ca42-3dd3-4b90-9138-9ec837a03907_0","0","0","0","35"
"cfb63102-56c0-4235-b78a-c87a4f055c37-20160608-sajddh-tray1_3-222-3-Post-1-Rla_summary_Calc_last.xml","0","0","0","35"
"1062ce8d-43d9-47d9-b821-3669fbd65dfa-20160610-sajddh-tray9-121-9-Enr-2-Rla_summary_Calc_last.xml","0","0","0","35"
"0e9e5dba-15dc-4663-9b26-cca0b0b235cb-PRISM-AgT-max-celcius-Valencia.xml","0","0","0","35"
"cba897b9-1a62-40df-bdba-43930b20496a-PRISM-Precip-mm-Curry.xml","0","0","0","35"
"57e5a979-c2a5-4fe4-9ba1-64fde0681099-20160612-sajddh-tray1_2-222-2-Post-3-Rla_summary_Calc_last.xml","0","0","0","35"
"17925256-572a-41e3-84d9-4cb97473b222","0","0","0","35"
"d4b1ea7c-f708-4d80-9562-6d0bb0e1c835-20160609-sajddh-tray5_6-222-5-Post-2-CR3000_2_RawData.xml","0","0","0","35"
"dcx_08f59a90-4c2c-4674-819b-73b783b680e7_2","0","0","0","35"
"ad31c601-87c5-4fe4-97c6-696ed11e547d-PRISM-Precip-mm-Otero.xml","0","0","0","35"
"da4f0f96-e46d-4b3b-97d6-b2d89fb3167a-PRISM-T-mean-celcius-Catron.xml","0","0","0","35"
"4b6156f3-4642-488f-a7c9-6434c9dac058-PRISM-Precip-mm-Harding.xml","0","0","0","35"
"a505ae88-cd01-4c67-b6b7-45c8d33344f1-PRISM-AgT-min-celcius-Taos.xml","0","0","0","35"
"7fcaf172-acad-4e61-b74f-1da87dfcd6d0-PRISM-T-max-celcius-RioArriba.xml","0","0","0","35"
"3974cbc7-c7d2-4e42-afdc-420c931f86d9-PRISM-T-min-celcius-Socorro.xml","0","0","0","35"
"faf91fb7-474f-4840-9ea3-1cc97857639a-20160621-sajddh-tray4_6-222-4-Post-4-Rla_summary_Calc_last.xml","0","0","0","35"
"dcx_185381b7-146c-410d-8002-e089d7bf34de_2","0","0","0","35"
"dcx_dfbf7fa6-6aed-403b-b188-3e308270a779_2","0","0","0","35"
"334256c2-5ef5-49e2-9013-68eba09802a3-PRISM-AgT-max-celcius-Harding.xml","0","0","0","35"
"9a6a9dfe-08d5-44ab-b0e1-13cc41da14df-HM_Baro_2_19_13.xml","0","0","0","35"
"223e116e-9170-416f-9138-3c7e9b1120df-PRISM-T-min-celcius-Valencia.xml","0","0","0","35"
"0dbd1d7f-03b2-4873-91f1-96d32098b1ff-PRISM-AgT-mean-celcius-Luna.xml","0","0","0","35"
"9abd5f6a-f4d3-4fcb-a452-12d7b40d8659-PRISM-T-max-celcius-Otero.xml","0","0","0","35"
"dabc4cf8-b689-4507-a10a-fb108d4cfa2e-20160608-sajddh-tray4_5-121-4-Enr-2-Rla_summary_Calc_last.xml","0","0","0","35"
"4237b1e8-d101-4bf4-9565-cf5db6e990b7-PRISM-AgPrecip-mm-Hidalgo.xml","0","0","0","35"
"84f54ce8-190d-4818-9ce1-f8fdc4424a34-PRISM-AgT-mean-celcius-SanJuan.xml","0","0","0","35"
"8d63e693-176d-495f-8ecf-11ae7eaeabbd-PRISM-T-max-celcius-Roosevelt.xml","0","0","0","35"
"e29d474f-95e5-4382-9ff8-da3d19e9e1a9-PRISM-AgT-min-celcius-Curry.xml","0","0","0","35"
"dcx_f63d0f6c-7d53-46ce-b755-42a368007601_2","0","0","0","35"
"6f5a79aa-a92e-42b4-a9eb-ce59924c6cdd-PRISM-T-max-celcius-SanJuan.xml","0","0","0","35"
"823665c9-750d-415d-ac25-c7561e2e8661","0","0","0","35"
"c370d612-9248-4e8f-8294-98b182059830","0","0","0","35"
"67ec43e7-48af-4db3-bf00-782ab72e9b27-20160610-sajddh-tray10-121-10-Enr-1-CR3000_2_RawData.xml","0","0","0","35"
"ae720440-9249-43cb-adfd-915d533019ac-20160615-sajddh-tray11-222-11-Post-2-Rla_summary_Calc_last.xml","0","0","0","35"
"e22a02b6-4141-45ee-a5da-827c3f5ae2e6-20160615-sajddh-tray12-121-12-Enr-2-Rla_summary_Calc_last.xml","0","0","0","35"
"5fa42429-61a1-436f-af99-3fa0dbebe77a-20160615-sajddh-tray10-222-10-Post-3-CR3000_2_RawData.xml","0","0","0","35"
"87f48d24-c7a1-4249-a773-e6bbec943309-PRISM-T-max-celcius-Eddy.xml","0","0","0","35"
"9d95ab7c-3743-488a-ad40-f700fb140371","0","0","0","35"
"92823c75-b56a-4355-a875-afe68d8622aa-PRISM-AgT-max-celcius-Eddy.xml","0","0","0","35"
"ed162dd3-e20e-4de0-a9c8-e1457c86a73b-PRISM-AgT-min-celcius-Otero.xml","0","0","0","35"
"2e010c3a-23f5-4778-9557-25e673161ce5-PRISM-T-min-celcius-Mora.xml","0","0","0","35"
"dcx_733bd982-44e9-4a9a-b13b-4823ff7b2567_2","0","0","0","35"
"cc049e9f-f749-427b-a188-1c7ec5760fd1-250_1_Chlor_Neg.xml","0","0","0","35"
"ea508729-af03-40fa-bc44-f47efa4e15ac-20160614-sajddh-tray6_7-222-7-Pre-3-CR3000_2_RawData.xml","0","0","0","35"
"dcx_41a7f96e-3de5-4d7d-bff1-5e2a951a8442_2","0","0","0","35"
"4190878b-dd11-41f2-8d13-58e0f7f6749f-20160616-sajddh-tray12-222-12-Post-3-Rla_summary_Calc_last.xml","0","0","0","35"
"bb46c325-c96e-4d46-bf23-2afc2c0da0cd-PRISM-AgT-mean-celcius-Hidalgo.xml","0","0","0","35"
"5457b356-c9c4-4780-9768-9ffa16e461b7-PRISM-Precip-mm-Hidalgo.xml","0","0","0","35"
"95415101-2d58-4373-bec7-8463a6fdf4b9-PRISM_Counties.xml","0","0","0","35"
"854c8499-ba0c-4f43-898f-e467c9bc7df6-20160620-sajddh-tray16_9-222-16-Pre-3-Rla_summary_Calc_last.xml","0","0","0","35"
"ceaebae8-c45b-49a9-8eb0-13b2d0479292-PRISM-AgT-min-celcius-Catron.xml","0","0","0","35"
"6f702522-b96f-4e8c-a56c-1b0351d7e066-PRISM-T-max-celcius-Union.xml","0","0","0","35"
"909995d6-c841-4dfe-8892-a3a038d032ba-PRISM-AgPrecip-mm-Socorro.xml","0","0","0","35"
"219ff12a-3cf2-45c7-a205-d29f5a211dd7-20160610-sajddh-tray10-121-10-Enr-1-Rla_summary_Calc_last.xml","0","0","0","35"
"71295dfa-bc4f-4254-b8cc-d0bba0d606ec-PRISM-AgT-max-celcius-Torrance.xml","0","0","0","35"
"0f7d801b-3741-4f70-8fc3-4541895baf68-20160620-sajddh-tray16_9-222-9-Post-3-Rla_summary_Calc_last.xml","0","0","0","35"
"dcx_241420cf-6431-4472-880c-12fa3a8e3e14_2","0","0","0","35"
"06949c03-d524-426b-93e5-f8e5c61e3c03-PRISM-T-min-celcius-Lea.xml","0","0","0","35"
"7ea1b067-53dc-4fb6-a548-1ad660205083-PRISM-Precip-mm-Bernalillo.xml","0","0","0","35"
"dcx_0550025a-0907-4477-9b83-9e932d7e6890_2","0","0","0","35"
"fd77ddb8-9c90-49ec-ae5b-1c76da1f0e88-HM_Baro_6_9_13.xml","0","0","0","35"
"d767c9b4-6bce-435e-9e15-4b9ac065b68c-PRISM-Precip-mm-Mora.xml","0","0","0","35"
"9ad6965c-4e25-4edb-890f-a921649d4fc6-20160616-sajddh-tray12-222-12-Pre-3-CR3000_2_RawData.xml","0","0","0","35"
"9feb34c4-2e9f-4d82-a82a-a15f9fb66eab-PRISM-T-max-celcius-Quay.xml","0","0","0","35"
"a2bf36c4-2b72-44af-b3f7-530eca809547","0","0","0","35"
"afb8a729-6324-4f40-bdd2-ec35a77c073f","0","0","0","35"
"b7a594bd-acc5-4ebf-b60d-5e974467a625","0","0","0","35"
"d4736010-9689-4a0d-8360-fcb1db1da533","0","0","0","35"
"doi%3A10.5063%2FAA%2Fnrs.6.2","0","0","0","0"
"99820749-d437-48cd-8dc2-e07816b6034e","0","0","0","35"
"ff162b91-dfdc-415c-938c-9b0f0d8e39ee","0","0","0","35"
"6792c1b1-6013-4a7c-b142-e8d1f6e341d7","0","0","0","35"
"7d1e483b-62de-45f5-a3a4-3b797a9cbdb5","0","0","0","35"
"2846e662-b888-4562-a819-d2cc56af26e0","0","0","0","35"
"Korea_Flux_Network_%28KoFlux%29.xml","0","0","0","35"
"doi%3A10.5063%2FAA%2Fobfs.311.1","0","0","0","0"
"dff82336-8907-49a7-ba32-8f9c69baa1ad","0","0","0","35"
"c2ea8f55-9313-41cb-8230-e4ca97b8198c","0","0","0","35"
"National_Water_Information_System_%28NWISWeb%29.xml","0","0","0","35"
"71e775d1-8064-4a5c-8601-9ad1427b0efe","0","0","0","35"
"02b14fdf-a8c3-49b5-a39c-439bb624b9ad","0","0","0","35"
"doi%3A10.5063%2FAA%2Fobfs.56.1","0","0","0","0"
"seadva-BakinamEssawy-bff0f9b9-3112-4ceb-8d26-66b02b48364f","0","0","0","35"
"doi%3A10.6067%3AXCV8319TKT_meta","0","0","0","35"
"http%3A%2F%2Fdx.doi.org%2F10.5061%2Fdryad.2kp7q7vb%3Fver%3D2015-10-21T12%3A27%3A19.280-04%3A00","0","0","0","35"
"bf33d3d7-2afa-4ec7-92f6-b2d3ea13a0f2","0","0","0","35"
"8edb5148-3e48-4334-ad5c-11d950e91cc7","0","0","0","35"
"e972ba75-6c22-4e31-9868-250716e6d7dc","0","0","0","35"
"seadva-MirzaBillah-b6c2f914-ca94-4d26-97cf-3145c98e9827","0","0","0","35"
"b6f96b20-bff3-4360-850e-f81bcaf99309","0","0","0","35"
"9479de7a-394b-4db9-a706-8900d43084a1","0","0","0","35"
"doi%3A10.5063%2FAA%2Fnrs.127.2","0","0","0","0"
"http%3A%2F%2Fdx.doi.org%2F10.5061%2Fdryad.8512%2F2%3Fver%3D2015-10-29T02%3A25%3A09.629-04%3A00","0","0","0","35"
"dcc31ca1-ff0c-44f8-b13c-0d8fe8ebac50","0","0","0","35"
"doi%3A10.5063%2FAA%2FArchivalTag.5.20","0","0","0","0"
"f7ba82ba-2fed-4c58-acff-c6a321a1d44a","0","0","0","35"
"a1bce45f-0d40-4edf-898d-e97b5c03cdf9","0","0","0","35"
"ea28ad52-50db-4a52-aeb6-e5c4addd12bf","0","0","0","35"
"33f18b93-af69-41dd-b1a7-3f33a430ccce","0","0","0","35"
"01768b5e-d56b-462b-add8-e0337a56219a","0","0","0","35"
"doi%3A10.5063%2FAA%2Fwetlandsofindia.3.1","0","0","0","0"
"5c8c1038-4321-418d-98c0-16dee936bcaf","0","0","0","35"
"758c64ab-7229-4993-b4e4-9055fe76c1c9","0","0","0","35"
"a6c03600-7c1f-4b83-b272-c6791557d08e","0","0","0","35"
"901fa218-e701-477e-937c-67170829f863","0","0","0","35"
"8c2e4618-7c43-4345-8dba-cad934c07f3b","0","0","0","35"
"doi%3A10.5063%2FAA%2Fobfs.61.2","0","0","0","0"
"7f9a1e0a-2567-4762-89e0-4843c595c2e7","0","0","0","35"
"doi%3A10.6067%3AXCV8T151V1_meta","0","0","0","35"
"d1da48d9-d6e8-4f41-8d98-a3a60df7f1f5","0","0","0","35"
"3f11c773-5a04-456b-afd4-a375ad6d6ff5","0","0","0","35"
"seadva-de64eb2b-cff1-4df4-bbb4-90c7713be7c2","0","0","0","35"
"2497705e-15fd-4aea-965e-331de99ca9fc","0","0","0","35"
"9df9c537-f3ae-45e9-9446-600b52f0d701","0","0","0","35"
"fd6716e9-98b6-4abd-b8a0-c40a1d687920","0","0","0","35"
"71c0b137-1d25-49a3-a8cb-39e8c7218f05","0","0","0","35"
"2abb6b2f-dc68-4c48-8e4f-31d3496bb55a","0","0","0","35"
"http%3A%2F%2Fdx.doi.org%2F10.5061%2Fdryad.1fs13%3Fver%3D2015-10-29T11%3A14%3A04.107-04%3A00","0","0","0","35"
"seadva-efd7ec67-34ed-466c-8b1a-b6322bedc8a3","0","0","0","35"
"13310f90-96f2-41b7-a240-b8be7e93917d","0","0","0","35"
"2cac3915-fb86-4af8-a048-386ccbf59796","0","0","0","35"
"9ac463af-4620-4434-9de3-9e234917b94a","0","0","0","35"
"a29f078c-5558-4718-b0d5-b2c9001b38ad","0","0","0","35"
"e2538a2e-66e4-4e6f-a2a6-e0e5d7972678","0","0","0","35"
"Global%2C_Regional%2C_and_National_CO2_Emission_Estimates_from_Fossil_Fuel_Burning%2C_Cement_Production%2C_and_Gas_Flaring.xml","0","0","0","35"
"9da0e4c4-4970-4feb-b7ea-550e71c64167","0","0","0","35"
"8f39aee4-16d6-4212-9a97-0fe666747db5","0","0","0","35"
"4b35931f-e156-40ad-8346-c78def08be4e","0","0","0","35"
"c3fd9f2f-c90b-4771-af80-303962b653c6","0","0","0","35"
"f1651e9e-48f2-413b-8128-435d060ecb6e","0","0","0","35"
"0b72beca-7151-4d76-b8ba-16604c7837c4","0","0","0","35"
"001ac4c3-6f40-4f0c-83ab-799a74902260","0","0","0","35"
"http%3A%2F%2Fdx.doi.org%2F10.5061%2Fdryad.18%2F1%3Fver%3D2013-07-18T14%3A06%3A48.230-04%3A00","0","0","0","35"
"doi%3A10.5063%2FAA%2Fmob.24.6","0","0","0","0"
"79425ac0-c415-464b-9576-4d4360d9d1bd","0","0","0","35"
"9e2089e2-e529-410b-8a4b-07aec09d734b","0","0","0","35"
"doi%3A10.5063%2FAA%2Fobfs.178.2","0","0","0","0"
"80f6b656-8bda-4cad-b7de-cce9eb9d874c","0","0","0","35"
"doi%3A10.5063%2FAA%2Fbmardian.4.7","0","0","0","0"
"doi%3A10.6067%3AXCV8JH3JCW_meta","0","0","0","35"
"f23a90cb-0d28-4ffa-9eee-fad49dbf1c3a","0","0","0","35"
"59a97d82-88ee-4538-b494-b626136d0b34","0","0","0","35"
"sead-Strong-Nikki-572e7ebc-b392-4103-af2e-36ba8209d9f2","0","0","0","35"
"fe70dd4d-801a-4ae0-a4ff-3ab001766a69","0","0","0","35"
"ffa5901b-d033-4711-a235-cde7694388c6","0","0","0","35"
"80e88558-6937-4d63-80f1-abc264290385","0","0","0","35"
"11559944-dcbb-4251-a1cf-1582370bbd3a","0","0","0","35"
"dc89ba95-aae3-4e7e-b065-7b96623bc837","0","0","0","35"
"008c70e8-2b00-4345-9924-275cfd9c3bf5","0","0","0","35"
"23bf8efc-2fcd-4d90-93b3-476e32bf91b7","0","0","0","35"
"doi%3A10.5063%2FAA%2Fumatilla.30.1","0","0","0","0"
"fe8519b9-69fe-44c9-a637-75e80ab3ed96","0","0","0","35"
"61a3978e-c6d9-47b2-bab0-602310179821","0","0","0","35"
"c2628b85-1afe-4b21-a09e-fc29b8833f89","0","0","0","35"
"doi%3A10.5063%2FAA%2Fnrs.75.2","0","0","0","0"
"21ec1bb7-ef3d-4e28-9607-54876d4787d3","0","0","0","35"
"doi%3A10.6067%3AXCV8708003_meta","0","0","0","35"
"98e3ec18-b41a-40ba-8e26-4538806dd06f","0","0","0","35"
"doi%3A10.6067%3AXCV88W3CBG_meta","0","0","0","35"
"a8714348-1d02-4b62-828d-98d03c9bf32e","0","0","0","35"
"bba4fdd2-a035-40bb-a074-c52145f6b459","0","0","0","35"
"13ec69b9-2f37-4890-8ae7-28ada5f1bb7c","0","0","0","35"
"7b9074bc-cb6f-4752-9c83-334396756855","0","0","0","35"
"Global_Environmental_Monitoring_System_%28GEMS%29_Global_Water_Quality_Monitoring_Network_Data_and_Statistics_%28GEMStat%29.xml","0","0","0","35"
"1b151979-1c82-41e0-8d71-99bafab12fae","0","0","0","35"
"73c15840-a8c5-4438-be8b-e0e2e1bfd3c2","0","0","0","35"
"378527ea-ed8f-4ace-9054-75fb18a9704b","0","0","0","35"
"fb614bae-6104-4bc0-95c1-f2b0b31c469d","0","0","0","35"
"cb27e217-1635-4413-b5fe-d3108faa0d12","0","0","0","35"
"c64032b7-c6d3-41b6-95be-17652563e90f","0","0","0","35"
"71b07baf-c79b-4780-b6c4-3111742c2132","0","0","0","35"
"4bb2da45-cf79-4543-925c-1e968f9ddb42","0","0","0","35"
"a1178301-4a46-48f0-b7d8-5a913e6d5977","0","0","0","35"
"c084624a-6df9-4aa8-829f-e333ee481ba6","0","0","0","35"
"e3fd4046-7689-46a3-be42-17438b2a5aa2","0","0","0","35"
"28e737a5-5ff2-40b5-852d-e63b6e18270a","0","0","0","35"
"591b2cc2-8f44-4c11-9f71-e242dbfb22de","0","0","0","35"
"85ec6e65-3e29-4607-8d9f-16d62474bf21","0","0","0","35"
"doi%3A10.5063%2FAA%2Fnrs.131.2","0","0","0","0"
"062b55ba-5b3c-4236-9951-47f2fcc7fd8f","0","0","0","35"
"5abc0e76-996b-4150-951f-f0817db4e0e8","0","0","0","35"
"doi%3A10.1575%2F1912%2Fbco-dmo.652124","0","0","0","35"
"5691370d-e92b-4f70-a17b-54f4c52ed27c","0","0","0","35"
"doi%3A10.5063%2FAA%2Fobfs.280.2","0","0","0","0"
"444124e7-24c4-4a8c-85c7-66ec370896e7","0","0","0","35"
"doi%3A10.5063%2FAA%2FSartwell.87.1","0","0","0","0"
"a6260ac8-c74e-4097-b896-e1226edcf460","0","0","0","35"
"068faee1-6bab-4fdb-914c-71516c31b0e0","0","0","0","35"
"3c5c6302-22a7-4bd5-9da1-c3b86bac532b","0","0","0","35"
"b472977c-1117-4587-8ec5-f394f0e8e8cb","0","0","0","35"
"0a2220ec-de69-4868-b7b1-7da3dcb33a0b","0","0","0","35"
"02370904-c213-43ba-9cdf-fb22e152c25a","0","0","0","35"
"seadva-5998224e-3f24-4080-9774-85de9e29e6b2","0","0","0","35"
"sead-Singh-Arvind-2ff15a1b-f9be-43b8-a408-c1dc647d12ea","0","0","0","35"
"doi%3A10.5063%2FAA%2Fredemm.8.1","0","0","0","0"
"1975dc59-738f-4c81-9281-d41a7ddf3a64","0","0","0","35"
"009744a1-8391-4373-9a9b-ed4520371391","0","0","0","35"
"doi%3A10.5063%2FAA%2Fobfs.36.4","0","0","0","0"
"a646c245-02d1-4d96-a44e-dc7957f5a1ee","0","0","0","35"
"33453cd7-9efe-4e93-a1f2-7499b502b135","0","0","0","35"
"doi%3A10.6067%3AXCV87P8X92_meta","0","0","0","35"
"67a80bfd-63ae-4454-a834-77afab24da9a","0","0","0","35"
"1d0e4d3b-f108-413c-a04f-98914eccfc2f","0","0","0","35"
"bd634bcd-e11d-4d6b-a45b-4727747f398f","0","0","0","35"
"0e76f224-ede2-47ce-815b-e65d40278abb","0","0","0","35"
"doi%3A10.5063%2FAA%2Fbmardian.4.3","0","0","0","0"
"75ac19da-8294-4476-9000-ab2a592ad247","0","0","0","35"
"f94a2e29-74e3-4c63-af90-344eccb22e6a","0","0","0","35"
"df18c220-be87-43f6-bf46-f8a5f445f96c","0","0","0","35"
"194e0a39-1dc8-4b7a-99f0-02c970d0b1e8","0","0","0","35"
"doi%3A10.5063%2FAA%2Fobfs.228.3","0","0","0","0"
"c96db1cc-a294-4fbb-b79d-e0bf2f270311","0","0","0","35"
"d694ee2c-8164-4788-bd36-60fd5a32d37b","0","0","0","35"
"399ddf4e-4c23-4326-994a-757f3b06abdf","0","0","0","35"
"ad8db8c8-3052-4cc2-85aa-b988476cc6f9","0","0","0","35"
"b596c0f6-ebf4-4517-958b-8b31dad5c582","0","0","0","35"
"seadva-471e8484-1d98-4383-b962-47247a606f4c","0","0","0","35"
"c15579cc-e6fe-40b9-b93f-b66122f92864","0","0","0","35"
"5f80c177-91b9-41f5-b5c7-6b14a7358e53","0","0","0","35"
"sead-Morin-Paul-5eb4779c-53bc-43ae-8952-2486c2a2bc00","0","0","0","35"
"doi%3A10.5063%2FAA%2Fjwalsh.30.1","0","0","0","0"
"doi%3A10.5063%2FAA%2Fjbrunt.5.21","0","0","0","0"
"ce01277f-37de-4652-bc1c-af9df4fb500d","0","0","0","35"
"doi%3A10.5063%2FAA%2FSartwell.124.4","0","0","0","0"
"10b73240-ebe7-4429-9fa6-be2803db39f5","0","0","0","35"
"doi%3A10.5063%2FAA%2Frwilliams.4.1","0","0","0","0"
"ac64004f-1a4a-4dfd-ab13-b80e8a8f7811","0","0","0","35"
"doi%3A10.5063%2FAA%2Fobfs.89.2","0","0","0","0"
"109e4547-f800-4b40-80a6-63e1cfc73c99","0","0","0","35"
"seadva-68310235-6afa-4cd8-b6ad-d796006063df","0","0","0","35"
"a193d968-8f44-4d15-baf3-d0b53a9a0c6d","0","0","0","35"
"seadva-WonsuckKim-ad7a2c6e-c67d-4a80-a2c0-b9ea2272ec8e","0","0","0","35"
"4e429a64-8f07-4865-a59d-c24adf0a16a7","0","0","0","35"
"ab0b6833-e74c-44ef-a1d4-44540230f1c8","0","0","0","35"
"69d2561c-64f6-4efd-b124-8cce63e7e175","0","0","0","35"
"seadva-b52cefd5-ce47-4dd5-9232-3ffb768defbd","0","0","0","35"
"73ffd72d-f426-4077-8862-445677cc70ac","0","0","0","35"
"46908762-52b6-498f-85d0-facba04344a8","0","0","0","35"
"a685c91f-8d69-4875-88ec-f5f412455e55","0","0","0","35"
"47e0c0cf-29b8-49f5-8ba6-9c66a13278d7","0","0","0","35"
"1bfb4ca9-6e8d-4c12-aa42-1d8f079361e7","0","0","0","35"
"ark%3A%2F13030%2Fm59k4bq3%2F3%2Fcadwsap-s3410023-009.xml","0","0","0","35"
"0f9d6bf6-8731-4cb4-a5b5-6832bd1972b2","0","0","0","35"
"doi%3A10.5063%2FAA%2Fjwalsh.32.1","0","0","0","0"
"2060c98c-433f-4cb5-a7e0-8c3f2fa6a993","0","0","0","35"
"143b2d7b-bb5c-4e3a-8761-f645711f92b8","0","0","0","35"
"1ee7d4c7-6c27-4438-a29f-38d86944ac4b","0","0","0","35"
"seadva-AllisonGoodwell-7346e48a-52d0-4a09-999c-657f3c27085b","0","0","0","35"
"663bf4b8-ff49-43a3-8bbc-244fc96c56ba","0","0","0","35"
"6a261af4-e3a3-488e-bb0b-20970e386466","0","0","0","35"
"sead-Bode-Collin-2099c7b0-fb88-4236-a1e3-bbe269d7a2cb","0","0","0","35"
"seadva-065a6921-eac4-4e42-ae92-bd96b7055121","0","0","0","35"
"http%3A%2F%2Fdx.doi.org%2F10.5061%2Fdryad.1960%3Fver%3D2011-09-02T12%3A44%3A34.108-04%3A00","0","0","0","35"
"39935c20-ecf2-433a-b74b-0f10eaec89c1","0","0","0","35"
"4af06f14-470b-4f96-b14e-b176f87a1b5d","0","0","0","35"
"471657a7-1a72-4026-bfc9-766774718c90","0","0","0","35"
"d463dd84-3582-42f8-9010-1e5a894fb355","0","0","0","35"
"doi%3A10.6067%3AXCV86W98D0_meta","0","0","0","35"
"d9fb70e1-8b75-450b-a161-3f8cf0fbb840","0","0","0","35"
"North_American_Environmental_Atlas.xml","0","0","0","35"
"cedbb14d-8209-4fb6-a74f-4f9c077675fd","0","0","0","35"
"doi%3A10.5063%2FAA%2Fobfs.90.3","0","0","0","0"
"8ed87183-a854-456d-b107-eb37660f089a","0","0","0","35"
"11f2907f-f035-4d48-9518-b4620b33e24d","0","0","0","35"
"8ccdaff4-0144-4982-bea2-ab3d5309472c","0","0","0","35"
"81625ed4-6ee4-46a5-8d75-df692e1f3675","0","0","0","35"
"79bcda57-26cf-4634-8b8a-2e44d7c299c3","0","0","0","35"
"97de84df-06c1-4ed5-998c-9c3ab6a4fd71","0","0","0","35"
"http%3A%2F%2Fdx.doi.org%2F10.5061%2Fdryad.mt60p%2F1%3Fver%3D2015-10-29T02%3A21%3A55.524-04%3A00","0","0","0","35"
"d90c0481-97c8-4353-91ed-165024fdeae1","0","0","0","35"
"e3a2b3ac-e485-4ded-a26e-cc6bd9a348d5","0","0","0","35"
"doi%3A10.5063%2FAA%2Fjbrunt.5.16","0","0","0","0"
"7b2e4643-d5df-4ebd-9749-eb6802a5ad58","0","0","0","35"
"doi%3A10.6067%3AXCV85Q4T8Z_meta","0","0","0","35"
"doi%3A10.6067%3AXCV8TD9VG8_meta","0","0","0","35"
"doi%3A10.5063%2FAA%2Fobfs.222.1","0","0","0","0"
"doi%3A10.6067%3AXCV89W0DKM_meta","0","0","0","35"
"ad349dde-82ae-4594-80be-a709ff5b7782","0","0","0","35"
"doi%3A10.5063%2FAA%2Fnrs.64.4","0","0","0","0"
"00010115-8c1f-4813-abc0-f63acf23111d","0","0","0","35"
"57514cdb-1b81-4fb8-bca9-bb5d7c722ecf","0","0","0","35"
"1c61f54b-72db-40df-a9da-813a6afe8a1c","0","0","0","35"
"c347e76f-b993-44e5-8943-0edbbae10cab","0","0","0","35"
"doi%3A10.5063%2FAA%2Frwilliams.9.1","0","0","0","0"
"03af8f8d-2ceb-41c4-b5d5-869bd4368d82","0","0","0","35"
"000bb6c3-4b9a-4c96-8576-2631ef9798f5","0","0","0","35"
"http%3A%2F%2Fdx.doi.org%2F10.5061%2Fdryad.hr620%2F5%3Fver%3D2012-10-16T13%3A20%3A17.463-04%3A00","0","0","0","35"
"15f19983-f54c-412a-8146-726c49d72b3c","0","0","0","35"
"764aeb0d-0e53-45ac-b2eb-c49b83089ca5","0","0","0","35"
"http%3A%2F%2Fdx.doi.org%2F10.5061%2Fdryad.r8tp2%2F3%3Fver%3D2015-01-27T12%3A08%3A05.340-05%3A00","0","0","0","35"
"62fc4ad3-9c0c-4e9c-bfda-a6b18e0eeb91","0","0","0","35"
"23d297dc-f83b-4187-8e39-9f90eb2311f9","0","0","0","35"
"http%3A%2F%2Fdx.doi.org%2F10.5061%2Fdryad.1303%2F1%3Fver%3D2015-10-29T02%3A18%3A23.099-04%3A00","0","0","0","35"
"seadva-c456dff3-1f25-46bd-926c-c7f8e13896c6","0","0","0","35"
"http%3A%2F%2Fdx.doi.org%2F10.5061%2Fdryad.553hc134%3Fver%3D2015-10-07T11%3A15%3A22.795-04%3A00","0","0","0","35"
"0a862de5-602d-4245-aa89-8b6bb112e95f","0","0","0","35"
"doi%3A10.5063%2FAA%2Fnrs.168.3","0","0","0","0"
"70b4609b-8127-45ff-90f0-22f18840b995","0","0","0","35"
"b87cdbd9-78ad-43dd-b0f2-1e1a2d98e1e4","0","0","0","35"
"07113905-5366-4c9e-97cd-0be1265cfaee","0","0","0","35"
"9cc1370e-dc82-4af4-a6b5-44e44771695e","0","0","0","35"
"seadva-4f11ad25-bd9f-4d50-877b-ad868dcf1a56","0","0","0","35"
"7aeacd07-c85c-43a7-8884-ac878f9512bb","0","0","0","35"
"05f63dd8-be41-4700-9b1b-e8240141281c","0","0","0","35"
"doi%3A10.5063%2FAA%2Fjbrunt.5.4","0","0","0","0"
"1dc31a89-328a-4048-8b20-1a004cb1c62c","0","0","0","35"
"doi%3A10.5063%2FAA%2FArchivalTag.5.3","0","0","0","0"
"80750930-9ff5-44c0-8e4d-f36ffd46cd6c","0","0","0","35"
"doi%3A10.5063%2FAA%2Fobfs.223.2","0","0","0","0"
"doi%3A10.5063%2FAA%2Fobfs.90.2","0","0","0","0"
"doi%3A10.5063%2FAA%2Fobfs.263.1","0","0","0","0"
"doi%3A10.6067%3AXCV8B56H8S_meta","0","0","0","35"
"doi%3A10.6067%3AXCV8X06637_meta","0","0","0","35"
"37b9d552-b1fa-4286-a663-7c228a29bba6","0","0","0","35"
"seadva-LeslieHsu-b29a44b8-b6e0-400f-b536-804246ea129c","0","0","0","35"
"1fa1a364-eb33-4a92-84ef-83ec51345892","0","0","0","35"
"doi%3A10.5063%2FAA%2Fnrs.138.3","0","0","0","0"
"50a3604d-830b-43c8-bd75-c82f0531bde0","0","0","0","35"
"154f60cf-d361-4a05-b8ac-79ddc3da3bc7","0","0","0","35"
"58844148-7893-4672-bf65-4e09e1339393","0","0","0","35"
"561d3822-f4af-4c4f-856e-ec44caeeaddc","0","0","0","35"
"28540f21-bb51-401e-ae06-839426755223","0","0","0","35"
"b67cb8c1-b78e-4c59-8f27-e0238804cfb3","0","0","0","35"
"7ba2f28e-85c8-48bb-b4f5-144f3ce84538","0","0","0","35"
"fd7e46da-c284-45bf-baf9-28eb3451574e","0","0","0","35"
"seadva-45f2b1dd-b406-4bc1-926f-ad0719129c5d","0","0","0","35"
"7684ce69-83d9-462c-ab22-dd73af97efbc","0","0","0","35"
"4366c694-47fa-4dd1-a048-95766fa535ff","0","0","0","35"
"4c9e3c3d-147a-466e-b007-78c90adb810e","0","0","0","35"
"02493721-d952-4645-87a4-6ad5fa2cbb3b","0","0","0","35"
"doi%3A10.6067%3AXCV8DN4421_meta","0","0","0","35"
"fd3c7a68-8078-479d-9902-426188577150","0","0","0","35"
"ad5aaf0b-8f53-4529-9e6d-b37aae3b00c3","0","0","0","35"
"doi%3A10.6067%3AXCV8J38RH4_meta","0","0","0","35"
"seadva-ba975f8b-b8b5-4a3f-9f73-a090aa5ab51f","0","0","0","35"
"455e3c0b-b8ee-44d9-b2c6-f01ae0de3487","0","0","0","35"
"0330872c-4d0f-4f14-9f19-a4f7a111032e","0","0","0","35"
"ef359056-b9a5-40ce-97cc-b17debd0a3aa","0","0","0","35"
"ecbee4bd-436e-4e82-a7c0-20fdbcd3d554","0","0","0","35"
"seadva-20ef8e4e-12fd-4244-be19-7a79c827e85f","0","0","0","35"
"5d3ca78e-ea28-4823-a42c-92e6e6baf94a","0","0","0","35"
"ff22bd80-a661-460a-9b62-ba6e4db23eb5","0","0","0","35"
"09fb57d2-5e98-4fdb-acbc-2aa3c0221afb","0","0","0","35"
"db701210-c030-4bd0-8c52-79e42c5b6b35","0","0","0","35"
"sead-Bode-Collin-c9138cf9-0eee-4511-830c-3d3f8b8ca785","0","0","0","35"
"doi%3A10.5063%2FAA%2Fnrs.144.4","0","0","0","0"
"41c71470-fcb2-4f33-98be-0a19742e713a","0","0","0","35"
"57fe9895-3204-448d-ab33-864a204e1d4c","0","0","0","35"
"doi%3A10.5063%2FAA%2Fnrs.160.4","0","0","0","0"
"49d86380-e7dd-4953-81d9-0a33d83eb1c7","0","0","0","35"
"aef24bf2-c577-4cfa-a2e1-def87e5f9fe6","0","0","0","35"
"doi%3A10.5063%2FAA%2Fjwalsh.18.1","0","0","0","0"
"ccf75801-0be1-4698-a6b1-04d4fbac449c","0","0","0","35"
"785c9342-754a-45db-a338-0cc4dc703d82","0","0","0","35"
"doi%3A10.5063%2FAA%2Fnrs.40.1","0","0","0","0"
"b73cbca4-7b29-49fc-8dae-ae7689ef3d6f","0","0","0","35"
"53898c99-ffca-4f98-866f-be621aeb830e","0","0","0","35"
"doi%3A10.5063%2FAA%2Fobfs.332.2","0","0","0","0"
"0242d1ee-25dd-40af-84d9-2837f84a1e66","0","0","0","35"
"55ba46de-2e42-4c3a-9405-13ab0891867a","0","0","0","35"
"a5f40f4c-4bde-4d2b-b59a-b10b964fed3b","0","0","0","35"
"doi%3A10.5063%2FAA%2Fobfs.305.1","0","0","0","0"
"905e232e-f123-4fb8-bbdc-d3784c421e6d","0","0","0","35"
"51dc8c50-28a9-466d-b2dd-2e6bcc449071","0","0","0","35"
"doi%3A10.5063%2FAA%2Fnrs.142.3","0","0","0","0"
"doi%3A10.5063%2FAA%2FArchivalTag.5.5","0","0","0","0"
"1fbf3470-cd92-42a3-83cc-0edaf920a632","0","0","0","35"
"ca9bda0e-d275-4587-ab85-ea05edc8656b","0","0","0","35"
"1f812c63-8f4e-4ff6-9171-77f934387cb8","0","0","0","35"
"f8bf26e2-0cd3-4688-bb15-b528c32e384e","0","0","0","35"
"e9c19ce4-e928-4345-b7ef-ac16222e2a21","0","0","0","35"
"dae9a9c0-1945-4617-bb39-2ee74bd22da9","0","0","0","35"
"7e15b625-3000-4817-ba68-bf55977c675e","0","0","0","35"
"doi_10.5066_F71J97RM","0","0","0","35"
"doi%3A10.5063%2FAA%2Fnrs.107.2","0","0","0","0"
"doi%3A10.6067%3AXCV8862DQX_meta","0","0","0","35"
"ark%3A%2F13030%2Fm589150d%2F2%2Fcadwsap-s2701068-001.xml","0","0","0","35"
"923ce096-5526-41c6-8915-204c7caab82a","0","0","0","35"
"doi%3A10.5063%2FAA%2Fenviroedukator.9.4","0","0","0","0"
"seadva-dd21d2d3-5c02-4f17-ab16-e42ad69003f8","0","0","0","35"
"32d598aa-eb87-424c-aa68-49d3b1f0d29c","0","0","0","35"
"7dc9ca53-c203-4b0c-8466-e2f492c4b595","0","0","0","35"
"c1503368-59da-41ae-987f-1c432174b6b6","0","0","0","35"
"02d13539-bfc3-41b2-9343-3a14555d13e9","0","0","0","35"
"00a98a67-cb3e-4dcd-8fe3-041d444a8984","0","0","0","35"
"09322338-3d05-4a37-a3a2-f9d17d64aaf9","0","0","0","35"
"52b747ee-82b6-472b-aa1f-12aa5a3b03c2","0","0","0","35"
"seadva-5bba3ddb-8e77-4bcc-96f7-b0108dc5b35d","0","0","0","35"
"seadva-SweeneyKristin2f077cd2-fd7b-42e5-a4f9-97cd1877d9a4","0","0","0","35"
"usgs_d_GapAnalysisSpeciesRanges.xml","0","0","0","35"
"doi%3A10.5063%2FAA%2FSartwell.92.1","0","0","0","0"
"aa714ce3-a26c-4be4-93d6-9e01666d96aa","0","0","0","35"
"doi%3A10.5063%2FAA%2Fnrs.136.3","0","0","0","0"
"sead-bode-0bf5a0a7-831d-4e11-bf5b-27f9c6022c85","0","0","0","35"
"ab8c28d7-4d4f-4c19-89ef-315f7c437614","0","0","0","35"
"3fd85e07-8de7-4f61-9c04-34dfd05023ed","0","0","0","35"
"d93f5f97-72dd-40c2-851a-6e7712bce057","0","0","0","35"
"d232ccc4-dd77-41de-b28e-f07ceebb6871","0","0","0","35"
"cf310b1e-4a54-44c2-9121-2fd5925589b2","0","0","0","35"
"e939a97c-879c-424a-8e33-5c347e1c1571","0","0","0","35"
"doi%3A10.5063%2FAA%2Fobfs.112.2","0","0","0","0"
"1dd35232-54ab-4d04-885f-3efb86fafee2","0","0","0","35"
"5d05ec1a-ecc6-4f7b-a052-3c07a7bdde80","0","0","0","35"
"ddfb956a-6a8e-4efb-a4b6-5684e3e4da4c","0","0","0","35"
"36eba7be-3a58-4dbb-8c33-8cb5af455a9f","0","0","0","35"
"doi%3A10.5063%2FAA%2Fmob.24.11","0","0","0","0"
"4a913ef9-9eae-414d-b37a-354319e3010b","0","0","0","35"
"c2ed354e-65c5-4d7a-afa3-be1e83b480f4","0","0","0","35"
"doi%3A10.5063%2FAA%2Fobfs.124.2","0","0","0","0"
"d506f9bb-b9ce-45f3-a766-f3937d2b5902","0","0","0","35"
"e9b161e8-451d-40d7-b12c-82e2ed927a17","0","0","0","35"
"3d4e7dbd-6e5b-4ef8-8f01-fa15782c5f51","0","0","0","35"
"91c3df49-187a-4c12-8c35-534dd3a6ac22","0","0","0","35"
"da4bc06f-c1e4-4c58-8dcc-c6e642a38d85","0","0","0","35"
"884f2ae0-d848-4180-8bd5-5c9b6399bcf3","0","0","0","35"
"18fe6e45-dfa9-4156-96f5-b54a7e8c2a00","0","0","0","35"
"2d396774-ab81-446a-8837-ded398ed3a68","0","0","0","35"
"fb1bb8d1-ae8a-468f-bb3b-c0e744df1891","0","0","0","35"
"3259843c-e5af-4fbf-87d8-bbf0572ec9ff","0","0","0","35"
"doi%3A10.5063%2FAA%2Fobfs.331.1","0","0","0","0"
"6e610d68-1d79-439c-b574-8979b0722cca","0","0","0","35"
"29b7e361-c781-4906-9717-ba59582a9b05","0","0","0","35"
"430a835b-0969-43f3-bad7-318a617dff31","0","0","0","35"
"44d7a4cb-b56d-47a7-b03b-71bd84f81202","0","0","0","35"
"http%3A%2F%2Fdx.doi.org%2F10.5061%2Fdryad.25%2F31%3Fver%3D2015-10-29T02%3A20%3A34.116-04%3A00","0","0","0","35"
"420342d4-84fe-4362-9812-a43bdd8c475d","0","0","0","35"
"sead-Marr-Jeff-D.-88169ca9-d8e9-475d-8b2f-c6a98f7c5513","0","0","0","35"
"aa67703c-827b-44e5-a847-632987dfdc3a","0","0","0","35"
"80563aaf-d258-4831-8abd-25c8488349df","0","0","0","35"
"doi%3A10.5063%2FAA%2Fobfs.153.2","0","0","0","0"
"doi%3A10.5063%2FAA%2Fobfs.346.2","0","0","0","0"
"4e9b8c51-e551-4467-8201-ae65563cf0f2","0","0","0","35"
"8f9c65d9-c4c2-4526-ac5b-35555abd8bec","0","0","0","35"
"1e2740b7-c3b9-4e7f-863b-001e1f6d3f65","0","0","0","35"
"a04c67f0-4f83-4274-974d-5710d8fe9fd1","0","0","0","35"
"7cbade50-0b08-41c4-b734-0660fdadc3dd","0","0","0","35"
"e37b37a8-b2dd-400a-a496-ae76f1e3eef8","0","0","0","35"
"doi%3A10.6067%3AXCV8FF3QXM_meta","0","0","0","35"
"3baf88dd-19ac-44e2-a7b8-7bb9039158d7","0","0","0","35"
"http%3A%2F%2Fdx.doi.org%2F10.5061%2Fdryad.70%2F12%3Fver%3D2015-10-29T02%3A22%3A05.813-04%3A00","0","0","0","35"
"d31108b2-16b7-48a7-b4c1-d8c6e80f8bc7","0","0","0","35"
"seadva-RicardoHernandezMoreira-f77ec8c0-2a42-4c1a-bfe6-992db22b6239","0","0","0","35"
"120eba29-0ba9-44c5-aedb-3c1551bf0d77","0","0","0","35"
"2bb0540d-dd84-4665-91a4-0c3fe7777b59","0","0","0","35"
"8a011df2-85f3-487a-bb55-c5a60ae7427a","0","0","0","35"
"9d6b0253-b21c-4283-82a2-0dd48333a0ae","0","0","0","35"
"doi%3A10.6067%3AXCV8FX780Z_meta","0","0","0","35"
"doi%3A10.5063%2FAA%2Fwetlandsofindia.8.1","0","0","0","0"
"c453df0e-0471-4ce6-9d37-349e522e4255","0","0","0","35"
"b71a4953-865e-4828-8483-bfd2b03ae8a9","0","0","0","35"
"a2200e65-bb0f-4972-8c59-4f6367e9b2cb","0","0","0","35"
"0a9adaa6-3f30-4aaf-8245-5d3dd475907a","0","0","0","35"
"93566243-601a-46b3-887e-47e42e05b44e","0","0","0","35"
"38d3ec0d-c66d-4e7b-b8a4-c4dee0232854","0","0","0","35"
"doi%3A10.5063%2FAA%2Fobfs.61.1","0","0","0","0"
"ad43715d-a79f-4aa4-a19e-f2407563ba4d","0","0","0","35"
"2f2367fc-28f3-4e2e-8a51-5d7a855a4879","0","0","0","35"
"doi%3A10.5063%2FAA%2Fobfs.227.2","0","0","0","0"
"doi%3A10.5063%2FAA%2Fnrs.142.2","0","0","0","0"
"3535cd6e-e3c0-4410-929c-2d0d6f7ef488","0","0","0","35"
"66c732d1-6056-4107-85da-218ec9bcc86d","0","0","0","35"
"d5bf1ccc-55df-421d-a2ac-026fe253f6ae","0","0","0","35"
"7a5b3c71-f1df-4d05-8c1d-3d7962ebf861","0","0","0","35"
"doi%3A10.5063%2FAA%2Fnrs.180.4","0","0","0","0"
"0eb9b5a8-7e59-4a8a-9611-bea8b09d4459","0","0","0","35"
"1a66abe1-3a21-4127-b6e7-54d01c1b5768","0","0","0","35"
"9865f140-f71e-48d2-a7ed-b74a6b4ba5b3","0","0","0","35"
"f0b8398e-a76d-428a-ac58-c741ba24e34d","0","0","0","35"
"doi%3A10.5063%2FAA%2Fobfs.344.2","0","0","0","0"
"1945841c-3547-4f12-af99-463cdd8c97ef","0","0","0","35"
"sead-Tal-Michal-0a60d1a1-5758-4b96-8eaf-b83e69c976e6","0","0","0","35"
"doi%3A10.6067%3AXCV8XW4HQR_meta","0","0","0","35"
"seadva-bfaa5493-4d22-4469-8636-b4785979e83a","0","0","0","35"
"2737261d-ff84-4e87-b034-3b05d64e5366","0","0","0","35"
"eec02c85-a4e6-43fe-8eac-fcbeb2e3977c","0","0","0","35"
"doi%3A10.1575%2F1912%2Fbco-dmo.660079","0","0","0","35"
"128e88e0-b51c-454c-ab86-d7030d7c0785","0","0","0","35"
"07db7033-d6cd-47bf-8a60-c10901eef680","0","0","0","35"
"fd2ff373-bed4-4cac-bc17-0bf39dde0ec7","0","0","0","35"
"seadva-EssawyBakinam066de0b8-a0c9-4724-913a-9060f82148f1","0","0","0","35"
"b847b010-d570-422a-90f6-acbca01724c9","0","0","0","35"
"00c54897-8600-41be-84a3-3a4b916da221","0","0","0","35"
"dc84f39e-5c8c-4555-ab6e-e78dc8b9261c","0","0","0","35"
"03c08bbf-bdae-4b27-8447-204e6773deff","0","0","0","35"
"doi%3A10.5063%2FAA%2Fnrs.100.1","0","0","0","0"
"38646462-17f7-4a7c-96ea-ff038bbf8e1d","0","0","0","35"
"9993720e-5194-426e-9dd2-03a10630c78b","0","0","0","35"
"467f74d5-00cc-458e-9510-d7246f966f59","0","0","0","35"
"doi%3A10.5063%2FAA%2Fobfs.55.2","0","0","0","0"
"doi%3A10.5063%2FAA%2Fjbrunt.5.6","0","0","0","0"
"seadva-2ea52a9f-181a-43d6-b3b2-9c27d2603e8c","0","0","0","35"
"7380bbb2-0da9-4b63-9a7f-2b8ec5cbb123","0","0","0","35"
"sead-Marr-Jeff-D.-e5139c88-b097-4311-9411-cb3884e600e8","0","0","0","35"
"82fa9c9f-e6b7-491e-8461-c590323cc854","0","0","0","35"
"29165438-12e6-4cd9-b6db-02f2764c17aa","0","0","0","35"
"739cf80b-0c92-4451-a773-905e05962720","0","0","0","35"
"d7462c25-bdd9-4926-b763-976a81698fda","0","0","0","35"
"seadva-HsuLeslie029090a9-11b8-4fc1-bf76-bb5a8153363f","0","0","0","35"
"0d71c005-3a78-4408-9f58-8a9d2f9b59a1","0","0","0","35"
"122d2886-b090-4879-b63e-814fcdaec269","0","0","0","35"
"b96e1cc2-8cf0-47d2-937f-ceb5f3fb5e2a","0","0","0","35"
"doi%3A10.5063%2FAA%2Ftonelow13.1024.6","0","0","0","0"
"6d0ba835-e056-4b7d-ae37-5eb556ed1960","0","0","0","35"
"doi%3A10.5063%2FAA%2Ftonelow13.1024.4","0","0","0","0"
"29c7aebd-d781-4681-9062-f632ac3a8e13","0","0","0","35"
"007275fb-1edf-4d00-919f-a76d86c384ea","0","0","0","35"
"702e2345-9c19-4b87-bf6a-dd57c4a1a5a4","0","0","0","35"
"1eab20e4-a04b-4d13-acb8-656e8ce1654a","0","0","0","35"
"doi_10.5066_F7416V18","0","0","0","35"
"seadva-EssawyBakinamc8e53366-8745-4009-bb38-786ee49cd6fe","0","0","0","35"
"seadva-AaronBufe-d58982a3-fbe4-42d9-be3b-34b832606453","0","0","0","35"
"3b05aca3-f0eb-4b41-87cf-67826078d5dc","0","0","0","35"
"seadva-LeslieHsu-1e87b62a-e1c3-4cef-8de1-09ccfd5d8c15","0","0","0","35"
"d632caaf-f4b8-42dd-9808-bea1d504abc7","0","0","0","35"
"3e860d3c-8922-4906-8da5-9c6058b429c4","0","0","0","35"
"6990d880-8182-401d-9d0a-b7347d80f6d7","0","0","0","35"
"20072106-eda4-4a96-b515-1586a9a9dccb","0","0","0","35"
"doi%3A10.6067%3AXCV8W37VBB_meta","0","0","0","35"
"doi%3A10.6067%3AXCV88050Q0_meta","0","0","0","35"
"b1e8e4d1-8a83-44b1-b461-932926520236","0","0","0","35"
"5da82062-bff2-4e48-988d-5e83a930f420","0","0","0","35"
"498041dc-3957-4aec-9c6f-92b418334cdf","0","0","0","35"
"seadva-LeslieHsu-edc86540-e18f-4e51-9e46-8f2f3d2fe22b","0","0","0","35"
"ffcc0106-20c1-41eb-b8b9-eabafab973bb","0","0","0","35"
"ark%3A%2F13030%2Fm5r2105h%2F3%2Fcadwsap-s4900888-001.xml","0","0","0","35"
"doi%3A10.5063%2FAA%2Fobfs.316.3","0","0","0","0"
"doi%3A10.5063%2FAA%2Fobfs.140.3","0","0","0","0"
"46a1ae3d-b1cf-444f-83ea-b65f65883dea","0","0","0","35"
"efb07873-1846-40a3-ac22-07c7cfa88a0b","0","0","0","35"
"fe3140c6-5252-4a96-bb70-6d21e3ed2c5b","0","0","0","35"
"2082513b-0787-4255-a01c-0187b10d29a9","0","0","0","35"
"b71c5582-6b10-4e28-95be-c31e742ec641","0","0","0","35"
"b52a29c7-1957-4bb5-b6dc-05106971da55","0","0","0","35"
"dd41f11b-c9ec-439d-9d00-d51dcff91abc","0","0","0","35"
"cd777154-9a58-442c-b9a5-e5a32e20bf17","0","0","0","35"
"doi%3A10.5063%2FAA%2Fnrs.6.1","0","0","0","0"
"doi%3A10.5063%2FAA%2Fobfs.334.2","0","0","0","0"
"c20fc073-92bf-4d48-90e5-67458cb14f48","0","0","0","35"
"14fb9b78-2cf2-487d-89e7-3d05fd96d60e","0","0","0","35"
"doi%3A10.6067%3AXCV8KW5H4M_meta","0","0","0","35"
"a1897445-d921-482d-8660-f086eb126b1d","0","0","0","35"
"ark%3A%2F13030%2Fm5mc904z%2F3%2Fcadwsap-s5115001-004.xml","0","0","0","35"
"0010921f-15ae-4a36-84b5-952fd8ab490d","0","0","0","35"
"6736ee02-659c-46ac-a7e3-f4b97870ac6a","0","0","0","35"
"01be7fc3-596d-4570-a8fd-e842389decd6","0","0","0","35"
"http%3A%2F%2Fdx.doi.org%2F10.5061%2Fdryad.3df12%3Fver%3D2015-10-21T12%3A54%3A05.369-04%3A00","0","0","0","35"
"c0c6ec47-b101-4563-9c45-d44d44e15697","0","0","0","35"
"8b215556-5ae0-4733-90ce-064cb90fac2a","0","0","0","35"
"24a0b85a-4e1f-4f44-8e52-f3ad12b018bb","0","0","0","35"
"seadva-c1d80a72-be2f-4aff-8e1c-9276da35db94","0","0","0","35"
"00813938-e4f1-4a15-beb1-0a4987b79b10","0","0","0","35"
"doi%3A10.5063%2FAA%2Fbmardian.8.1","0","0","0","0"
"doi%3A10.5063%2FAA%2Fobfs.306.2","0","0","0","0"
"doi%3A10.6067%3AXCV8PK0D8D_meta","0","0","0","35"
"29848aed-7dd9-4ae1-bf90-e08f73167d1d","0","0","0","35"
"fcc2c1c4-3232-4baa-a2a5-494dc8be9395","0","0","0","35"
"4d713360-6e53-4d6c-83ac-ccbede7bcd2b","0","0","0","35"
"doi%3A10.5063%2FAA%2Fjwalsh.14.1","0","0","0","0"
"sead-Bode-Collin-32a51798-22d1-48e9-8b13-05e5243b54e4","0","0","0","35"
"7e87892c-fb7f-4002-a8c5-6549ff4468e8","0","0","0","35"
"86d233b9-db62-4b78-9c8c-d2e8a96b3806","0","0","0","35"
"http%3A%2F%2Fdx.doi.org%2F10.5061%2Fdryad.ns135%2F7%3Fver%3D2014-04-02T17%3A03%3A10.113-04%3A00","0","0","0","35"
"doi%3A10.5063%2FAA%2Fobfs.299.2","0","0","0","0"
"41d5c1e3-a774-4689-b634-7f294940c21e","0","0","0","35"
"doi%3A10.5063%2FAA%2Fnrs.36.1","0","0","0","0"
"18bca6f0-9172-4ab0-9b1b-5116b159dd95","0","0","0","35"
"doi%3A10.5063%2FAA%2Fobfs.313.1","0","0","0","0"
"40df4a56-3306-44bf-ab35-51c5a07a7d4c","0","0","0","35"
"594743ea-518f-47ec-94b3-f7832400bd6a","0","0","0","35"
"4c30b8b6-9043-47d6-bacf-ec244b027a5e","0","0","0","35"
"1e63cec3-0ca7-420c-b9e5-be4a55e0af1a","0","0","0","35"
"http%3A%2F%2Fdx.doi.org%2F10.5061%2Fdryad.8qm34%2F1%3Fver%3D2015-10-30T11%3A03%3A57.241-04%3A00","0","0","0","35"
"60bd337b-a32b-460e-82ab-dbace2a64239","0","0","0","35"
"7d0e4312-bcaf-4c71-ad46-0bcd4b56ddbd","0","0","0","35"
"00fc8f7a-bc85-48cf-8516-6b6423809886","0","0","0","35"
"b2a1929e-a873-41f2-b5a7-c1bb07acfd2a","0","0","0","35"
"ark%3A%2F13030%2Fm5cv4gd3%2F3%2Fcadwsap-s1400006-002.xml","0","0","0","35"
"9fa75ac9-9954-4ec1-a1d3-69872a090cf8","0","0","0","35"
"seadva-AnastasiaPiliouras-0245ce3b-28c8-408c-ac5c-4baa31206fff","0","0","0","35"
"doi%3A10.5063%2FAA%2FArchivalTag.5.9","0","0","0","0"
"a5243855-b742-4a5d-81af-8fc8146f111b","0","0","0","35"
"doi%3A10.5063%2FAA%2Fobfs.53.2","0","0","0","0"
"doi%3A10.6067%3AXCV8J38QG4_meta","0","0","0","35"
"doi%3A10.5063%2FAA%2Fnrs.135.1","0","0","0","0"
"0b304f3c-9cfe-4f03-a8f6-38ff1f2eda91","0","0","0","35"
"2ad54d28-1e6e-49b1-84f7-d3e2a849c777","0","0","0","35"
"doi%3A10.6067%3AXCV8N29VG7_meta","0","0","0","35"
"1b600c60-e631-4bc3-99ec-d767e5c7063d","0","0","0","35"
"0257f541-1ff8-459d-913a-9e11d32a6ed3","0","0","0","35"
"doi%3A10.5063%2FAA%2Fobfs.222.3","0","0","0","0"
"3190d016-4492-4670-a12e-f7eeb590a1ca","0","0","0","35"
"doi%3A10.5063%2FAA%2Fobfs.58.1","0","0","0","0"
"38cb2dcf-b245-44d6-b2a8-ac6de651990c","0","0","0","35"
"9c189b15-16e8-4e8f-b286-50b559184fe0","0","0","0","35"
"ark%3A%2F13030%2Fm5qc02mk%2F3%2Fcadwsap-s2400076-001.xml","0","0","0","35"
"5de7abc2-06a7-41ae-b12a-f894b15bb568","0","0","0","35"
"http%3A%2F%2Fdx.doi.org%2F10.5061%2Fdryad.1723%2F5%3Fver%3D2015-10-29T02%3A18%3A06.989-04%3A00","0","0","0","35"
"495802f9-0a67-435d-b56f-30c4583f78cb","0","0","0","35"
"2d7407fc-0318-4394-8ea4-e20c61901ea7","0","0","0","35"
"90c8106d-899f-44a7-98e7-5f46bcd1ddab","0","0","0","35"
"a582f3aa-d8c6-4640-8280-b9fd0fd25b62","0","0","0","35"
"7ffd70fd-2c47-4da0-bcd2-6609e6fb51d5","0","0","0","35"
"9bd782a2-46bb-486a-b4b9-dc65ae768c76","0","0","0","35"
"a009c708-4894-4d0b-8023-741db384dd7e","0","0","0","35"
"034ae30e-e039-447a-a7f7-77df5ed63d4c","0","0","0","35"
"ebf25278-3f96-4b8e-bd66-170eb26b1e1e","0","0","0","35"
"d3048e49-5a6d-4ba4-b9a8-bb1ac25442d5","0","0","0","35"
"doi%3A10.5063%2FAA%2Fobfs.111.1","0","0","0","0"
"doi%3A10.6067%3AXCV83X84R2_meta","0","0","0","35"
"cbea4a22-afa8-4ece-aa5d-0fb36c7bbd47","0","0","0","35"
"North_American_Drought_Atlas_A_History_of_Meteorological_Drought_Reconstructed_from_835_Tree-Ring_Chronologies_for_the_Past_2%2C005_Years.xml","0","0","0","35"
"730e9838-6cbd-4119-8a6d-c96c463daa17","0","0","0","35"
"82933771-480a-4fb5-944c-450cc64e26a6","0","0","0","35"
"bcedb8fa-21ea-4ec9-9eae-6263dffc965d","0","0","0","35"
"1f0ae324-94ba-4463-922b-c3a65ce0be50","0","0","0","35"
"d8ac16a1-69d3-44d9-91f0-6e6edc2887d6","0","0","0","35"
"4d98d9ff-d6fa-4ba9-afc0-58e0c2229eb6","0","0","0","35"
"doi%3A10.5063%2FAA%2Fjwalsh.22.3","0","0","0","0"
"http%3A%2F%2Fdx.doi.org%2F10.5061%2Fdryad.25%2F9%3Fver%3D2015-10-29T02%3A20%3A27.384-04%3A00","0","0","0","35"
"doi%3A10.6067%3AXCV85719N8_meta","0","0","0","35"
"http%3A%2F%2Fdx.doi.org%2F10.5061%2Fdryad.3c190%2F13%3Fver%3D2015-10-29T02%3A27%3A25.636-04%3A00","0","0","0","35"
"seadva-b84a3c8a-0732-4891-b950-3c48d19c078b","0","0","0","35"
"781c2093-f551-435d-8d40-c010dae075cb","0","0","0","35"
"2bf2826e-097b-47d8-b5f0-f921355883a2","0","0","0","35"
"32462e88-7249-4d75-a96c-f2f89b62c575","0","0","0","35"
"a0febef3-edb0-4992-b087-086078c29a75","0","0","0","35"
"Area_and_Carbon_Content_of_Sphagnum_Peatlands_in_North_America_and_Eurasia_Since_the_Last_Glacial_Maximum.xml","0","0","0","35"
"0753d9f5-595d-4861-bae1-9ac7f4c88db1","0","0","0","35"
"seadva-58e70340-fc6c-47fa-876d-fdcba11daf95","0","0","0","35"
"3762323f-3f22-48e8-a609-5771b6ac0af9","0","0","0","35"
"ark%3A%2F13030%2Fm59w0dzn%2F3%2Fcadwsap-s5410016-055.xml","0","0","0","35"
"ce9c4c07-6aa4-4d94-ae8c-56b5e1761916","0","0","0","35"
"2af27d5c-2809-4124-bf92-bb780977e6f7","0","0","0","35"
"e85315ad-7423-44f4-b39a-da6c02e9a75b","0","0","0","35"
"seadva-RicardoHernandezMoreira-09ae69d5-5093-42e7-bdbf-4ae5be61538c","0","0","0","35"
"24bb939b-491f-49e0-ac9c-77a657078254","0","0","0","35"
"seadva-066a5d98-e937-4458-adc7-3159cc82786d","0","0","0","35"
"108de6c9-5f25-43b0-8570-3cda98497109","0","0","0","35"
"c17e82b8-64ac-49a7-b0c5-68925b7c560b","0","0","0","35"
"5f99656e-50ed-491b-96cc-ad73ad0c3bdb","0","0","0","35"
"doi%3A10.5063%2FAA%2Fmob.24.14","0","0","0","0"
"doi%3A10.6067%3AXCV8DB8004_meta","0","0","0","35"
"03afdc18-27a5-43db-b6c9-eea8fcfa0ba2","0","0","0","35"
"doi%3A10.5063%2FAA%2FArchivalTag.16.3","0","0","0","0"
"58f6aa9f-d34a-47c2-997c-47d531e17d7c","0","0","0","35"
"00fcd229-caf3-43eb-9894-d213232a8ecd","0","0","0","35"
"949cbce8-529c-42ad-a47d-154c71e3f84e","0","0","0","35"
"60d95643-8e0a-478a-8bc7-1fb184666429","0","0","0","35"
"5b838618-5404-4403-a68a-b98a458c8a2d","0","0","0","35"
"fefa8818-73fb-41be-8ffb-4f46e40c0437","0","0","0","35"
"13154e0a-b54a-4b86-9516-7144191b9557","0","0","0","35"
"doi%3A10.5063%2FAA%2Fobfs.81.2","0","0","0","0"
"doi%3A10.5063%2FAA%2Fobfs.130.3","0","0","0","0"
"f42afab1-5e59-4741-bd20-f8ad57ef64e2","0","0","0","35"
"seadva-nonee903e476-9bdd-4332-823a-aabea162acd6","0","0","0","35"
"3d635d07-366a-46b7-9e6f-d11595bd5496","0","0","0","35"
"fc10ba58-d62c-469d-9645-6d6316aa15a9","0","0","0","35"
"http%3A%2F%2Fdx.doi.org%2F10.5061%2Fdryad.4930%2F1%3Fver%3D2013-07-18T14%3A06%3A57.226-04%3A00","0","0","0","35"
"12f6ba6b-98ae-4b41-9a9c-cf49976225aa","0","0","0","35"
"841ac73f-a060-442e-a05e-7ad03adc217f","0","0","0","35"
"de74a0c6-4ec9-40d5-b294-488a7791a4cc","0","0","0","35"
"c4aa98a0-9e2f-4871-8773-bc673bc3bdc2","0","0","0","35"
"doi%3A10.5063%2FAA%2Fnrs.106.3","0","0","0","0"
"9f7b6024-d38b-49f8-bd82-61e62e24a4d4","0","0","0","35"
"seadva-f1a1234e-0697-44ab-94be-45e61a0bcbc1","0","0","0","35"
"doi%3A10.6067%3AXCV8Q81B1X_meta","0","0","0","35"
"doi%3A10.5063%2FAA%2Fobfs.160.3","0","0","0","0"
"6da3411a-a22b-4a24-841d-58c5945b6b0c","0","0","0","35"
"1badac83-89cc-4558-b1e8-91b7c84bf88f","0","0","0","35"
"1171764b-0e3b-4c34-ba5f-0e8369f14e21","0","0","0","35"
"seadva-BakinamEssawy-bc304194-acb8-4885-bba0-6f566ecfebca","0","0","0","35"
"doi%3A10.5063%2FAA%2Fmob.46.2","0","0","0","0"
"e8b6c6e5-af75-4b40-89d7-1ddc63d1096f","0","0","0","35"
"062f6f91-32d6-4af7-9a87-3ec01e760213","0","0","0","35"
"doi%3A10.5063%2FAA%2FArchivalTag.5.15","0","0","0","0"
"2b7ba4d7-28c6-4ae3-a8f4-0b1cb13eceaa","0","0","0","35"
"ee4c4ac9-8ab0-4a2b-981a-d45806f5a590","0","0","0","35"
"3561fd9e-3fd4-4503-b986-c26641b18b8a","0","0","0","35"
"b7a241ec-3429-4080-afa2-fb5c7b32de1d","0","0","0","35"
"910e3ead-549d-4b5a-a6ed-42cfcbaf3793","0","0","0","35"
"11e3de21-ea2e-4b95-b637-94cdd8e4b1ce","0","0","0","35"
"7722ada2-f062-49cf-9433-08f58cf54a15","0","0","0","35"
"61c9b42e-e7ce-4166-8bfc-c161a96b3121","0","0","0","35"
"f7201c73-3ea4-4e00-af5f-9265edfb5365","0","0","0","35"
"doi%3A10.5063%2FAA%2Fnrs.32.1","0","0","0","0"
"doi%3A10.1575%2F1912%2Fbco-dmo.649882","0","0","0","35"
"52c3beee-97f5-4366-aa00-37e984a39582","0","0","0","35"
"c348ca73-2bc2-458a-a033-60427f320faa","0","0","0","35"
"83c49f40-5527-4e4e-ac21-b21bdb26b53b","0","0","0","35"
"16e5c203-d2c1-44af-813d-dc4ffc296940","0","0","0","35"
"doi%3A10.5063%2FAA%2Fobfs.152.2","0","0","0","0"
"cc8ee1ba-61b8-485a-a4b1-b141c43b8e7b","0","0","0","35"
"doi%3A10.1575%2F1912%2Fbco-dmo.661344","0","0","0","35"
"doi%3A10.6067%3AXCV8M9079F_meta","0","0","0","35"
"doi%3A10.5063%2FAA%2Fjwalsh.11.2","0","0","0","0"
"doi%3A10.6067%3AXCV84B307G_meta","0","0","0","35"
"http%3A%2F%2Fdx.doi.org%2F10.5061%2Fdryad.tt0tq%3Fver%3D2015-10-02T15%3A43%3A26.250-04%3A00","0","0","0","35"
"doi%3A10.5063%2FAA%2Fnrs.63.1","0","0","0","0"
"ec0630e6-c3a2-4301-8122-716b4218b53a","0","0","0","35"
"8a17c590-655f-4818-b35a-26cc12c0563b","0","0","0","35"
"seadva-BakinamEssawy-eae0b25f-abbc-41f8-9932-9142353b1064","0","0","0","35"
"9431267c-a574-4e52-9c99-6039bbcc41dd","0","0","0","35"
"c9137d49-7167-4a06-a206-b50542c2b60f","0","0","0","35"
"doi%3A10.6067%3AXCV8Q81C1D_meta","0","0","0","35"
"9d564255-234a-42f2-bcec-1e8adc74b2d8","0","0","0","35"
"doi%3A10.5063%2FAA%2Fnrs.168.1","0","0","0","0"
"853a8f12-f90b-4780-be1f-8819f4537794","0","0","0","35"
"36199349-6539-4ee2-8a23-b1e7aeda0972","0","0","0","35"
"f20112e0-90aa-47de-9722-15d71baa02f5","0","0","0","35"
"bcb27c2d-4d18-4880-a4c5-32d1202b62cd","0","0","0","35"
"49ba3045-4304-41c8-b4b5-4373afdd2808","0","0","0","35"
"doi%3A10.5063%2FAA%2Fbmardian.8.3","0","0","0","0"
"f2ce2e26-a77e-43e2-9bc0-bafd1cec4979","0","0","0","35"
"a9761294-00a7-4e2f-9217-48d9af76447d","0","0","0","35"
"5bf5b55b-1e20-4118-b93a-bb8001a1c1ab","0","0","0","35"
"sead-Nguyen-Charles-fba9a7cf-c8dd-4632-b71f-408c183844fb","0","0","0","35"
"3728a7b6-36d6-4fc6-951c-d73c7fa7e886","0","0","0","35"
"a984318d-916a-41a3-8f7a-af15f8680c09","0","0","0","35"
"Walker_Branch_Watershed_Vegetation_Inventory%2C_1967-2006.xml","0","0","0","35"
"doi%3A10.5063%2FAA%2Fnrs.46.2","0","0","0","0"
"ee0bdf60-908d-41aa-845d-f5bf5e146804","0","0","0","35"
"5e7599e4-4f2e-4a1d-8a5d-84bbd72452a5","0","0","0","35"
"5ce885c7-a6b1-4d57-aae1-b6d20cc55acb","0","0","0","35"
"158173e0-2788-47a3-8827-f5e0df716f70","0","0","0","35"
"doi%3A10.5063%2FAA%2Fnrs.9.2","0","0","0","0"
"a6601801-3709-4294-a284-1750828b2f7e","0","0","0","35"
"44f9b566-e35c-4c8d-8f01-99f7a7041356","0","0","0","35"
"http%3A%2F%2Fdx.doi.org%2F10.5061%2Fdryad.f851v%2F1%3Fver%3D2015-10-26T13%3A44%3A26.407-04%3A00","0","0","0","35"
"8477994d-76f4-4417-9b72-7111d56b9ff6","0","0","0","35"
"eaa2d2ff-d4bd-47f3-8a8c-fd5e94461fb8","0","0","0","35"
"857b53cb-5ac3-4f04-b901-de07e6575a2d","0","0","0","35"
"ee907c9e-09f2-4245-867e-5da89beb1d31","0","0","0","35"
"http%3A%2F%2Fdx.doi.org%2F10.5061%2Fdryad.6b5n7%2F3%3Fver%3D2015-10-15T13%3A54%3A12.788-04%3A00","0","0","0","35"
"sead-Martin-John-f1dbc3df-c27c-4647-b05a-4b1f05c99a24","0","0","0","35"
"864fcb28-3da1-4650-9399-df37a75440f5","0","0","0","35"
"6a0f1be6-9d53-4591-9639-ae3f38dc74cb","0","0","0","35"
"2c17a041-e559-4a66-9c5e-712b3bc9bca7","0","0","0","35"
"1741ae20-67d9-4cfc-826c-257bd4f20584","0","0","0","35"
"0bf38601-6105-4108-9f56-f3ba19a11b84","0","0","0","35"
"5d0ba869-42f5-4127-a89a-235dedcdc743","0","0","0","35"
"6c2bb32a-7a04-4951-91c2-c3a2e65bff47","0","0","0","35"
"029412aa-a0a0-4ede-bcf8-00be7c9aef02","0","0","0","35"
"061e8619-557f-478f-9835-b9bcbe2051a6","0","0","0","35"
"doi%3A10.5063%2FAA%2Fobfs.164.3","0","0","0","0"
"226d2bb6-7020-4024-98da-095b96756e52","0","0","0","35"
"779d25f3-b011-4a1e-95a4-9f61a43b248d","0","0","0","35"
"67b5cc83-0446-447c-9a00-c228259ad05a","0","0","0","35"
"doi%3A10.1575%2F1912%2Fbco-dmo.661345","0","0","0","35"
"doi%3A10.5063%2FAA%2Fbmardian.3.1","0","0","0","0"
"ec99f32c-9c3f-4989-a25c-ec2b27a30127","0","0","0","35"
"a42c4578-e593-49b5-956a-6c1a183c9175","0","0","0","35"
"833fcf7e-cc14-4486-99ec-35aac1c6d92d","0","0","0","35"
"ce0c05ca-04dd-4511-b610-d57769eed5dd","0","0","0","35"
"47aadd4d-7dd6-4968-8342-58cecf660809","0","0","0","35"
"fcef7e90-864b-429d-9848-7b4cb799824b","0","0","0","35"
"fb4dd848-b065-4aff-83f7-f70226d0b99c","0","0","0","35"
"doi%3A10.6067%3AXCV83J3BVQ_meta","0","0","0","35"
"seadva-dfaaf2bb-94f1-4938-bcc8-416a24964ee7","0","0","0","35"
"9255c5a8-eda1-429c-acde-d48ee607a8ba","0","0","0","35"
"c51fed54-f302-44e0-a31b-d544892a2400","0","0","0","35"
"seadva-15b513dd-af6d-4077-8fb2-554b7cb699a0","0","0","0","35"
"doi%3A10.6067%3AXCV8M044DM_meta","0","0","0","35"
"129ad820-06f8-4435-a444-cf81f21d40c1","0","0","0","35"
"doi%3A10.5063%2FAA%2FArchivalTag.9.5","0","0","0","0"
"4122a30a-a3d2-4ac8-88f0-167780f389d6","0","0","0","35"
"doi%3A10.5063%2FAA%2Fnewmang.8.1","0","0","0","0"
"72bef52c-f60e-41d6-a067-1c5763ee4b4a","0","0","0","35"
"5e38ee2c-c752-4e9c-90c4-a805f3ef814f","0","0","0","35"
"47c06614-386e-42d6-ae8d-5e1867132611","0","0","0","35"
"a6adb2b7-bdc9-44ff-b305-03b74204cf1b","0","0","0","35"
"ebb890cf-016d-4e9b-abb2-36ef043685af","0","0","0","35"
"doi%3A10.5063%2FAA%2Fobfs.346.1","0","0","0","0"
"doi%3A10.5063%2FAA%2Fobfs.130.1","0","0","0","0"
"seadva-EssawyBakinam70c6e869-5518-4c75-8d09-6a808bb41fb3","0","0","0","35"
"7b4a5eef-2492-4534-978b-2c1819b21dc7","0","0","0","35"
"83b11246-5c50-497f-a4c4-792b2b7673aa","0","0","0","35"
"f1ae20c0-bb37-401b-9c96-93458883391e","0","0","0","35"
"doi%3A10.5063%2FAA%2Fobfs.257.2","0","0","0","0"
"c26fab7d-8189-4a70-a478-6dc0072b9521","0","0","0","35"
"seadva-39c2fd09-185d-43cd-8977-985e5ba1b94c","0","0","0","35"
"04589c72-3109-4f6a-8fae-0e92a5deff6d","0","0","0","35"
"a88cd57b-86df-4b66-a193-949e8d610467","0","0","0","35"
"dd52b294-aa38-46db-a1d2-54056c33fc24","0","0","0","35"
"http%3A%2F%2Fdx.doi.org%2F10.5061%2Fdryad.8309%2F2%3Fver%3D2015-10-29T02%3A24%3A48.074-04%3A00","0","0","0","35"
"98723d32-c5be-48af-9abd-b6653975920a","0","0","0","35"
"333343b8-eeea-43d4-bbc9-2a2602bcfb1f","0","0","0","35"
"3072ceef-c698-44ab-922c-73b356d63544","0","0","0","35"
"7b1ce002-a2e4-471f-8585-07b578f76aa0","0","0","0","35"
"86c9d5f7-60cd-4625-86a1-ad81d897dc34","0","0","0","35"
"doi%3A10.5063%2FAA%2Fobfs.78.1","0","0","0","0"
"doi%3A10.5063%2FAA%2Fobfs.228.1","0","0","0","0"
"64323f17-1e95-4209-a719-0771d54a7c10","0","0","0","35"
"doi%3A10.1575%2F1912%2Fbco-dmo.661343","0","0","0","35"
"29eeb5ef-a095-45d8-8ef5-d3549b3ed8f1","0","0","0","35"
"seadva-ZhouQuane9e0f510-1599-4311-a6ed-ecf803f3481f","0","0","0","35"
"8a079d06-a287-4c89-b791-3ea410910a03","0","0","0","35"
"fe818095-3c2e-46b9-824b-00ac957f1f8b","0","0","0","35"
"a1a906f7-1c39-4861-ba56-a2af1ef9ad1a","0","0","0","35"
"e2efaf75-5524-4aa1-ac2c-65723286dace","0","0","0","35"
"77504207-b4d6-4697-831a-070850a437a2","0","0","0","35"
"c140a150-d54e-4891-b86f-9f4eb428b022","0","0","0","35"
"247f1827-179c-429d-8c3d-0a1f3302dedb","0","0","0","35"
"cf3f289c-8758-453d-8f0a-d63f16b38799","0","0","0","35"
"acc5f585-d5de-41e5-bd4c-10e42221828b","0","0","0","35"
"f9043ec7-6720-4447-b1c2-626eb8260a4f","0","0","0","35"
"33ebd04b-df31-45a0-99cf-02c42349247f","0","0","0","35"
"seadva-AaronBufe-c546656b-6580-4df2-90ad-c7e32d9991b4","0","0","0","35"
"doi%3A10.5063%2FAA%2Fnrs.129.1","0","0","0","0"
"d389cc79-103b-4ef7-8004-752a3b76f9e5","0","0","0","35"
"Grassland_Management_and_Conversion_into_Grassland_%28Effects_on_Soil_Carbon%29.xml","0","0","0","35"
"db063afa-5d24-4761-b9d5-fc38d21af194","0","0","0","35"
"c2b85b45-7b40-45bf-b189-c88e9cf21fd3","0","0","0","35"
"doi%3A10.5063%2FAA%2Fnrs.169.1","0","0","0","0"
"38727773-e2ce-4899-9dae-0592d0929ce1","0","0","0","35"
"doi%3A10.5063%2FAA%2Fobfs.70.3","0","0","0","0"
"e628789b-b9c5-4a5f-80a4-b7131f31c2f5","0","0","0","35"
"seadva-399fafed-fa4e-47f1-ba8e-a1ec5f58abc7","0","0","0","35"
"a34400ed-0c03-4e24-bf74-546ac2698778","0","0","0","35"
"http%3A%2F%2Fdx.doi.org%2F10.5061%2Fdryad.85569%2F3%3Fver%3D2015-02-18T11%3A25%3A56.114-05%3A00","0","0","0","35"
"doi%3A10.1575%2F1912%2Fbco-dmo.661339","0","0","0","35"
"doi%3A10.5063%2FAA%2FArchivalTag.4.1","0","0","0","0"
"866d3a79-c784-4d00-9854-ae63a6c93f57","0","0","0","35"
"489e2896-7a2f-4608-b2cf-ff590768e6ba","0","0","0","35"
"1de5adb0-5e66-4bec-a16d-35eecf63c8b3","0","0","0","35"
"251005cb-8a86-4e6d-a279-3992a0d4dcbd","0","0","0","35"
"9dd9e910-e941-4b7f-a8cf-ab306c4dae5f","0","0","0","35"
"doi%3A10.5063%2FAA%2Fobfs.264.2","0","0","0","0"
"http%3A%2F%2Fdx.doi.org%2F10.5061%2Fdryad.8499%3Fver%3D2011-09-02T15%3A52%3A37.511-04%3A00","0","0","0","35"
"5e82b926-6414-48ef-a347-0b60cba06f81","0","0","0","35"
"bff2894c-b5c9-4af7-83aa-a383fc4f0d48","0","0","0","35"
"b8f5ce25-99bc-4b7d-a397-9b7faea8505e","0","0","0","35"
"4d87dd81-288f-43ce-a40f-be5c84def069","0","0","0","35"
"seadva-J.TaylorPerron-8a19c787-3dc9-47ac-9559-489d5440a75a","0","0","0","35"
"59620c89-454d-48ac-8466-819938249e27","0","0","0","35"
"doi%3A10.5063%2FAA%2Fnrs.76.4","0","0","0","0"
"e23c4ea7-273c-419f-b5fd-8c580033f2a4","0","0","0","35"
"2429aa43-497c-4cc0-867e-c3a2564f71f9","0","0","0","35"
"fe2b3071-5084-4043-970a-585d25806140","0","0","0","35"
"cb2d06d6-4c56-4640-a024-70b5c86f25ce","0","0","0","35"
"seadva-7822eed8-cc11-4dfb-b653-49fb71cc0784","0","0","0","35"
"doi%3A10.5063%2FAA%2FArchivalTag.5.8","0","0","0","0"
"300c82d1-da43-4962-8a1f-d5078a6bbf80","0","0","0","35"
"639997c6-b281-4240-a068-ce5ff6534f59","0","0","0","35"
"62e65a50-bb22-4a8f-87d2-bb9e4df41742","0","0","0","35"
"10386ab3-5a3e-4269-a9ba-7a1f225e6b4c","0","0","0","35"
"doi%3A10.6067%3AXCV83N2259_meta","0","0","0","35"
"64189792-bb0f-4e21-a6ee-0110037790e9","0","0","0","35"
"d98162b2-a5b3-471e-a08d-2c156d6d725d","0","0","0","35"
"8c74fc58-adcd-4cb9-8766-c8a197fcae0b","0","0","0","35"
"c495361b-63ac-4a3b-962a-0b0274a69e56","0","0","0","35"
"doi%3A10.5063%2FAA%2Fobfs.330.1","0","0","0","0"
"seadva-f3cc007f-8c7d-4c01-9fef-d91d3e545eb1","0","0","0","35"
"seadva-LeslieHsu-c1dd086d-3e3a-47cc-af0f-01dd5a2de5f3","0","0","0","35"
"8a85e38e-5bed-4de1-a17f-a2f3da560a31","0","0","0","35"
"37ef6d8b-7315-4b3d-a74b-3824e5e87664","0","0","0","35"
"48e5de32-91ad-4f9c-897c-3251a204f1f5","0","0","0","35"
"doi%3A10.5063%2FAA%2Fobfs.265.1","0","0","0","0"
"cbcd0b9f-e7a3-42da-ac09-1b90cb35646b","0","0","0","35"
"247db041-ba1d-4fcf-9671-db092971b913","0","0","0","35"
"doi%3A10.5063%2FAA%2Fobfs.324.1","0","0","0","0"
"doi%3A10.5063%2FAA%2Fnrs.146.2","0","0","0","0"
"63f411bb-9d40-4d47-9f9a-fd07b51d40cc","0","0","0","35"
"8d0ef9b7-9ffd-4962-8f74-28faddb6983e","0","0","0","35"
"aa649079-fbc6-46f2-8aad-7735ac40ae3d","0","0","0","35"
"1ab3efa7-376d-4fe3-92ed-f0c3e6c0b711","0","0","0","35"
"doi%3A10.6067%3AXCV84X56QJ_meta","0","0","0","35"
"doi%3A10.5063%2FAA%2Fobfs.163.1","0","0","0","0"
"c319e3b9-3063-4360-a51d-b3b623285380","0","0","0","35"
"seadva-eb892d01-ce71-4dd4-af75-366017b5a707","0","0","0","35"
"3cbbb9d1-f79d-4a81-8a9d-13353f331bfc","0","0","0","35"
"7b6e0ccc-4ee5-43b2-a449-5f44ddcb7695","0","0","0","35"
"6801db4c-3a0d-41c8-932d-7153b9cffcfa","0","0","0","35"
"f0e8eacb-6351-4de2-8a13-db2a66820463","0","0","0","35"
"ark%3A%2F13030%2Fm5057g4b%2F3%2Fcadwsap-s3110015-002.xml","0","0","0","35"
"7a9913ca-2c3a-4b09-b811-f69f23c99f8e","0","0","0","35"
"8f53fe50-9e5e-4e0d-921c-51254e78b6fc","0","0","0","35"
"doi%3A10.5063%2FAA%2Fjbrunt.5.1","0","0","0","0"
"6b4263bd-83ed-46da-ad13-4ef267348b07","0","0","0","35"
"b9a806bc-4f6c-43d9-8e22-51b700084fc4","0","0","0","35"
"ef495a12-57f5-426e-998d-365ad9914fd3","0","0","0","35"
"470ce72c-fb6d-482d-807f-42a93357d70d","0","0","0","35"
"ea3a454b-e43c-40d2-9026-62cb9eb437c1","0","0","0","35"
"http%3A%2F%2Fdx.doi.org%2F10.5061%2Fdryad.665%2F2%3Fver%3D2015-10-29T02%3A22%3A13.387-04%3A00","0","0","0","35"
"16151ed6-ba01-4d47-b489-9afe372b609f","0","0","0","35"
"65fbfe48-3a0c-40d3-9841-96a0c9ecd2a4","0","0","0","35"
"0105d8ed-e927-4623-8c1c-5b0f328c0bc4","0","0","0","35"
"9242a6d6-6c25-4370-b851-30ad84d7c212","0","0","0","35"
"doi%3A10.5063%2FAA%2Fobfs.164.1","0","0","0","0"
"30dd4367-84c7-46f4-b4c0-5abb402c5bf5","0","0","0","35"
"59cda9c3-a94b-43f4-a808-8189e2d01a1a","0","0","0","35"
"009cdca7-f240-406f-a5a2-12d6bab92775","0","0","0","35"
"seadva-SadeghJafarinik-fce12593-0dcb-4cd6-a6ee-17290606c94e","0","0","0","35"
"9e94ac4e-f5ae-43a8-9bec-014f293a277a","0","0","0","35"
"431a5405-717b-4387-9b0f-dad6aaf3631e","0","0","0","35"
"b9394076-91b1-40a7-b181-234786578bd7","0","0","0","35"
"1527da90-a77d-439a-9b07-42cd5a6e7362","0","0","0","35"
"3590517d-cea2-4831-abb5-7d70675a5b22","0","0","0","35"
"aebdbd97-042e-464e-91a1-afa26ba08b51","0","0","0","35"
"361ede66-857b-4289-b4dc-8e414abbb1f0.xml","0","0","0","35"
"a7ead575-831b-4f81-82e3-4a9cb2654286","0","0","0","35"
"f5748449-8c46-4e4e-a8a5-b44a9f8f676f","0","0","0","35"
"f9bbb8d9-d877-4d01-b7eb-8c77d4439a58","0","0","0","35"
"doi%3A10.5063%2FAA%2Fobfs.114.3","0","0","0","0"
"d295fe49-9ae0-4613-a6b6-a91286025f6c","0","0","0","35"
"9ddd5a77-79d5-48f8-a7b3-c59800e5ba07","0","0","0","35"
"b40c10c3-e67f-4920-b8e2-6eba95598f89","0","0","0","35"
"903c9e4d-7523-453d-9863-b180ffa6624d","0","0","0","35"
"doi%3A10.5063%2FAA%2Fwetlandsofindia.46.1","0","0","0","0"
"seadva-LeslieHsu-ae3808b1-acd7-434c-98aa-4cfdaa50251a","0","0","0","35"
"68db9e3b-028e-4c84-8077-0c911965820a","0","0","0","35"
"8ad8a345-3eee-4a18-b759-801b8c0ba9ec","0","0","0","35"
"22facf62-0ebc-41e9-a740-797f3613e1c5","0","0","0","35"
"c3023a28-41d4-4c4b-ba8e-0a0788d8fe1e","0","0","0","35"
"doi%3A10.5063%2FAA%2Fjbrunt.8.4","0","0","0","0"
"d12bd0ff-9dac-472f-88bd-3cf661c8d01e","0","0","0","35"
"4ccae99e-1e5e-4b6d-abd4-b61385dd0813","0","0","0","35"
"37f884d1-82a6-4838-96df-41d0355dec19","0","0","0","35"
"8b5d675d-3dfd-4a2a-80c9-1936a7f97802","0","0","0","35"
"292a0ac2-8aa8-4696-9ce4-a89009b9ac32","0","0","0","35"
"doi%3A10.6067%3AXCV8639NVH_meta","0","0","0","35"
"f9607085-e8f8-4e89-a8d3-33bd86c013df","0","0","0","35"
"007f48a8-48c9-40a6-a87a-c147c82f97c3","0","0","0","35"
"c93a1cb9-4e48-4d8f-a0c4-3082a9a2578b","0","0","0","35"
"bd98df0d-0649-4f49-b45f-6f5d9866c12b","0","0","0","35"
"ac5c0d3a-15a6-483e-bf33-90b3a53e3543","0","0","0","35"
"734692e8-5435-42c2-8979-19f771e77d9e","0","0","0","35"
"a7e4a82d-6fc1-4f5d-8b2b-73dcc43ee8ae","0","0","0","35"
"ec1496f7-7aa6-4423-9745-d1399997563a","0","0","0","35"
"doi%3A10.5063%2FAA%2Fjbrunt.8.3","0","0","0","0"
"dfb5e3cc-fe53-405e-9864-486f9ad51e59","0","0","0","35"
"seadva-b6a7ed22-7db7-423e-ad97-1ee4a87d3ef9","0","0","0","35"
"be823e45-ca4f-47c7-937e-c969547753f9","0","0","0","35"
"7a665636-b3df-4bd8-a8dd-db95396f0300","0","0","0","35"
