"5","8","d","b","1","4","0","6","5","6","d","7","9","4","e","8","d","0","0","0","9","0","b","8","9","3","7","b","9","e","6","5","9","4","0","d","d","6","3","7"
"8","d","d","5","e","c","6","8","0","a","c","7","3","d","c","5","c","f","f","d","d","1","a","4","d","9","7","2","6","2","c","7","d","1","c","c","f","1","6","8"
"3","e","9","4","6","b","b","f","8","5","d","2","e","a","f","e","c","3","a","c","e","6","6","e","c","2","3","e","9","3","2","7","4","b","0","f","b","9","8","2"
"3","d","0","c","2","a","2","4","5","a","9","6","5","6","7","2","c","1","6","e","6","2","2","8","b","c","2","d","a","b","e","d","d","4","6","4","5","2","2","0"
"c","6","8","1","6","9","e","6","a","e","f","6","3","3","8","2","2","1","a","1","6","c","7","d","d","b","1","4","6","f","a","d","a","b","9","5","0","1","5","5"
"0","d","b","6","1","7","f","1","8","1","9","5","d","3","6","7","1","e","e","d","9","1","0","1","1","3","e","c","2","7","b","d","5","f","0","5","c","2","8","5"
"7","8","c","0","6","f","6","e","e","d","f","1","9","5","8","b","2","0","0","f","7","f","0","1","a","8","f","f","e","2","f","f","6","c","9","6","f","5","5","e"
"5","0","9","b","8","4","e","3","a","8","5","e","f","9","0","4","1","d","0","e","f","7","f","3","4","2","6","b","a","7","2","0","f","9","4","b","7","5","5","6"
"3","6","7","c","6","4","9","0","5","1","2","b","1","7","1","9","b","a","1","1","c","b","7","0","6","d","0","7","1","0","d","8","a","1","2","5","5","b","4","9"
"f","3","0","5","9","9","a","7","4","8","3","c","8","9","9","3","4","d","1","f","2","6","1","8","c","4","b","3","c","5","8","4","3","8","b","d","e","3","d","9"
"d","o","i",":","1","0",".","6","0","8","5","/","A","A","/","A","L","E","X","X","X","_","0","1","5","M","T","B","D","0","0","3","R","0","0","_","1","9","9","9","0","8","1","3",".","5","0",".","4"
"d","o","i",":","1","0",".","6","0","8","5","/","A","A","/","B","B","Y","X","0","0","_","X","X","X","I","B","T","N","X","M","B","R","2","1","_","2","0","1","0","0","5","1","7",".","5","0",".","1"
"{","0","5","2","F","E","3","F","9","-","4","5","C","F","-","4","9","E","5","-","8","B","7","0","-","0","A","6","3","4","C","1","0","5","C","4","4","}"
"{","3","F","A","8","E","8","5","3","-","A","5","2","8","-","4","1","3","5","-","B","0","2","9","-","2","1","6","3","1","6","9","B","0","C","9","2","}"
"d","o","i",":","1","0",".","5","0","6","3","/","A","A","/","n","c","e","a","s",".","9","5","1",".","2","7"
"d","o","i",":","1","0",".","5","0","6","3","/","A","A","/","n","c","e","a","s",".","3","0","5",".","2"
"d","o","i",":","1","0",".","6","0","8","5","/","A","A","/","C","A","R","X","0","0","_","X","X","X","I","T","B","D","X","L","S","R","0","1","_","2","0","0","3","0","5","2","0",".","5","0",".","1"
"k","n","b",".","7","6","3",".","1"
"d","o","i",":","1","0",".","5","0","6","3","/","A","A","/","n","c","e","a","s",".","1","7","5",".","2"
"d","o","i",":","1","0",".","6","0","7","3","/","A","A","/","k","n","b","-","l","t","e","r","-","c","d","r",".","3","6","1","7","2",".","1","2","2"
"d","o","i",":","1","0",".","6","0","7","3","/","A","A","/","k","n","b","-","l","t","e","r","-","g","c","e",".","1","6","7",".","2","5"
"d","o","i",":","1","0",".","6","0","7","3","/","A","A","/","k","n","b","-","l","t","e","r","-","g","c","e",".","1","5",".","1","4"
"d","o","i",":","1","0",".","6","0","7","3","/","A","A","/","k","n","b","-","l","t","e","r","-","f","c","e",".","1","8",".","3"
"d","o","i",":","1","0",".","6","0","7","3","/","A","A","/","k","n","b","-","l","t","e","r","-","g","c","e",".","1","5","3",".","1","3"
"d","o","i",":","1","0",".","6","0","7","3","/","A","A","/","k","n","b","-","l","t","e","r","-","g","c","e",".","3","3","0",".","1","8"
"d","o","i",":","1","0",".","6","0","7","3","/","A","A","/","k","n","b","-","l","t","e","r","-","v","c","r",".","1","8","7",".","5"
"d","o","i",":","1","0",".","6","0","7","3","/","A","A","/","k","n","b","-","l","t","e","r","-","b","e","s",".","1","9","4",".","1","6"
"d","o","i",":","1","0",".","6","0","7","3","/","A","A","/","k","n","b","-","l","t","e","r","-","m","c","m",".","7","0","1","0",".","2"
"d","o","i",":","1","0",".","6","0","7","3","/","A","A","/","k","n","b","-","l","t","e","r","-","b","e","s",".","4","3","9",".","3","9"
"9","0","1","f","a","2","1","8","-","e","7","0","1","-","4","7","7","e","-","9","3","7","c","-","6","7","1","7","0","8","2","9","f","8","6","3"
"0","9","f","b","5","7","d","2","-","5","e","9","8","-","4","f","d","b","-","a","c","b","c","-","2","a","a","3","c","0","2","2","1","a","f","b"
"1","1","f","2","9","0","7","f","-","f","0","3","5","-","4","d","4","8","-","9","5","1","8","-","b","4","6","2","0","b","3","3","e","2","4","d"
"c","3","1","9","e","3","b","9","-","3","0","6","3","-","4","3","6","0","-","a","5","1","d","-","b","3","b","6","2","3","2","8","5","3","8","0"
"c","e","d","b","b","1","4","d","-","8","2","0","9","-","4","f","b","6","-","a","7","4","f","-","4","f","9","c","0","7","7","6","7","5","f","d"
"2","b","c","d","a","6","4","d","-","7","b","f","0","-","4","7","3","4","-","8","a","1","9","-","a","a","7","1","3","0","7","7","2","8","2","f"
"f","5","4","5","c","7","8","a","-","9","e","d","b","-","4","9","0","4","-","8","f","6","6","-","8","4","e","b","7","b","5","9","8","1","b","3"
"b","1","1","a","3","8","4","b","-","4","e","a","c","-","4","e","f","1","-","b","5","e","7","-","a","e","d","2","9","8","2","7","1","7","8","9"
"1","a","b","4","c","5","6","e","-","c","1","e","0","-","4","f","3","4","-","9","0","7","8","-","e","2","4","8","5","8","3","0","8","7","3","d"
"a","3","c","f","8","6","2","4","-","f","5","1","f","-","4","1","1","3","-","9","9","1","9","-","6","6","d","0","d","d","a","c","c","1","7","b"
"{","C","E","A","1","9","5","4","B","-","C","7","D","F","-","4","4","0","E","-","B","2","0","A","-","C","C","1","2","6","3","4","B","8","9","C","B","}"
"{","A","F","A","4","8","8","5","3","-","9","3","3","C","-","4","4","6","2","-","8","9","B","B","-","7","7","2","0","8","D","0","5","5","5","8","C","}"
"{","A","B","C","3","0","A","3","9","-","C","3","7","0","-","4","6","9","1","-","B","7","C","0","-","D","1","3","7","D","0","9","2","6","6","2","7","}"
"{","B","C","B","D","B","4","D","8","-","1","F","B","C","-","4","7","3","5","-","8","D","4","D","-","3","D","D","0","5","D","7","4","C","1","6","0","}"
"{","B","5","6","A","7","B","D","4","-","B","2","3","0","-","4","A","6","3","-","9","D","3","1","-","B","8","7","8","1","B","7","2","E","0","7","F","}"
"{","A","8","7","6","2","B","6","E","-","4","8","9","D","-","4","D","1","9","-","A","E","5","3","-","1","A","0","1","4","8","8","1","8","5","6","1","}"
"{","6","C","1","5","5","B","0","2","-","0","1","E","B","-","4","D","F","C","-","9","4","3","B","-","2","6","8","2","5","4","A","4","5","1","7","C","}"
"{","7","9","8","0","9","2","6","6","-","8","0","9","B","-","4","E","3","7","-","8","C","9","3","-","9","7","E","1","9","8","E","F","8","1","6","3","}"
"{","4","9","1","F","E","9","3","D","-","7","F","7","6","-","4","A","6","2","-","9","9","A","0","-","E","F","3","1","5","A","0","F","C","D","5","5","}"
"{","5","A","A","1","D","6","6","E","-","2","C","E","4","-","4","A","8","B","-","B","9","5","0","-","3","5","A","3","0","A","F","0","1","0","4","4","}"
"d","o","i",":","1","0",".","6","0","8","5","/","A","A","/","C","E","0","4","2","X","_","0","4","2","M","T","B","D","0","0","0","R","0","0","_","2","0","0","4","0","7","1","2",".","5","0",".","1"
"d","o","i",":","1","0",".","6","0","8","5","/","A","A","/","A","L","E","X","X","X","_","0","1","5","A","D","C","P","0","1","5","R","0","0","_","2","0","0","2","0","4","2","3",".","5","0",".","3"
"R","1","-","x","1","3","2","-","1","3","4","-","0","0","6","9","-","0","0","3"
"R","2","-","x","2","1","6","-","0","0","0","-","0","0","0","3","-","0","0","6"
"R","2","-","x","2","2","9","-","0","0","0","-","0","0","0","1","-","0","0","6"
"R","2","-","x","2","1","7","-","0","0","0","-","0","0","0","6","-","0","0","3"
"R","2","-","x","2","2","2","-","0","0","0","-","0","0","0","4","-","0","0","3"
"R","2","-","x","2","2","1","-","0","0","0","-","0","0","0","3"
"R","1","-","x","1","3","8","-","0","7","8","-","0","0","1","6","-","0","0","3"
"Y","1","-","x","0","5","0","-","0","0","0","-","0","0","0","1","-","0","0","5"
"Y","1","-","x","2","4","4","-","0","0","0","-","0","0","0","1","-","0","0","1"
"Y","1","-","x","0","2","2","-","0","0","0","-","0","0","0","3","-","0","0","2"
"a","e","k","o","s",".","o","r","g",".","a","u","/","c","o","l","l","e","c","t","i","o","n","/","n","s","w",".","g","o","v",".","a","u","/","n","s","w","_","a","t","l","a","s","/","v","i","s","_","f","l","o","r","a","_","m","o","d","u","l","e","/","U","M","C","3",".","2","0","1","7","0","3","2","0"
"w","w","w",".","l","t","e","r","n",".","o","r","g",".","a","u","/","k","n","b","/","m","e","t","a","c","a","t","/","d","a","t","a","l","i","b","r","a","r","i","a","n",".","6","1",".","4","0","/","h","t","m","l"
"a","e","k","o","s",".","o","r","g",".","a","u","/","c","o","l","l","e","c","t","i","o","n","/","n","s","w",".","g","o","v",".","a","u","/","n","s","w","_","a","t","l","a","s","/","v","i","s","_","f","l","o","r","a","_","m","o","d","u","l","e","/","B","A","G","O","_","W","A","U",".","2","0","1","6","0","6","2","9"
"a","e","k","o","s",".","o","r","g",".","a","u","/","c","o","l","l","e","c","t","i","o","n","/","n","s","w",".","g","o","v",".","a","u","/","n","s","w","_","a","t","l","a","s","/","v","i","s","_","f","l","o","r","a","_","m","o","d","u","l","e","/","F","I","E","L","D","A","L","L",".","2","0","1","7","0","3","2","0"
"a","e","k","o","s",".","o","r","g",".","a","u","/","c","o","l","l","e","c","t","i","o","n","/","n","s","w",".","g","o","v",".","a","u","/","n","s","w","_","a","t","l","a","s","/","v","i","s","_","f","l","o","r","a","_","m","o","d","u","l","e","/","T","U","R","O","N",".","2","0","1","6","0","8","0","4"
"a","e","k","o","s",".","o","r","g",".","a","u","/","c","o","l","l","e","c","t","i","o","n","/","n","s","w",".","g","o","v",".","a","u","/","n","s","w","_","a","t","l","a","s","/","v","i","s","_","f","l","o","r","a","_","m","o","d","u","l","e","/","J","T","H","_","W","O","R",".","2","0","1","6","1","1","2","4"
"a","e","k","o","s",".","o","r","g",".","a","u","/","c","o","l","l","e","c","t","i","o","n","/","n","s","w",".","g","o","v",".","a","u","/","n","s","w","_","a","t","l","a","s","/","v","i","s","_","f","l","o","r","a","_","m","o","d","u","l","e","/","J","T","H","_","I","R",".","2","0","1","6","0","6","2","9"
"a","e","k","o","s",".","o","r","g",".","a","u","/","c","o","l","l","e","c","t","i","o","n","/","n","s","w",".","g","o","v",".","a","u","/","n","s","w","_","a","t","l","a","s","/","v","i","s","_","f","l","o","r","a","_","m","o","d","u","l","e","/","K","U","R","I","N","G","_","6",".","2","0","1","6","0","6","2","9"
"a","e","k","o","s",".","o","r","g",".","a","u","/","c","o","l","l","e","c","t","i","o","n","/","n","s","w",".","g","o","v",".","a","u","/","n","s","w","_","a","t","l","a","s","/","v","i","s","_","f","l","o","r","a","_","m","o","d","u","l","e","/","K","A","H","I","B","A","H",".","2","0","1","6","1","1","2","4"
"a","e","k","o","s",".","o","r","g",".","a","u","/","c","o","l","l","e","c","t","i","o","n","/","n","s","w",".","g","o","v",".","a","u","/","n","s","w","_","a","t","l","a","s","/","v","i","s","_","f","l","o","r","a","_","m","o","d","u","l","e","/","V","_","Y","O","W","A","K","D","P","3",".","2","0","1","6","0","8","0","4"
"d","o","i",":","1","0",".","6","0","8","5","/","A","A","/","H","M","S","0","0","1","_","0","2","0","M","X","T","I","0","0","4","R","0","0","_","2","0","0","3","0","2","0","9",".","5","0",".","2"
"d","o","i",":","1","0",".","6","0","8","5","/","A","A","/","B","B","Y","X","0","0","_","X","X","X","I","T","B","D","X","L","S","R","0","1","_","2","0","0","6","0","2","2","7",".","5","0",".","1"
"d","o","i",":","1","0",".","6","0","8","5","/","A","A","/","B","B","Y","X","0","0","_","X","X","X","I","T","B","D","X","L","S","R","0","1","_","2","0","0","3","1","1","2","5",".","5","0",".","2"
"d","o","i",":","1","0",".","6","0","8","5","/","A","A","/","A","N","S","X","X","X","_","0","1","5","M","T","B","D","0","0","3","R","0","0","_","2","0","0","4","0","5","1","4",".","5","0",".","1"
"d","o","i",":","1","0",".","6","0","8","5","/","A","A","/","A","N","S","X","X","X","_","0","1","5","M","T","B","D","0","0","3","R","0","0","_","2","0","0","4","0","5","1","4",".","5","0",".","3"
"d","o","i",":","1","0",".","5","0","6","3","/","A","A","/","n","c","e","a","s",".","9","3","6",".","3"
"d","o","i",":","1","0",".","5","0","6","3","/","A","A","/","n","r","s",".","6",".","2"
"d","o","i",":","1","0",".","5","0","6","3","/","A","A","/","o","b","f","s",".","1","5","2",".","2"
"d","o","i",":","1","0",".","5","0","6","3","/","A","A","/","o","b","f","s",".","3","3","0",".","1"
"d","o","i",":","1","0",".","5","0","6","3","/","A","A","/","o","b","f","s",".","5","3",".","2"
"d","o","i",":","1","0",".","5","0","6","3","/","A","A","/","j","b","r","u","n","t",".","5",".","1","6"
"d","o","i",":","1","0",".","5","0","6","3","/","A","A","/","j","b","r","u","n","t",".","5",".","4"
"d","o","i",":","1","0",".","5","0","6","3","/","A","A","/","d","p","e","n","n","i","n","g","t","o","n",".","4","3",".","1"
"d","o","i",":","1","0",".","5","0","6","3","/","A","A","/","n","c","e","a","s",".","3","1","7",".","4"
"d","o","i",":","1","0",".","5","0","6","3","/","A","A","/","n","c","e","a","s",".","8","8","4",".","2"
"m","e","n","g","e","r",".","2","7","5",".","2"
"n","a","m","a","n",".","5","4","1",".","4"
"a","e","k","o","s",".","o","r","g",".","a","u","/","c","o","l","l","e","c","t","i","o","n","/","n","s","w",".","g","o","v",".","a","u","/","n","s","w","_","a","t","l","a","s","/","v","i","s","_","f","l","o","r","a","_","m","o","d","u","l","e","/","K","W","I","A","M","B","A","L",".","2","0","1","6","0","8","0","4"
"w","w","w",".","l","t","e","r","n",".","o","r","g",".","a","u","/","k","n","b","/","m","e","t","a","c","a","t","/","l","t","e","r","n","2",".","4","6","7",".","6","/","h","t","m","l"
"f","r","o","g",".","6",".","2"
"i","e","s","n",".","6",".","2"
"i","e","s","n",".","2","3",".","1"
"h","y","l","i","n",".","3",".","2","0"
"t","t","c","h","a","n","g",".","3","2",".","1"
"i","e","s","n",".","1","1",".","5"
"d","f","3","5","l",".","1","3",".","9"
"d","f","3","5","f",".","2","2",".","1","2"
"w","w","w",".","l","t","e","r","n",".","o","r","g",".","a","u","/","k","n","b","/","m","e","t","a","c","a","t","/","l","t","e","r","n","2",".","4","4","3",".","9","/","h","t","m","l"
"w","w","w",".","s","u","p","e","r","s","i","t","e","s",".","n","e","t",".","a","u","/","k","n","b","/","m","e","t","a","c","a","t","/","l","l","o","y","d",".","1","4","2",".","3","5","/","h","t","m","l"
"a","e","k","o","s",".","o","r","g",".","a","u","/","c","o","l","l","e","c","t","i","o","n","/","n","s","w",".","g","o","v",".","a","u","/","n","s","w","_","a","t","l","a","s","/","v","i","s","_","f","l","o","r","a","_","m","o","d","u","l","e","/","J","T","H","_","D","D",".","2","0","1","6","1","1","2","4"
"a","e","k","o","s",".","o","r","g",".","a","u","/","c","o","l","l","e","c","t","i","o","n","/","n","s","w",".","g","o","v",".","a","u","/","n","s","w","_","a","t","l","a","s","/","v","i","s","_","f","l","o","r","a","_","m","o","d","u","l","e","/","U","M","C","2",".","2","0","1","6","1","1","2","4"
"e","s","a",".","5","7",".","3"
"e","s","a",".","8","9",".","3"
"e","s","a",".","6","8",".","3"
"e","s","a",".","9","7",".","2"
"e","s","a",".","9","2",".","2"
"e","s","a",".","5","5",".","3"
"e","s","a",".","1","0","5",".","2"
"e","s","a",".","4","5",".","3"
"e","s","a",".","9","9",".","2"
"e","s","a",".","8",".","7"
"s","e","a","d","v","a","-","E","s","s","a","w","y","B","a","k","i","n","a","m","c","8","e","5","3","3","6","6","-","8","7","4","5","-","4","0","0","9","-","b","b","3","8","-","7","8","6","e","e","4","9","c","d","6","f","e"
"s","e","a","d","v","a","-","0","f","3","e","9","3","6","c","-","1","1","2","9","-","4","4","b","d","-","a","4","1","7","-","c","7","0","0","f","e","0","c","d","1","a","2"
"s","e","a","d","v","a","-","0","6","5","a","6","9","2","1","-","e","a","c","4","-","4","e","4","2","-","a","e","9","2","-","b","d","9","6","b","7","0","5","5","1","2","1"
"s","e","a","d","v","a","-","L","e","s","l","i","e","H","s","u","-","1","e","8","7","b","6","2","a","-","e","1","c","3","-","4","c","e","f","-","8","d","e","1","-","0","9","c","c","f","d","5","d","8","c","1","5"
"s","e","a","d","v","a","-","0","6","6","a","5","d","9","8","-","e","9","3","7","-","4","4","5","8","-","a","d","c","7","-","3","1","5","9","c","c","8","2","7","8","6","d"
"s","e","a","d","v","a","-","b","6","a","7","e","d","2","2","-","7","d","b","7","-","4","2","3","e","-","a","d","9","7","-","1","e","e","4","a","8","7","d","3","e","f","9"
"s","e","a","d","v","a","-","5","9","9","8","2","2","4","e","-","3","f","2","4","-","4","0","8","0","-","9","7","7","4","-","8","5","d","e","9","e","2","9","e","6","b","2"
"s","e","a","d","v","a","-","6","8","3","1","0","2","3","5","-","6","a","f","a","-","4","c","d","8","-","b","6","a","d","-","d","7","9","6","0","0","6","0","6","3","d","f"
"s","e","a","d","v","a","-","2","0","e","f","8","e","4","e","-","1","2","f","d","-","4","2","4","4","-","b","e","1","9","-","7","a","7","9","c","8","2","7","e","8","5","f"
"s","e","a","d","v","a","-","b","8","4","a","3","c","8","a","-","0","7","3","2","-","4","8","9","1","-","b","9","5","0","-","3","c","4","8","d","1","9","c","0","7","8","b"
"a","e","k","o","s",".","o","r","g",".","a","u","/","c","o","l","l","e","c","t","i","o","n","/","n","s","w",".","g","o","v",".","a","u","/","n","s","w","_","a","t","l","a","s","/","v","i","s","_","f","l","o","r","a","_","m","o","d","u","l","e","/","R","T","A","2","0","0","5",".","2","0","1","6","0","8","0","4"
"a","e","k","o","s",".","o","r","g",".","a","u","/","c","o","l","l","e","c","t","i","o","n","/","n","s","w",".","g","o","v",".","a","u","/","n","s","w","_","a","t","l","a","s","/","v","i","s","_","f","l","o","r","a","_","m","o","d","u","l","e","/","M","G","S","C","A",".","2","0","1","7","0","3","2","0"
"d","o","i",":","1","0",".","5","0","6","3","/","A","A","/","o","b","f","s",".","1","1","1",".","1"
"d","o","i",":","1","0",".","5","0","6","3","/","A","A","/","n","r","s",".","9",".","2"
"d","o","i",":","1","0",".","5","0","6","3","/","A","A","/","n","r","s",".","6","3",".","1"
"d","o","i",":","1","0",".","5","0","6","3","/","A","A","/","n","c","e","a","s",".","9","7","4",".","2"
"d","o","i",":","1","0",".","5","0","6","3","/","A","A","/","o","b","f","s",".","2","6","5",".","1"
"d","o","i",":","1","0",".","5","0","6","3","/","A","A","/","j","b","r","u","n","t",".","8",".","3"
"d","o","i",":","1","0",".","5","0","6","3","/","A","A","/","n","r","s",".","7","9","5",".","1"
"d","o","i",":","1","0",".","5","0","6","3","/","A","A","/","o","b","f","s",".","1","6","4",".","3"
"d","o","i",":","1","0",".","5","0","6","3","/","A","A","/","j","b","r","u","n","t",".","8",".","4"
"d","o","i",":","1","0",".","6","0","6","7",":","X","C","V","8","T","1","5","1","V","1","_","m","e","t","a"
"d","o","i",":","1","0",".","6","0","6","7",":","X","C","V","8","X","W","4","H","Q","R","_","m","e","t","a"
"d","o","i",":","1","0",".","6","0","6","7",":","X","C","V","8","Q","8","1","B","1","X","_","m","e","t","a"
"d","o","i",":","1","0",".","6","0","6","7",":","X","C","V","8","6","W","9","8","D","0","_","m","e","t","a"
"d","o","i",":","1","0",".","6","0","6","7",":","X","C","V","8","T","D","9","V","G","8","_","m","e","t","a"
"d","o","i",":","1","0",".","6","0","6","7",":","X","C","V","8","J","3","8","Q","G","4","_","m","e","t","a"
"d","o","i",":","1","0",".","6","0","6","7",":","X","C","V","8","F","X","7","8","0","Z","_","m","e","t","a"
"d","o","i",":","1","0",".","6","0","6","7",":","X","C","V","8","4","X","5","6","Q","J","_","m","e","t","a"
"d","o","i",":","1","0",".","6","0","6","7",":","X","C","V","8","5","Q","4","T","8","Z","_","m","e","t","a"
"d","o","i",":","1","0",".","6","0","6","7",":","X","C","V","8","7","0","8","0","0","3","_","m","e","t","a"
"a","e","k","o","s",".","o","r","g",".","a","u","/","c","o","l","l","e","c","t","i","o","n","/","s","a",".","g","o","v",".","a","u","/","b","d","b","s","a","_","v","e","g","/","s","u","r","v","e","y","_","8","6",".","2","0","1","7","0","3","2","8"
"a","e","k","o","s",".","o","r","g",".","a","u","/","c","o","l","l","e","c","t","i","o","n","/","s","a",".","g","o","v",".","a","u","/","b","d","b","s","a","_","v","e","g","/","s","u","r","v","e","y","_","1","0",".","2","0","1","7","0","3","2","8"
"a","e","k","o","s",".","o","r","g",".","a","u","/","c","o","l","l","e","c","t","i","o","n","/","s","a",".","g","o","v",".","a","u","/","b","d","b","s","a","_","v","e","g","/","s","u","r","v","e","y","_","5","4",".","2","0","1","6","0","8","0","1"
"a","e","k","o","s",".","o","r","g",".","a","u","/","c","o","l","l","e","c","t","i","o","n","/","n","s","w",".","g","o","v",".","a","u","/","n","s","w","_","a","t","l","a","s","/","v","i","s","_","f","l","o","r","a","_","m","o","d","u","l","e","/","J","T","H","_","B","M","W",".","2","0","1","7","0","3","2","0"
"g","l","e","o","n",".","2",".","3"
"c","g","r","i","e","s",".","2","7",".","2"
"d","o","i",":","1","0",".","5","0","6","3","/","A","A","/","o","b","f","s",".","1","6","4",".","3"
"d","o","i",":","1","0",".","5","0","6","3","/","A","A","/","j","w","a","l","s","h",".","3","0",".","1"
"d","o","i",":","1","0",".","5","0","6","3","/","A","A","/","k","n","b",".","2","5","3",".","1"
"d","o","i",":","1","0",".","5","0","6","3","/","A","A","/","n","r","s",".","3","2",".","1"
"d","o","i",":","1","0",".","5","0","6","3","/","A","A","/","n","r","s",".","1","6","8",".","1"
"d","o","i",":","1","0",".","5","0","6","3","/","A","A","/","o","b","f","s",".","2","2","2",".","1"
"d","o","i",":","1","0",".","5","0","6","3","/","A","A","/","n","c","e","a","s",".","9","8","5",".","1"
"d","o","i",":","1","0",".","5","0","6","3","/","A","A","/","m","o","b",".","2","4",".","6"
"e","s","a",".","1",".","1"
"d","o","i",":","1","0",".","5","0","6","3","/","A","A","/","k","n","b",".","2","4","9",".","1"
"h","t","t","p","s",":","/","/","p","a","s","t","a",".","l","t","e","r","n","e","t",".","e","d","u","/","p","a","c","k","a","g","e","/","m","e","t","a","d","a","t","a","/","e","m","l","/","e","d","i","/","8","/","2"
"h","t","t","p","s",":","/","/","p","a","s","t","a",".","l","t","e","r","n","e","t",".","e","d","u","/","p","a","c","k","a","g","e","/","m","e","t","a","d","a","t","a","/","e","m","l","/","e","d","i","/","8","/","3"
"h","t","t","p","s",":","/","/","p","a","s","t","a",".","l","t","e","r","n","e","t",".","e","d","u","/","p","a","c","k","a","g","e","/","m","e","t","a","d","a","t","a","/","e","m","l","/","e","d","i","/","8","/","1"
"h","t","t","p","s",":","/","/","p","a","s","t","a",".","l","t","e","r","n","e","t",".","e","d","u","/","p","a","c","k","a","g","e","/","m","e","t","a","d","a","t","a","/","e","m","l","/","e","d","i","/","8","/","4"
"k","n","b","-","l","t","e","r","-","s","b","c",".","1","0","0","1",".","7"
"k","n","b","-","l","t","e","r","-","s","b","c",".","1","8",".","1","8"
"a","c","e","a","s","d","a","t","a",".","3",".","2"
"u","s","g","s","_","d","_","G","a","p","A","n","a","l","y","s","i","s","S","p","e","c","i","e","s","R","a","n","g","e","s",".","x","m","l"
"r","y","a","n","_","w","a","l","k","e","r",".","4",".","1"
"p","e","g","g","y","m",".","1","1","0","8",".","1","0","0"
"i","o","e",".","1","0",".","1"
"i","o","e",".","9",".","1"
"i","o","e",".","5",".","1"
"N","o","r","t","h","_","A","m","e","r","i","c","a","n","_","D","r","o","u","g","h","t","_","A","t","l","a","s","_","A","_","H","i","s","t","o","r","y","_","o","f","_","M","e","t","e","o","r","o","l","o","g","i","c","a","l","_","D","r","o","u","g","h","t","_","R","e","c","o","n","s","t","r","u","c","t","e","d","_","f","r","o","m","_","8","3","5","_","T","r","e","e","-","R","i","n","g","_","C","h","r","o","n","o","l","o","g","i","e","s","_","f","o","r","_","t","h","e","_","P","a","s","t","_","2",",","0","0","5","_","Y","e","a","r","s",".","x","m","l"
"N","o","r","t","h","_","A","m","e","r","i","c","a","n","_","E","n","v","i","r","o","n","m","e","n","t","a","l","_","A","t","l","a","s",".","x","m","l"
"A","r","e","a","_","a","n","d","_","C","a","r","b","o","n","_","C","o","n","t","e","n","t","_","o","f","_","S","p","h","a","g","n","u","m","_","P","e","a","t","l","a","n","d","s","_","i","n","_","N","o","r","t","h","_","A","m","e","r","i","c","a","_","a","n","d","_","E","u","r","a","s","i","a","_","S","i","n","c","e","_","t","h","e","_","L","a","s","t","_","G","l","a","c","i","a","l","_","M","a","x","i","m","u","m",".","x","m","l"
"G","l","o","b","a","l",",","_","R","e","g","i","o","n","a","l",",","_","a","n","d","_","N","a","t","i","o","n","a","l","_","C","O","2","_","E","m","i","s","s","i","o","n","_","E","s","t","i","m","a","t","e","s","_","f","r","o","m","_","F","o","s","s","i","l","_","F","u","e","l","_","B","u","r","n","i","n","g",",","_","C","e","m","e","n","t","_","P","r","o","d","u","c","t","i","o","n",",","_","a","n","d","_","G","a","s","_","F","l","a","r","i","n","g",".","x","m","l"
"G","l","o","b","a","l","_","E","n","v","i","r","o","n","m","e","n","t","a","l","_","M","o","n","i","t","o","r","i","n","g","_","S","y","s","t","e","m","_","(","G","E","M","S",")","_","G","l","o","b","a","l","_","W","a","t","e","r","_","Q","u","a","l","i","t","y","_","M","o","n","i","t","o","r","i","n","g","_","N","e","t","w","o","r","k","_","D","a","t","a","_","a","n","d","_","S","t","a","t","i","s","t","i","c","s","_","(","G","E","M","S","t","a","t",")",".","x","m","l"
"G","r","a","s","s","l","a","n","d","_","M","a","n","a","g","e","m","e","n","t","_","a","n","d","_","C","o","n","v","e","r","s","i","o","n","_","i","n","t","o","_","G","r","a","s","s","l","a","n","d","_","(","E","f","f","e","c","t","s","_","o","n","_","S","o","i","l","_","C","a","r","b","o","n",")",".","x","m","l"
"K","o","r","e","a","_","F","l","u","x","_","N","e","t","w","o","r","k","_","(","K","o","F","l","u","x",")",".","x","m","l"
"N","a","t","i","o","n","a","l","_","W","a","t","e","r","_","I","n","f","o","r","m","a","t","i","o","n","_","S","y","s","t","e","m","_","(","N","W","I","S","W","e","b",")",".","x","m","l"
"W","a","l","k","e","r","_","B","r","a","n","c","h","_","W","a","t","e","r","s","h","e","d","_","V","e","g","e","t","a","t","i","o","n","_","I","n","v","e","n","t","o","r","y",",","_","1","9","6","7","-","2","0","0","6",".","x","m","l"
