urn:node:R2R,58db140656d794e8d00090b8937b9e65940dd637
urn:node:R2R,8dd5ec680ac73dc5cffdd1a4d97262c7d1ccf168
urn:node:R2R,3e946bbf85d2eafec3ace66ec23e93274b0fb982
urn:node:R2R,3d0c2a245a965672c16e6228bc2dabedd4645220
urn:node:R2R,c68169e6aef6338221a16c7ddb146fadab950155
urn:node:R2R,0db617f18195d3671eed910113ec27bd5f05c285
urn:node:R2R,78c06f6eedf1958b200f7f01a8ffe2ff6c96f55e
urn:node:R2R,509b84e3a85ef9041d0ef7f3426ba720f94b7556
urn:node:R2R,367c6490512b1719ba11cb706d0710d8a1255b49
urn:node:R2R,f30599a7483c89934d1f2618c4b3c58438bde3d9
urn:node:CNUCSB1,doi:10.6085/AA/TPT001_018MXTI011R00_20041014.50.1
urn:node:CNUCSB1,doi:10.6085/AA/ALEXXX_015MTBD003R00_19990813.50.4
urn:node:CNUCSB1,doi:10.6085/AA/YBHX00_XXXITBDXMMR01_20030827.50.3
urn:node:CNUCSB1,doi:10.6085/AA/WILXXX_015MTBD014R00_20000427.50.1
urn:node:CNUCSB1,doi:10.6085/AA/WILXXX_015MTBD014R00_20010322.50.4
urn:node:CNUCSB1,doi:10.6085/AA/BBYX00_XXXIBTNXMBR21_20100517.50.1
urn:node:CNUCSB1,https://pasta.lternet.edu/package/metadata/eml/ecotrends/11879/2
urn:node:CNUCSB1,{052FE3F9-45CF-49E5-8B70-0A634C105C44}
urn:node:CNUCSB1,ark:/90135/q1gb221v/1/mrt-eml.xml
urn:node:CNUCSB1,{3FA8E853-A528-4135-B029-2163169B0C92}
urn:node:KNB,doi:10.6085/AA/SSM001_022MTBD000R00_20060220.50.5
urn:node:KNB,doi:10.5063/AA/nceas.951.27
urn:node:KNB,doi:10.5063/AA/tao.1.1
urn:node:KNB,doi:10.5063/AA/nceas.305.2
urn:node:KNB,doi:10.5063/AA/bowdish.143.5
urn:node:KNB,doi:10.5063/AA/datastar.50.3
urn:node:KNB,doi:10.5063/AA/nceas.940.1
urn:node:KNB,doi:10.6085/AA/CARX00_XXXITBDXLSR01_20030520.50.1
urn:node:KNB,knb.763.1
urn:node:KNB,doi:10.5063/AA/nceas.175.2
urn:node:LTER,doi:10.6073/AA/knb-lter-cdr.36172.122
urn:node:LTER,doi:10.6073/AA/knb-lter-gce.167.25
urn:node:LTER,doi:10.6073/AA/knb-lter-gce.15.14
urn:node:LTER,doi:10.6073/AA/knb-lter-fce.18.3
urn:node:LTER,doi:10.6073/AA/knb-lter-gce.153.13
urn:node:LTER,doi:10.6073/AA/knb-lter-gce.330.18
urn:node:LTER,doi:10.6073/AA/knb-lter-vcr.187.5
urn:node:LTER,doi:10.6073/AA/knb-lter-bes.194.16
urn:node:LTER,doi:10.6073/AA/knb-lter-mcm.7010.2
urn:node:LTER,doi:10.6073/AA/knb-lter-bes.439.39
urn:node:USGS_SDC,901fa218-e701-477e-937c-67170829f863
urn:node:USGS_SDC,09fb57d2-5e98-4fdb-acbc-2aa3c0221afb
urn:node:USGS_SDC,11f2907f-f035-4d48-9518-b4620b33e24d
urn:node:USGS_SDC,c319e3b9-3063-4360-a51d-b3b623285380
urn:node:USGS_SDC,cedbb14d-8209-4fb6-a74f-4f9c077675fd
urn:node:USGS_SDC,2bcda64d-7bf0-4734-8a19-aa713077282f
urn:node:USGS_SDC,f545c78a-9edb-4904-8f66-84eb7b5981b3
urn:node:USGS_SDC,b11a384b-4eac-4ef1-b5e7-aed298271789
urn:node:USGS_SDC,1ab4c56e-c1e0-4f34-9078-e2485830873d
urn:node:USGS_SDC,a3cf8624-f51f-4113-9919-66d0ddacc17b
urn:node:NCEI,{CEA1954B-C7DF-440E-B20A-CC12634B89CB}
urn:node:NCEI,{AFA48853-933C-4462-89BB-77208D05558C}
urn:node:NCEI,{ABC30A39-C370-4691-B7C0-D137D0926627}
urn:node:NCEI,{BCBDB4D8-1FBC-4735-8D4D-3DD05D74C160}
urn:node:NCEI,{B56A7BD4-B230-4A63-9D31-B8781B72E07F}
urn:node:NCEI,{A8762B6E-489D-4D19-AE53-1A0148818561}
urn:node:NCEI,{6C155B02-01EB-4DFC-943B-268254A4517C}
urn:node:NCEI,{79809266-809B-4E37-8C93-97E198EF8163}
urn:node:NCEI,{491FE93D-7F76-4A62-99A0-EF315A0FCD55}
urn:node:NCEI,{5AA1D66E-2CE4-4A8B-B950-35A30AF01044}
urn:node:PISCO,doi:10.6085/AA/SRKX00_XXXITV2XLSR01_20100808.50.1
urn:node:PISCO,doi:10.6085/AA/WRK001_024MXTI023R00_20030816.50.4
urn:node:PISCO,doi:10.6085/AA/SSM001_022MTBD000R00_20030213.50.4
urn:node:PISCO,doi:10.6085/AA/CE042X_042MTBD000R00_20040712.50.1
urn:node:PISCO,doi:10.6085/AA/SHLX00_XXXITBPXLSR02_20130723.50.2
urn:node:PISCO,doi:10.6085/AA/LB30XX_030MTV2001R00_20120614.50.2
urn:node:PISCO,doi:10.6085/AA/ALEXXX_015ADCP015R00_20020423.50.3
urn:node:PISCO,doi:10.6085/AA/LAC001_023MTBD004R00_20080629.50.3
urn:node:PISCO,doi:10.6085/AA/MB042X_042MTBD032R00_20050627.50.5
urn:node:PISCO,doi:10.6085/AA/PELXXX_015ADCP015R00_20020709.50.5
urn:node:GRIIDC,R1-x132-134-0069-003
urn:node:GRIIDC,R2-x216-000-0003-006
urn:node:GRIIDC,R2-x229-000-0001-006
urn:node:GRIIDC,R2-x217-000-0006-003
urn:node:GRIIDC,R2-x222-000-0004-003
urn:node:GRIIDC,R2-x221-000-0003
urn:node:GRIIDC,R1-x138-078-0016-003
urn:node:GRIIDC,Y1-x050-000-0001-005
urn:node:GRIIDC,Y1-x244-000-0001-001
urn:node:GRIIDC,Y1-x022-000-0003-002
urn:node:TERN,aekos.org.au/collection/nsw.gov.au/nsw_atlas/vis_flora_module/UMC3.20170320
urn:node:TERN,www.ltern.org.au/knb/metacat/datalibrarian.61.40/html
urn:node:TERN,aekos.org.au/collection/nsw.gov.au/nsw_atlas/vis_flora_module/BAGO_WAU.20160629
urn:node:TERN,aekos.org.au/collection/nsw.gov.au/nsw_atlas/vis_flora_module/FIELDALL.20170320
urn:node:TERN,aekos.org.au/collection/nsw.gov.au/nsw_atlas/vis_flora_module/TURON.20160804
urn:node:TERN,aekos.org.au/collection/nsw.gov.au/nsw_atlas/vis_flora_module/JTH_WOR.20161124
urn:node:TERN,aekos.org.au/collection/nsw.gov.au/nsw_atlas/vis_flora_module/JTH_IR.20160629
urn:node:TERN,aekos.org.au/collection/nsw.gov.au/nsw_atlas/vis_flora_module/KURING_6.20160629
urn:node:TERN,aekos.org.au/collection/nsw.gov.au/nsw_atlas/vis_flora_module/KAHIBAH.20161124
urn:node:TERN,aekos.org.au/collection/nsw.gov.au/nsw_atlas/vis_flora_module/V_YOWAKDP3.20160804
urn:node:CNORC1,doi:10.6085/AA/HMS001_020MXTI004R00_20030209.50.2
urn:node:CNORC1,doi:10.6085/AA/BBYX00_XXXITBDXLSR01_20060227.50.1
urn:node:CNORC1,doi:10.6085/AA/BBYX00_XXXITBDXLSR01_20031125.50.2
urn:node:CNORC1,doi:10.6085/AA/ANSXXX_015MTBD003R00_20040514.50.1
urn:node:CNORC1,doi:10.6085/AA/ANSXXX_015MTBD003R00_20040514.50.3
urn:node:CNORC1,doi:10.6085/AA/ARGXXX_015MTBD003R00_20080516.50.1
urn:node:CNORC1,doi:10.6085/AA/ANSXXX_015MTBD009R00_20090317.50.1
urn:node:CNORC1,doi:10.6085/AA/ARGXXX_015MTBD009R00_20000322.50.5
urn:node:CNORC1,doi:10.6085/AA/ARGXXX_015MTBD009R00_20000322.50.3
urn:node:CNORC1,doi:10.6085/AA/ALEXXX_015MTBD014R00_20000616.50.6
urn:node:mnUCSB1,doi:10.5063/AA/nceas.936.3
urn:node:mnUCSB1,doi:10.5063/AA/nrs.6.2
urn:node:mnUCSB1,doi:10.5063/AA/obfs.152.2
urn:node:mnUCSB1,doi:10.5063/AA/obfs.330.1
urn:node:mnUCSB1,doi:10.5063/AA/obfs.53.2
urn:node:mnUCSB1,doi:10.5063/AA/jbrunt.5.16
urn:node:mnUCSB1,doi:10.5063/AA/jbrunt.5.4
urn:node:mnUCSB1,doi:10.5063/AA/dpennington.43.1
urn:node:mnUCSB1,doi:10.5063/AA/nceas.317.4
urn:node:mnUCSB1,doi:10.5063/AA/nceas.884.2
urn:node:PPBIO,menger.314.2
urn:node:PPBIO,menger.268.3
urn:node:PPBIO,menger.275.2
urn:node:PPBIO,menger.62.3
urn:node:PPBIO,naman.250.3
urn:node:PPBIO,naman.541.4
urn:node:PPBIO,pezzini.60.20
urn:node:PPBIO,menger.333.3
urn:node:PPBIO,pezzini.97.3
urn:node:PPBIO,menger.93.1
urn:node:NMEPSCOR,9ffb1aae-c7f2-477e-a7d7-7cc055ba13ed-20160620-sajddh-tray16-121-16-Enr-1-Rla_summary_Calc_last.xml
urn:node:NMEPSCOR,dddbf655-1ffd-4973-baf8-fb492b73cb9f-PRISM-AgT-mean-celcius-Torrance.xml
urn:node:NMEPSCOR,b19dd551-b7ba-4ce0-95d4-f59c3434af14-PRISM-T-mean-celcius-Harding.xml
urn:node:NMEPSCOR,be9d823b-95c4-4172-a016-9cfe4d631994-Guard_Column_Test.xml
urn:node:NMEPSCOR,e988e209-cee5-457b-a201-8ffa67e733b1-PRISM-T-max-celcius-Mora.xml
urn:node:NMEPSCOR,6d17a429-ea02-428a-8936-bb0778f98a0b-225_1_Chlor_Neg.xml
urn:node:NMEPSCOR,aekos.org.au/collection/nsw.gov.au/nsw_atlas/vis_flora_module/KWIAMBAL.20160804
urn:node:NMEPSCOR,www.ltern.org.au/knb/metacat/ltern2.467.6/html
urn:node:NMEPSCOR,2428bbfb-50a3-4159-ac2a-d63c1fbe63cb-20160616-sajddh-tray9_11-121-11-Enr-3-CR3000_2_RawData.xml
urn:node:NMEPSCOR,0d9d779f-c79b-4806-9c6a-ca1d3d254c5b-20160621-sajddh-tray4_6-222-4-Pre-4-CR3000_2_RawData.xml
urn:node:TFRI,zoeyeh.56.5
urn:node:TFRI,frog.6.2
urn:node:TFRI,iesn.6.2
urn:node:TFRI,chinmeilee.7.15
urn:node:TFRI,cpwang.3.39
urn:node:TFRI,iesn.23.1
urn:node:TFRI,thchen.127.16
urn:node:TFRI,hylin.3.20
urn:node:TFRI,ttchang.32.1
urn:node:TFRI,iesn.11.5
urn:node:GOA,doi:10.5063/F1Z60KZS
urn:node:GOA,df35l.14.19
urn:node:GOA,doi:10.5063/F1G15XSH
urn:node:GOA,doi:10.5063/F100001W
urn:node:GOA,df35b.273.7
urn:node:GOA,doi:10.5063/F15H7D6G
urn:node:GOA,df35b.298.15
urn:node:GOA,df35j.63.21
urn:node:GOA,df35l.13.9
urn:node:GOA,df35f.22.12
urn:node:IARC,16a868af-5821-46e3-9658-4e83a60d8bf6-PRISM-T-min-celcius-RioArriba.xml
urn:node:IARC,www.ltern.org.au/knb/metacat/ltern2.443.9/html
urn:node:IARC,0887b97f-7327-4a01-933e-e81ae24628e4-20160621-sajddh-tray10_11-121-11-Enr-4-Rla_summary_Calc_last.xml
urn:node:IARC,6444955f-d86d-491a-b1a5-dbc39bb4c697-20160610-sajddh-tray9-222-9-Post-1-Rla_summary_Calc_last.xml
urn:node:IARC,www.supersites.net.au/knb/metacat/lloyd.142.35/html
urn:node:IARC,aekos.org.au/collection/nsw.gov.au/nsw_atlas/vis_flora_module/JTH_DD.20161124
urn:node:IARC,e2dd8f8d-69de-46b3-81e8-aa4102352c04-20160610-sajddh-tray9-222-9-Post-2-Rla_summary_Calc_last.xml
urn:node:IARC,25dad8b3-f22c-4daf-8c3a-01b0d2f94afc-PRISM-Precip-mm-Grant.xml
urn:node:IARC,aekos.org.au/collection/nsw.gov.au/nsw_atlas/vis_flora_module/UMC2.20161124
urn:node:IARC,dcx_6d5698e2-8d07-4ffb-b495-5cfb5b5e54c6_0
urn:node:ESA,esa.57.3
urn:node:ESA,esa.89.3
urn:node:ESA,esa.68.3
urn:node:ESA,esa.97.2
urn:node:ESA,esa.92.2
urn:node:ESA,esa.55.3
urn:node:ESA,esa.105.2
urn:node:ESA,esa.45.3
urn:node:ESA,esa.99.2
urn:node:ESA,esa.8.7
urn:node:SEAD,seadva-EssawyBakinamc8e53366-8745-4009-bb38-786ee49cd6fe
urn:node:SEAD,seadva-0f3e936c-1129-44bd-a417-c700fe0cd1a2
urn:node:SEAD,seadva-065a6921-eac4-4e42-ae92-bd96b7055121
urn:node:SEAD,seadva-LeslieHsu-1e87b62a-e1c3-4cef-8de1-09ccfd5d8c15
urn:node:SEAD,seadva-066a5d98-e937-4458-adc7-3159cc82786d
urn:node:SEAD,seadva-b6a7ed22-7db7-423e-ad97-1ee4a87d3ef9
urn:node:SEAD,seadva-5998224e-3f24-4080-9774-85de9e29e6b2
urn:node:SEAD,seadva-68310235-6afa-4cd8-b6ad-d796006063df
urn:node:SEAD,seadva-20ef8e4e-12fd-4244-be19-7a79c827e85f
urn:node:SEAD,seadva-b84a3c8a-0732-4891-b950-3c48d19c078b
urn:node:NKN,e6b5e98d-c4ef-446d-bdf0-153ca4921466
urn:node:NKN,b5fd0e07-cf13-4a6a-9507-82afb04f6336-PRISM-T-max-celcius-Luna.xml
urn:node:NKN,90b8dd2c-6610-47cc-b3a3-eea8014c19df-PRISM-AgPrecip-mm-Sierra.xml
urn:node:NKN,93d4e16e-a9fc-4efc-86a9-5ff75b75c10e-PRISM-AgT-mean-celcius-Grant.xml
urn:node:NKN,0ca967d2-bbd9-444d-946d-d043aba74fc2-PRISM-AgT-min-celcius-SanMiguel.xml
urn:node:NKN,e4466397-6628-4e89-9a3e-55c81b01da9f-PRISM-T-min-celcius-Bernalillo.xml
urn:node:NKN,c7b19210-0934-4994-a86f-656c4283ec0b-20160607-sajddh-tray1-222-1-Pre-2-Rla_summary_Calc_last.xml
urn:node:NKN,2675fc47-a695-4afe-974f-d83b9bba4cd5-PRISM-Precip-mm-SanMiguel.xml
urn:node:NKN,aekos.org.au/collection/nsw.gov.au/nsw_atlas/vis_flora_module/RTA2005.20160804
urn:node:NKN,aekos.org.au/collection/nsw.gov.au/nsw_atlas/vis_flora_module/MGSCA.20170320
urn:node:mnORC1,doi:10.5063/AA/obfs.111.1
urn:node:mnORC1,doi:10.5063/AA/nrs.9.2
urn:node:mnORC1,doi:10.5063/AA/nrs.63.1
urn:node:mnORC1,doi:10.18739/A2J954
urn:node:mnORC1,doi:10.5063/AA/nceas.974.2
urn:node:mnORC1,doi:10.5063/AA/obfs.265.1
urn:node:mnORC1,doi:10.5063/AA/jbrunt.8.3
urn:node:mnORC1,doi:10.5063/AA/nrs.795.1
urn:node:mnORC1,doi:10.5063/AA/obfs.164.3
urn:node:mnORC1,doi:10.5063/AA/jbrunt.8.4
urn:node:TDAR,doi:10.6067:XCV8T151V1_meta
urn:node:TDAR,doi:10.6067:XCV8XW4HQR_meta
urn:node:TDAR,doi:10.6067:XCV8Q81B1X_meta
urn:node:TDAR,doi:10.6067:XCV86W98D0_meta
urn:node:TDAR,doi:10.6067:XCV8TD9VG8_meta
urn:node:TDAR,doi:10.6067:XCV8J38QG4_meta
urn:node:TDAR,doi:10.6067:XCV8FX780Z_meta
urn:node:TDAR,doi:10.6067:XCV84X56QJ_meta
urn:node:TDAR,doi:10.6067:XCV85Q4T8Z_meta
urn:node:TDAR,doi:10.6067:XCV8708003_meta
urn:node:ONEShare,ark:/90135/q1wd3xjq/2/mrt-eml.xml
urn:node:ONEShare,ark:/90135/q1154f1d/2/mrt-eml.xml
urn:node:ONEShare,ark:/90135/q17p8wct/2/mrt-eml.xml
urn:node:ONEShare,ark:/90135/q1h41pd3/2/mrt-eml.xml
urn:node:ONEShare,ark:/90135/q1k35rmd/2/mrt-eml.xml
urn:node:ONEShare,ark:/90135/q1kk98q9/3/mrt-eml.xml
urn:node:ONEShare,ark:/90135/q1sf2t5k/4/mrt-eml.xml
urn:node:ONEShare,ark:/90135/q1xs5sb7/3/mrt-eml.xml
urn:node:ONEShare,ark:/90135/q1f769jn/3/mrt-eml.xml
urn:node:ONEShare,ark:/90135/q1qn64p0/2/mrt-eml.xml
urn:node:US_MPC,aekos.org.au/collection/sa.gov.au/bdbsa_veg/survey_86.20170328
urn:node:US_MPC,aekos.org.au/collection/sa.gov.au/bdbsa_veg/survey_10.20170328
urn:node:US_MPC,aekos.org.au/collection/sa.gov.au/bdbsa_veg/survey_54.20160801
urn:node:US_MPC,087727ba-22ac-4253-9877-89a9d12692d8-SNSNmetadata8_22_2014_NaturalGas.xml
urn:node:US_MPC,dddbf655-1ffd-4973-baf8-fb492b73cb9f-PRISM-AgT-mean-celcius-Torrance.xml
urn:node:US_MPC,9013f2e1-c42a-4608-86b9-e6446450a37b-Soy_Oil_pos.xml
urn:node:US_MPC,db3f2965-49d1-4b48-8cb4-c8ba6fd881b2-PRISM-AgT-max-celcius-SanMiguel.xml
urn:node:US_MPC,67ec43e7-48af-4db3-bf00-782ab72e9b27-20160610-sajddh-tray10-121-10-Enr-1-CR3000_2_RawData.xml
urn:node:US_MPC,dcx_0f7a5740-df94-487c-b1c2-f9ecfc235f79_2
urn:node:US_MPC,aekos.org.au/collection/nsw.gov.au/nsw_atlas/vis_flora_module/JTH_BMW.20170320
urn:node:GLEON,knb.22.1
urn:node:GLEON,knb.3.2
urn:node:GLEON,gleon.2.3
urn:node:GLEON,knb.11.1
urn:node:GLEON,gleon.1.9
urn:node:GLEON,cgries.27.3
urn:node:GLEON,cgries.27.2
urn:node:GLEON,knb.5.1
urn:node:GLEON,knb.7.1
urn:node:GLEON,knb.9.1
urn:node:mnUNM1,doi:10.5063/AA/obfs.164.3
urn:node:mnUNM1,doi:10.5063/AA/jwalsh.30.1
urn:node:mnUNM1,doi:10.5063/AA/knb.253.1
urn:node:mnUNM1,doi:10.5063/AA/nrs.32.1
urn:node:mnUNM1,doi:10.5063/AA/nrs.168.1
urn:node:mnUNM1,doi:10.5063/AA/obfs.222.1
urn:node:mnUNM1,doi:10.5063/AA/nceas.985.1
urn:node:mnUNM1,doi:10.5063/AA/mob.24.6
urn:node:mnUNM1,esa.1.1
urn:node:mnUNM1,doi:10.5063/AA/knb.249.1
urn:node:EDI,https://pasta.lternet.edu/package/metadata/eml/edi/8/2
urn:node:EDI,https://pasta.lternet.edu/package/metadata/eml/edi/8/3
urn:node:EDI,https://pasta.lternet.edu/package/metadata/eml/edi/6/1
urn:node:EDI,https://pasta.lternet.edu/package/metadata/eml/edi/8/1
urn:node:EDI,https://pasta.lternet.edu/package/metadata/eml/edi/9/3
urn:node:EDI,https://pasta.lternet.edu/package/metadata/eml/edi/3/1
urn:node:EDI,https://pasta.lternet.edu/package/metadata/eml/edi/8/4
urn:node:EDI,https://pasta.lternet.edu/package/metadata/eml/edi/4/3
urn:node:EDI,https://pasta.lternet.edu/package/metadata/eml/edi/16/1
urn:node:EDI,https://pasta.lternet.edu/package/metadata/eml/edi/7/1
urn:node:CNUNM1,knb-lter-sbc.1001.7
urn:node:CNUNM1,knb-lter-sbc.18.18
urn:node:CNUNM1,aceasdata.3.2
urn:node:CNUNM1,usgs_d_GapAnalysisSpeciesRanges.xml
urn:node:CNUNM1,https://pasta.lternet.edu/package/metadata/eml/ecotrends/568/2
urn:node:CNUNM1,doi:10.6085/AA/LBS15X_015MTV2004R00_20090722.50.1
urn:node:CNUNM1,doi:10.6085/AA/FCKX00_XXXIBTNXTSR01_20000911.50.1
urn:node:CNUNM1,ryan_walker.4.1
urn:node:CNUNM1,peggym.1108.100
urn:node:CNUNM1,c1c7d441-d7ac-4d67-8437-0dfda0860ceb
urn:node:IOE,MontanaIOE.112.2
urn:node:IOE,ioe.10.1
urn:node:IOE,ioe.9.1
urn:node:IOE,MontanaIOE.126.2
urn:node:IOE,MontanaIOE.89.3
urn:node:IOE,MontanaIOE.12.8
urn:node:IOE,ioe.5.1
urn:node:IOE,MontanaIOE.92.3
urn:node:IOE,MontanaIOE.118.2
urn:node:IOE,MontanaIOE.100.3
urn:node:EDACGSTORE,9d95ab7c-3743-488a-ad40-f700fb140371
urn:node:EDACGSTORE,bcdd58b6-a071-4406-9ecc-0fe468d60a81
urn:node:EDACGSTORE,20c99341-be22-4fd4-b3a7-b5d66069c418
urn:node:EDACGSTORE,1772d995-2dfb-49c2-a0d1-e726aa48e556
urn:node:EDACGSTORE,eec2f497-fcf4-4a5c-9640-93d4ec0b7dff
urn:node:EDACGSTORE,e03d3f19-1a2e-4ddb-99a2-0d6a2d2fb894
urn:node:EDACGSTORE,6132306c-29e2-4b12-9e47-9389ccfacb4c
urn:node:EDACGSTORE,42af870c-a0d4-4cdc-a405-946d275b0ece
urn:node:EDACGSTORE,522c1dbf-3951-4bf7-bc81-8982eab65d57
urn:node:EDACGSTORE,64379771-0f8c-4ec2-afb9-2e268ef52cc3
urn:node:BCODMO,doi:10.1575/1912/bco-dmo.661339
urn:node:BCODMO,doi:10.1575/1912/bco-dmo.661345
urn:node:BCODMO,doi:10.1575/1912/bco-dmo.661343
urn:node:BCODMO,doi:10.1575/1912/bco-dmo.652124
urn:node:BCODMO,doi:10.1575/1912/bco-dmo.661344
urn:node:BCODMO,doi:10.1575/1912/bco-dmo.649882
urn:node:BCODMO,doi:10.1575/1912/bco-dmo.660079
urn:node:RGD,"North_American_Drought_Atlas_A_History_of_Meteorological_Drought_Reconstructed_from_835_Tree-Ring_Chronologies_for_the_Past_2,005_Years.xml"
urn:node:RGD,North_American_Environmental_Atlas.xml
urn:node:RGD,Area_and_Carbon_Content_of_Sphagnum_Peatlands_in_North_America_and_Eurasia_Since_the_Last_Glacial_Maximum.xml
urn:node:RGD,"Global,_Regional,_and_National_CO2_Emission_Estimates_from_Fossil_Fuel_Burning,_Cement_Production,_and_Gas_Flaring.xml"
urn:node:RGD,Global_Environmental_Monitoring_System_(GEMS)_Global_Water_Quality_Monitoring_Network_Data_and_Statistics_(GEMStat).xml
urn:node:RGD,Grassland_Management_and_Conversion_into_Grassland_(Effects_on_Soil_Carbon).xml
urn:node:RGD,Korea_Flux_Network_(KoFlux).xml
urn:node:RGD,National_Water_Information_System_(NWISWeb).xml
urn:node:EDORA,"Walker_Branch_Watershed_Vegetation_Inventory,_1967-2006.xml"
urn:node:KUBI,kubi.lifemapper.sdm.layers.615.eml
